{"event": "hyperparameters_configured", "timestamp": 1782398966.017188, "block_size": 256, "batch_size": 64, "train_batch_size": 32, "vocab_size": 24000, "n_layer": 8, "n_head": 9, "d_model": 576, "dropout": 0.1, "qk_norm": true, "weight_decay": 0.1, "beta1": 0.9, "beta2": 0.95, "evals_per_epoch": 3, "gradient_accumulation_steps": 1, "epochs": 7, "seed": 1337, "num_titles": 100000, "val_frac": 0.1, "log_file": "./logs/mainrun.log", "run_tag": "v8_jeremy_dropout01", "muon_lr": 0.02, "adamw_lr": 0.0005, "muon_momentum": 0.95, "wsd_warmup_pct": 0.05, "wsd_decay_pct": 0.2, "rope_theta": 1000.0, "label_smoothing": 0.0, "use_ema": true, "ema_target_decay": 0.999, "domain_tokens": true}
{"event": "device_info", "timestamp": 1782398966.023668, "device": "mps"}
{"event": "dataset_info", "timestamp": 1782398974.289792, "titles_count": 90000, "epochs": 7, "batches_per_epoch": 125, "opt_steps_per_epoch": 125, "tokens_per_epoch": 1028505, "vocab_size": 24000}
{"event": "model_info", "timestamp": 1782398974.915505, "parameters_count": 45685312}
{"event": "optimizer_info", "timestamp": 1782398975.50128, "muon_params": 40, "adamw_params": 34, "muon_lr": 0.02, "adamw_lr": 0.0005}
{"event": "training_step", "timestamp": 1782398976.701885, "step": 1, "max_steps": 875, "loss": 10.20373821258545, "lr": 0.0009302325581395349, "adamw_lr": 2.325581395348837e-05, "elapsed_time": 1.2002019882202148, "prnt": false}
{"event": "validation_step", "timestamp": 1782398981.041687, "step": 1, "max_steps": 875, "loss": 1.7801557476419703, "ema": true, "elapsed_time": 1.2002019882202148}
{"event": "training_step", "timestamp": 1782398982.033334, "step": 2, "max_steps": 875, "loss": 10.194669723510742, "lr": 0.0013953488372093023, "adamw_lr": 3.4883720930232556e-05, "elapsed_time": 6.531649827957153, "prnt": false}
{"event": "training_step", "timestamp": 1782398983.133014, "step": 3, "max_steps": 875, "loss": 10.165244102478027, "lr": 0.0018604651162790699, "adamw_lr": 4.651162790697674e-05, "elapsed_time": 7.631332874298096, "prnt": false}
{"event": "training_step", "timestamp": 1782398984.179996, "step": 4, "max_steps": 875, "loss": 10.133541107177734, "lr": 0.002325581395348837, "adamw_lr": 5.8139534883720933e-05, "elapsed_time": 8.678314924240112, "prnt": false}
{"event": "training_step", "timestamp": 1782398985.178349, "step": 5, "max_steps": 875, "loss": 10.072096824645996, "lr": 0.0027906976744186047, "adamw_lr": 6.976744186046511e-05, "elapsed_time": 9.676667928695679, "prnt": false}
{"event": "training_step", "timestamp": 1782398986.229003, "step": 6, "max_steps": 875, "loss": 10.001643180847168, "lr": 0.0032558139534883722, "adamw_lr": 8.139534883720931e-05, "elapsed_time": 10.727321863174438, "prnt": false}
{"event": "training_step", "timestamp": 1782398987.346747, "step": 7, "max_steps": 875, "loss": 9.91148853302002, "lr": 0.0037209302325581397, "adamw_lr": 9.302325581395348e-05, "elapsed_time": 11.845064878463745, "prnt": false}
{"event": "training_step", "timestamp": 1782398988.609298, "step": 8, "max_steps": 875, "loss": 9.809468269348145, "lr": 0.004186046511627907, "adamw_lr": 0.00010465116279069768, "elapsed_time": 13.107616662979126, "prnt": false}
{"event": "training_step", "timestamp": 1782398989.919106, "step": 9, "max_steps": 875, "loss": 9.698189735412598, "lr": 0.004651162790697674, "adamw_lr": 0.00011627906976744187, "elapsed_time": 14.417423725128174, "prnt": false}
{"event": "training_step", "timestamp": 1782398991.199043, "step": 10, "max_steps": 875, "loss": 9.554682731628418, "lr": 0.005116279069767442, "adamw_lr": 0.00012790697674418605, "elapsed_time": 15.697361946105957, "prnt": false}
{"event": "training_step", "timestamp": 1782398992.43601, "step": 11, "max_steps": 875, "loss": 9.403739929199219, "lr": 0.005581395348837209, "adamw_lr": 0.00013953488372093022, "elapsed_time": 16.934327840805054, "prnt": false}
{"event": "training_step", "timestamp": 1782398993.662933, "step": 12, "max_steps": 875, "loss": 9.29460334777832, "lr": 0.0060465116279069765, "adamw_lr": 0.00015116279069767442, "elapsed_time": 18.161248683929443, "prnt": false}
{"event": "training_step", "timestamp": 1782398994.8952022, "step": 13, "max_steps": 875, "loss": 9.144110679626465, "lr": 0.0065116279069767444, "adamw_lr": 0.00016279069767441862, "elapsed_time": 19.393520832061768, "prnt": false}
{"event": "training_step", "timestamp": 1782398996.128892, "step": 14, "max_steps": 875, "loss": 8.992042541503906, "lr": 0.0069767441860465115, "adamw_lr": 0.0001744186046511628, "elapsed_time": 20.627209901809692, "prnt": false}
{"event": "training_step", "timestamp": 1782398997.371295, "step": 15, "max_steps": 875, "loss": 8.87721061706543, "lr": 0.0074418604651162795, "adamw_lr": 0.00018604651162790697, "elapsed_time": 21.86961269378662, "prnt": false}
{"event": "training_step", "timestamp": 1782398998.660368, "step": 16, "max_steps": 875, "loss": 8.795572280883789, "lr": 0.007906976744186046, "adamw_lr": 0.00019767441860465116, "elapsed_time": 23.15868592262268, "prnt": false}
{"event": "training_step", "timestamp": 1782398999.94768, "step": 17, "max_steps": 875, "loss": 8.660884857177734, "lr": 0.008372093023255815, "adamw_lr": 0.00020930232558139536, "elapsed_time": 24.445997714996338, "prnt": false}
{"event": "training_step", "timestamp": 1782399001.24429, "step": 18, "max_steps": 875, "loss": 8.546819686889648, "lr": 0.008837209302325582, "adamw_lr": 0.00022093023255813954, "elapsed_time": 25.742608785629272, "prnt": false}
{"event": "training_step", "timestamp": 1782399002.3337111, "step": 19, "max_steps": 875, "loss": 8.447872161865234, "lr": 0.009302325581395349, "adamw_lr": 0.00023255813953488373, "elapsed_time": 26.83202886581421, "prnt": false}
{"event": "training_step", "timestamp": 1782399003.4759822, "step": 20, "max_steps": 875, "loss": 8.358494758605957, "lr": 0.009767441860465116, "adamw_lr": 0.0002441860465116279, "elapsed_time": 27.974300861358643, "prnt": false}
{"event": "training_step", "timestamp": 1782399004.460001, "step": 21, "max_steps": 875, "loss": 8.252384185791016, "lr": 0.010232558139534885, "adamw_lr": 0.0002558139534883721, "elapsed_time": 28.95831871032715, "prnt": false}
{"event": "training_step", "timestamp": 1782399005.4458082, "step": 22, "max_steps": 875, "loss": 8.090386390686035, "lr": 0.01069767441860465, "adamw_lr": 0.00026744186046511625, "elapsed_time": 29.944126844406128, "prnt": false}
{"event": "training_step", "timestamp": 1782399006.429218, "step": 23, "max_steps": 875, "loss": 8.031997680664062, "lr": 0.011162790697674419, "adamw_lr": 0.00027906976744186045, "elapsed_time": 30.927536725997925, "prnt": false}
{"event": "training_step", "timestamp": 1782399007.417501, "step": 24, "max_steps": 875, "loss": 7.956347465515137, "lr": 0.011627906976744188, "adamw_lr": 0.00029069767441860465, "elapsed_time": 31.91581892967224, "prnt": false}
{"event": "training_step", "timestamp": 1782399008.414861, "step": 25, "max_steps": 875, "loss": 7.8592000007629395, "lr": 0.012093023255813953, "adamw_lr": 0.00030232558139534885, "elapsed_time": 32.913179874420166, "prnt": false}
{"event": "training_step", "timestamp": 1782399009.6258109, "step": 26, "max_steps": 875, "loss": 7.776480674743652, "lr": 0.012558139534883722, "adamw_lr": 0.00031395348837209304, "elapsed_time": 34.12412977218628, "prnt": false}
{"event": "training_step", "timestamp": 1782399010.769463, "step": 27, "max_steps": 875, "loss": 7.646738529205322, "lr": 0.013023255813953489, "adamw_lr": 0.00032558139534883724, "elapsed_time": 35.26778173446655, "prnt": false}
{"event": "training_step", "timestamp": 1782399011.9863849, "step": 28, "max_steps": 875, "loss": 7.598014831542969, "lr": 0.013488372093023256, "adamw_lr": 0.0003372093023255814, "elapsed_time": 36.484702825546265, "prnt": false}
{"event": "training_step", "timestamp": 1782399013.2009, "step": 29, "max_steps": 875, "loss": 7.5015974044799805, "lr": 0.013953488372093023, "adamw_lr": 0.0003488372093023256, "elapsed_time": 37.69921684265137, "prnt": false}
{"event": "training_step", "timestamp": 1782399014.4234922, "step": 30, "max_steps": 875, "loss": 7.38985538482666, "lr": 0.01441860465116279, "adamw_lr": 0.00036046511627906973, "elapsed_time": 38.921809911727905, "prnt": false}
{"event": "training_step", "timestamp": 1782399015.4280808, "step": 31, "max_steps": 875, "loss": 7.322548866271973, "lr": 0.014883720930232559, "adamw_lr": 0.00037209302325581393, "elapsed_time": 39.92639899253845, "prnt": false}
{"event": "training_step", "timestamp": 1782399016.532419, "step": 32, "max_steps": 875, "loss": 7.273111343383789, "lr": 0.015348837209302326, "adamw_lr": 0.0003837209302325582, "elapsed_time": 41.03073692321777, "prnt": false}
{"event": "training_step", "timestamp": 1782399017.675951, "step": 33, "max_steps": 875, "loss": 7.191547393798828, "lr": 0.01581395348837209, "adamw_lr": 0.00039534883720930233, "elapsed_time": 42.17426896095276, "prnt": false}
{"event": "training_step", "timestamp": 1782399018.747936, "step": 34, "max_steps": 875, "loss": 7.183788299560547, "lr": 0.01627906976744186, "adamw_lr": 0.00040697674418604653, "elapsed_time": 43.24625372886658, "prnt": false}
{"event": "training_step", "timestamp": 1782399019.986275, "step": 35, "max_steps": 875, "loss": 7.117484092712402, "lr": 0.01674418604651163, "adamw_lr": 0.0004186046511627907, "elapsed_time": 44.4845929145813, "prnt": false}
{"event": "training_step", "timestamp": 1782399021.14513, "step": 36, "max_steps": 875, "loss": 7.166494369506836, "lr": 0.017209302325581394, "adamw_lr": 0.00043023255813953487, "elapsed_time": 45.64344763755798, "prnt": false}
{"event": "training_step", "timestamp": 1782399022.2192068, "step": 37, "max_steps": 875, "loss": 7.052367687225342, "lr": 0.017674418604651163, "adamw_lr": 0.00044186046511627907, "elapsed_time": 46.71752595901489, "prnt": false}
{"event": "training_step", "timestamp": 1782399023.245523, "step": 38, "max_steps": 875, "loss": 7.043073654174805, "lr": 0.01813953488372093, "adamw_lr": 0.0004534883720930232, "elapsed_time": 47.74384164810181, "prnt": false}
{"event": "training_step", "timestamp": 1782399024.294053, "step": 39, "max_steps": 875, "loss": 6.9679975509643555, "lr": 0.018604651162790697, "adamw_lr": 0.00046511627906976747, "elapsed_time": 48.79237079620361, "prnt": false}
{"event": "training_step", "timestamp": 1782399025.3850229, "step": 40, "max_steps": 875, "loss": 6.977166652679443, "lr": 0.019069767441860466, "adamw_lr": 0.00047674418604651167, "elapsed_time": 49.88334083557129, "prnt": false}
{"event": "training_step", "timestamp": 1782399026.446039, "step": 41, "max_steps": 875, "loss": 6.976400375366211, "lr": 0.01953488372093023, "adamw_lr": 0.0004883720930232558, "elapsed_time": 50.94435667991638, "prnt": false}
{"event": "validation_step", "timestamp": 1782399030.629526, "step": 41, "max_steps": 875, "loss": 1.2206338703660942, "ema": true, "elapsed_time": 50.94435667991638}
{"event": "training_step", "timestamp": 1782399031.80668, "step": 42, "max_steps": 875, "loss": 6.952063083648682, "lr": 0.02, "adamw_lr": 0.0005, "elapsed_time": 56.30499792098999, "prnt": false}
{"event": "training_step", "timestamp": 1782399032.9403389, "step": 43, "max_steps": 875, "loss": 6.872185707092285, "lr": 0.02, "adamw_lr": 0.0005, "elapsed_time": 57.43865704536438, "prnt": false}
{"event": "training_step", "timestamp": 1782399034.071193, "step": 44, "max_steps": 875, "loss": 6.8947882652282715, "lr": 0.02, "adamw_lr": 0.0005, "elapsed_time": 58.56951093673706, "prnt": false}
{"event": "training_step", "timestamp": 1782399035.2252648, "step": 45, "max_steps": 875, "loss": 6.856222152709961, "lr": 0.02, "adamw_lr": 0.0005, "elapsed_time": 59.723583936691284, "prnt": false}
{"event": "training_step", "timestamp": 1782399036.420518, "step": 46, "max_steps": 875, "loss": 6.854851722717285, "lr": 0.02, "adamw_lr": 0.0005, "elapsed_time": 60.91883683204651, "prnt": false}
{"event": "training_step", "timestamp": 1782399037.413207, "step": 47, "max_steps": 875, "loss": 6.82701301574707, "lr": 0.02, "adamw_lr": 0.0005, "elapsed_time": 61.91152477264404, "prnt": false}
{"event": "training_step", "timestamp": 1782399038.455631, "step": 48, "max_steps": 875, "loss": 6.795560836791992, "lr": 0.02, "adamw_lr": 0.0005, "elapsed_time": 62.95394778251648, "prnt": false}
{"event": "training_step", "timestamp": 1782399039.4689522, "step": 49, "max_steps": 875, "loss": 6.802737236022949, "lr": 0.02, "adamw_lr": 0.0005, "elapsed_time": 63.967270851135254, "prnt": false}
{"event": "training_step", "timestamp": 1782399040.45611, "step": 50, "max_steps": 875, "loss": 6.786365509033203, "lr": 0.02, "adamw_lr": 0.0005, "elapsed_time": 64.95442771911621, "prnt": false}
{"event": "training_step", "timestamp": 1782399041.445547, "step": 51, "max_steps": 875, "loss": 6.771607398986816, "lr": 0.02, "adamw_lr": 0.0005, "elapsed_time": 65.94386577606201, "prnt": false}
{"event": "training_step", "timestamp": 1782399042.4302132, "step": 52, "max_steps": 875, "loss": 6.7449846267700195, "lr": 0.02, "adamw_lr": 0.0005, "elapsed_time": 66.92853093147278, "prnt": false}
{"event": "training_step", "timestamp": 1782399043.417141, "step": 53, "max_steps": 875, "loss": 6.750010967254639, "lr": 0.02, "adamw_lr": 0.0005, "elapsed_time": 67.91545987129211, "prnt": false}
{"event": "training_step", "timestamp": 1782399044.498483, "step": 54, "max_steps": 875, "loss": 6.762887954711914, "lr": 0.02, "adamw_lr": 0.0005, "elapsed_time": 68.99680089950562, "prnt": false}
{"event": "training_step", "timestamp": 1782399045.6151738, "step": 55, "max_steps": 875, "loss": 6.673969268798828, "lr": 0.02, "adamw_lr": 0.0005, "elapsed_time": 70.11349081993103, "prnt": false}
{"event": "training_step", "timestamp": 1782399046.677428, "step": 56, "max_steps": 875, "loss": 6.795026779174805, "lr": 0.02, "adamw_lr": 0.0005, "elapsed_time": 71.17574667930603, "prnt": false}
{"event": "training_step", "timestamp": 1782399047.680835, "step": 57, "max_steps": 875, "loss": 6.633094787597656, "lr": 0.02, "adamw_lr": 0.0005, "elapsed_time": 72.17915391921997, "prnt": false}
{"event": "training_step", "timestamp": 1782399048.7020822, "step": 58, "max_steps": 875, "loss": 6.6751322746276855, "lr": 0.02, "adamw_lr": 0.0005, "elapsed_time": 73.20039868354797, "prnt": false}
{"event": "training_step", "timestamp": 1782399049.913013, "step": 59, "max_steps": 875, "loss": 6.5988383293151855, "lr": 0.02, "adamw_lr": 0.0005, "elapsed_time": 74.41133069992065, "prnt": false}
{"event": "training_step", "timestamp": 1782399050.965164, "step": 60, "max_steps": 875, "loss": 6.633906364440918, "lr": 0.02, "adamw_lr": 0.0005, "elapsed_time": 75.46348166465759, "prnt": false}
{"event": "training_step", "timestamp": 1782399052.071332, "step": 61, "max_steps": 875, "loss": 6.62404203414917, "lr": 0.02, "adamw_lr": 0.0005, "elapsed_time": 76.56964993476868, "prnt": false}
{"event": "training_step", "timestamp": 1782399053.303655, "step": 62, "max_steps": 875, "loss": 6.615562438964844, "lr": 0.02, "adamw_lr": 0.0005, "elapsed_time": 77.80197381973267, "prnt": false}
{"event": "training_step", "timestamp": 1782399054.39495, "step": 63, "max_steps": 875, "loss": 6.691749572753906, "lr": 0.02, "adamw_lr": 0.0005, "elapsed_time": 78.89327001571655, "prnt": false}
{"event": "training_step", "timestamp": 1782399055.3914518, "step": 64, "max_steps": 875, "loss": 6.546422004699707, "lr": 0.02, "adamw_lr": 0.0005, "elapsed_time": 79.88976883888245, "prnt": false}
{"event": "training_step", "timestamp": 1782399056.5804548, "step": 65, "max_steps": 875, "loss": 6.560561180114746, "lr": 0.02, "adamw_lr": 0.0005, "elapsed_time": 81.07877397537231, "prnt": false}
{"event": "training_step", "timestamp": 1782399057.7478762, "step": 66, "max_steps": 875, "loss": 6.57761812210083, "lr": 0.02, "adamw_lr": 0.0005, "elapsed_time": 82.24619388580322, "prnt": false}
{"event": "training_step", "timestamp": 1782399058.9190478, "step": 67, "max_steps": 875, "loss": 6.5907182693481445, "lr": 0.02, "adamw_lr": 0.0005, "elapsed_time": 83.41736602783203, "prnt": false}
{"event": "training_step", "timestamp": 1782399060.127703, "step": 68, "max_steps": 875, "loss": 6.528414726257324, "lr": 0.02, "adamw_lr": 0.0005, "elapsed_time": 84.62602186203003, "prnt": false}
{"event": "training_step", "timestamp": 1782399061.360868, "step": 69, "max_steps": 875, "loss": 6.552450180053711, "lr": 0.02, "adamw_lr": 0.0005, "elapsed_time": 85.85918474197388, "prnt": false}
{"event": "training_step", "timestamp": 1782399062.433289, "step": 70, "max_steps": 875, "loss": 6.522487640380859, "lr": 0.02, "adamw_lr": 0.0005, "elapsed_time": 86.93160676956177, "prnt": false}
{"event": "training_step", "timestamp": 1782399063.5342588, "step": 71, "max_steps": 875, "loss": 6.505638122558594, "lr": 0.02, "adamw_lr": 0.0005, "elapsed_time": 88.03257584571838, "prnt": false}
{"event": "training_step", "timestamp": 1782399064.544545, "step": 72, "max_steps": 875, "loss": 6.559351921081543, "lr": 0.02, "adamw_lr": 0.0005, "elapsed_time": 89.0428626537323, "prnt": false}
{"event": "training_step", "timestamp": 1782399065.8069649, "step": 73, "max_steps": 875, "loss": 6.515776634216309, "lr": 0.02, "adamw_lr": 0.0005, "elapsed_time": 90.30528163909912, "prnt": false}
{"event": "training_step", "timestamp": 1782399067.02986, "step": 74, "max_steps": 875, "loss": 6.573644161224365, "lr": 0.02, "adamw_lr": 0.0005, "elapsed_time": 91.52817893028259, "prnt": false}
{"event": "training_step", "timestamp": 1782399068.109899, "step": 75, "max_steps": 875, "loss": 6.532616138458252, "lr": 0.02, "adamw_lr": 0.0005, "elapsed_time": 92.60821771621704, "prnt": false}
{"event": "training_step", "timestamp": 1782399069.106105, "step": 76, "max_steps": 875, "loss": 6.460317611694336, "lr": 0.02, "adamw_lr": 0.0005, "elapsed_time": 93.6044237613678, "prnt": false}
{"event": "training_step", "timestamp": 1782399070.093889, "step": 77, "max_steps": 875, "loss": 6.515748977661133, "lr": 0.02, "adamw_lr": 0.0005, "elapsed_time": 94.59220790863037, "prnt": false}
{"event": "training_step", "timestamp": 1782399071.082627, "step": 78, "max_steps": 875, "loss": 6.481325149536133, "lr": 0.02, "adamw_lr": 0.0005, "elapsed_time": 95.58094573020935, "prnt": false}
{"event": "training_step", "timestamp": 1782399072.073745, "step": 79, "max_steps": 875, "loss": 6.463059902191162, "lr": 0.02, "adamw_lr": 0.0005, "elapsed_time": 96.57206296920776, "prnt": false}
{"event": "training_step", "timestamp": 1782399073.259058, "step": 80, "max_steps": 875, "loss": 6.445626735687256, "lr": 0.02, "adamw_lr": 0.0005, "elapsed_time": 97.75737380981445, "prnt": false}
{"event": "training_step", "timestamp": 1782399074.522045, "step": 81, "max_steps": 875, "loss": 6.502130508422852, "lr": 0.02, "adamw_lr": 0.0005, "elapsed_time": 99.0203628540039, "prnt": false}
{"event": "training_step", "timestamp": 1782399075.708416, "step": 82, "max_steps": 875, "loss": 6.501638889312744, "lr": 0.02, "adamw_lr": 0.0005, "elapsed_time": 100.20673274993896, "prnt": false}
{"event": "validation_step", "timestamp": 1782399079.929462, "step": 82, "max_steps": 875, "loss": 1.1299062339023394, "ema": true, "elapsed_time": 100.20673274993896}
{"event": "training_step", "timestamp": 1782399080.995668, "step": 83, "max_steps": 875, "loss": 6.4454169273376465, "lr": 0.02, "adamw_lr": 0.0005, "elapsed_time": 105.49398469924927, "prnt": false}
{"event": "training_step", "timestamp": 1782399082.209158, "step": 84, "max_steps": 875, "loss": 6.410476207733154, "lr": 0.02, "adamw_lr": 0.0005, "elapsed_time": 106.70747590065002, "prnt": false}
{"event": "training_step", "timestamp": 1782399083.2694988, "step": 85, "max_steps": 875, "loss": 6.416141510009766, "lr": 0.02, "adamw_lr": 0.0005, "elapsed_time": 107.76781678199768, "prnt": false}
{"event": "training_step", "timestamp": 1782399084.404392, "step": 86, "max_steps": 875, "loss": 6.358425140380859, "lr": 0.02, "adamw_lr": 0.0005, "elapsed_time": 108.9027099609375, "prnt": false}
{"event": "training_step", "timestamp": 1782399085.482205, "step": 87, "max_steps": 875, "loss": 6.384775638580322, "lr": 0.02, "adamw_lr": 0.0005, "elapsed_time": 109.98052191734314, "prnt": false}
{"event": "training_step", "timestamp": 1782399086.6502788, "step": 88, "max_steps": 875, "loss": 6.3961501121521, "lr": 0.02, "adamw_lr": 0.0005, "elapsed_time": 111.14859700202942, "prnt": false}
{"event": "training_step", "timestamp": 1782399087.7243059, "step": 89, "max_steps": 875, "loss": 6.388521671295166, "lr": 0.02, "adamw_lr": 0.0005, "elapsed_time": 112.22262287139893, "prnt": false}
{"event": "training_step", "timestamp": 1782399088.7340422, "step": 90, "max_steps": 875, "loss": 6.370660305023193, "lr": 0.02, "adamw_lr": 0.0005, "elapsed_time": 113.23236083984375, "prnt": false}
{"event": "training_step", "timestamp": 1782399089.914419, "step": 91, "max_steps": 875, "loss": 6.4069600105285645, "lr": 0.02, "adamw_lr": 0.0005, "elapsed_time": 114.41273760795593, "prnt": false}
{"event": "training_step", "timestamp": 1782399091.012506, "step": 92, "max_steps": 875, "loss": 6.37545919418335, "lr": 0.02, "adamw_lr": 0.0005, "elapsed_time": 115.51082277297974, "prnt": false}
{"event": "training_step", "timestamp": 1782399092.253506, "step": 93, "max_steps": 875, "loss": 6.368503570556641, "lr": 0.02, "adamw_lr": 0.0005, "elapsed_time": 116.75182390213013, "prnt": false}
{"event": "training_step", "timestamp": 1782399093.4761379, "step": 94, "max_steps": 875, "loss": 6.344605445861816, "lr": 0.02, "adamw_lr": 0.0005, "elapsed_time": 117.97445678710938, "prnt": false}
{"event": "training_step", "timestamp": 1782399094.509908, "step": 95, "max_steps": 875, "loss": 6.392646312713623, "lr": 0.02, "adamw_lr": 0.0005, "elapsed_time": 119.0082266330719, "prnt": false}
{"event": "training_step", "timestamp": 1782399095.6998641, "step": 96, "max_steps": 875, "loss": 6.338944435119629, "lr": 0.02, "adamw_lr": 0.0005, "elapsed_time": 120.19818186759949, "prnt": false}
{"event": "training_step", "timestamp": 1782399096.861699, "step": 97, "max_steps": 875, "loss": 6.350688457489014, "lr": 0.02, "adamw_lr": 0.0005, "elapsed_time": 121.36001777648926, "prnt": false}
{"event": "training_step", "timestamp": 1782399097.872061, "step": 98, "max_steps": 875, "loss": 6.315464973449707, "lr": 0.02, "adamw_lr": 0.0005, "elapsed_time": 122.37037968635559, "prnt": false}
{"event": "training_step", "timestamp": 1782399098.900286, "step": 99, "max_steps": 875, "loss": 6.324886798858643, "lr": 0.02, "adamw_lr": 0.0005, "elapsed_time": 123.39860367774963, "prnt": false}
{"event": "training_step", "timestamp": 1782399100.031502, "step": 100, "max_steps": 875, "loss": 6.307726860046387, "lr": 0.02, "adamw_lr": 0.0005, "elapsed_time": 124.52981972694397, "prnt": false}
{"event": "training_step", "timestamp": 1782399101.094559, "step": 101, "max_steps": 875, "loss": 6.374245643615723, "lr": 0.02, "adamw_lr": 0.0005, "elapsed_time": 125.59287786483765, "prnt": false}
{"event": "training_step", "timestamp": 1782399102.324894, "step": 102, "max_steps": 875, "loss": 6.301098346710205, "lr": 0.02, "adamw_lr": 0.0005, "elapsed_time": 126.82321095466614, "prnt": false}
{"event": "training_step", "timestamp": 1782399103.5035741, "step": 103, "max_steps": 875, "loss": 6.418415069580078, "lr": 0.02, "adamw_lr": 0.0005, "elapsed_time": 128.00189185142517, "prnt": false}
{"event": "training_step", "timestamp": 1782399104.68693, "step": 104, "max_steps": 875, "loss": 6.321084976196289, "lr": 0.02, "adamw_lr": 0.0005, "elapsed_time": 129.1852478981018, "prnt": false}
{"event": "training_step", "timestamp": 1782399105.895055, "step": 105, "max_steps": 875, "loss": 6.339509010314941, "lr": 0.02, "adamw_lr": 0.0005, "elapsed_time": 130.39337182044983, "prnt": false}
{"event": "training_step", "timestamp": 1782399107.0840151, "step": 106, "max_steps": 875, "loss": 6.254721164703369, "lr": 0.02, "adamw_lr": 0.0005, "elapsed_time": 131.58233284950256, "prnt": false}
{"event": "training_step", "timestamp": 1782399108.3408582, "step": 107, "max_steps": 875, "loss": 6.338675022125244, "lr": 0.02, "adamw_lr": 0.0005, "elapsed_time": 132.83917593955994, "prnt": false}
{"event": "training_step", "timestamp": 1782399109.4464152, "step": 108, "max_steps": 875, "loss": 6.3015546798706055, "lr": 0.02, "adamw_lr": 0.0005, "elapsed_time": 133.9447329044342, "prnt": false}
{"event": "training_step", "timestamp": 1782399110.511557, "step": 109, "max_steps": 875, "loss": 6.294308662414551, "lr": 0.02, "adamw_lr": 0.0005, "elapsed_time": 135.00987577438354, "prnt": false}
{"event": "training_step", "timestamp": 1782399111.7383249, "step": 110, "max_steps": 875, "loss": 6.2244133949279785, "lr": 0.02, "adamw_lr": 0.0005, "elapsed_time": 136.2366428375244, "prnt": false}
{"event": "training_step", "timestamp": 1782399112.9612648, "step": 111, "max_steps": 875, "loss": 6.270424842834473, "lr": 0.02, "adamw_lr": 0.0005, "elapsed_time": 137.45958399772644, "prnt": false}
{"event": "training_step", "timestamp": 1782399114.208065, "step": 112, "max_steps": 875, "loss": 6.274717330932617, "lr": 0.02, "adamw_lr": 0.0005, "elapsed_time": 138.70638179779053, "prnt": false}
{"event": "training_step", "timestamp": 1782399115.519865, "step": 113, "max_steps": 875, "loss": 6.245641708374023, "lr": 0.02, "adamw_lr": 0.0005, "elapsed_time": 140.0181827545166, "prnt": false}
{"event": "training_step", "timestamp": 1782399116.5232892, "step": 114, "max_steps": 875, "loss": 6.270064353942871, "lr": 0.02, "adamw_lr": 0.0005, "elapsed_time": 141.02160692214966, "prnt": false}
{"event": "training_step", "timestamp": 1782399117.510496, "step": 115, "max_steps": 875, "loss": 6.287683486938477, "lr": 0.02, "adamw_lr": 0.0005, "elapsed_time": 142.00881385803223, "prnt": false}
{"event": "training_step", "timestamp": 1782399118.713065, "step": 116, "max_steps": 875, "loss": 6.277402877807617, "lr": 0.02, "adamw_lr": 0.0005, "elapsed_time": 143.21138191223145, "prnt": false}
{"event": "training_step", "timestamp": 1782399119.857926, "step": 117, "max_steps": 875, "loss": 6.278645992279053, "lr": 0.02, "adamw_lr": 0.0005, "elapsed_time": 144.35624384880066, "prnt": false}
{"event": "training_step", "timestamp": 1782399121.058123, "step": 118, "max_steps": 875, "loss": 6.283403396606445, "lr": 0.02, "adamw_lr": 0.0005, "elapsed_time": 145.55643963813782, "prnt": false}
{"event": "training_step", "timestamp": 1782399122.271214, "step": 119, "max_steps": 875, "loss": 6.23735237121582, "lr": 0.02, "adamw_lr": 0.0005, "elapsed_time": 146.76953172683716, "prnt": false}
{"event": "training_step", "timestamp": 1782399123.339945, "step": 120, "max_steps": 875, "loss": 6.275357246398926, "lr": 0.02, "adamw_lr": 0.0005, "elapsed_time": 147.83826279640198, "prnt": false}
{"event": "training_step", "timestamp": 1782399124.350498, "step": 121, "max_steps": 875, "loss": 6.190786838531494, "lr": 0.02, "adamw_lr": 0.0005, "elapsed_time": 148.84881687164307, "prnt": false}
{"event": "training_step", "timestamp": 1782399125.524071, "step": 122, "max_steps": 875, "loss": 6.22554874420166, "lr": 0.02, "adamw_lr": 0.0005, "elapsed_time": 150.02238988876343, "prnt": false}
{"event": "training_step", "timestamp": 1782399126.589899, "step": 123, "max_steps": 875, "loss": 6.265442371368408, "lr": 0.02, "adamw_lr": 0.0005, "elapsed_time": 151.08821773529053, "prnt": false}
{"event": "validation_step", "timestamp": 1782399130.655096, "step": 123, "max_steps": 875, "loss": 1.0864251342211841, "ema": true, "elapsed_time": 151.08821773529053}
{"event": "training_step", "timestamp": 1782399131.618145, "step": 124, "max_steps": 875, "loss": 6.213468074798584, "lr": 0.02, "adamw_lr": 0.0005, "elapsed_time": 156.11645889282227, "prnt": false}
{"event": "training_step", "timestamp": 1782399132.873896, "step": 125, "max_steps": 875, "loss": 6.174045562744141, "lr": 0.02, "adamw_lr": 0.0005, "elapsed_time": 157.3722128868103, "prnt": false}
{"event": "training_step", "timestamp": 1782399134.108236, "step": 126, "max_steps": 875, "loss": 6.139455318450928, "lr": 0.02, "adamw_lr": 0.0005, "elapsed_time": 158.6065537929535, "prnt": false}
{"event": "training_step", "timestamp": 1782399135.230947, "step": 127, "max_steps": 875, "loss": 6.154778480529785, "lr": 0.02, "adamw_lr": 0.0005, "elapsed_time": 159.72926473617554, "prnt": false}
{"event": "training_step", "timestamp": 1782399136.2494988, "step": 128, "max_steps": 875, "loss": 6.176523208618164, "lr": 0.02, "adamw_lr": 0.0005, "elapsed_time": 160.74781799316406, "prnt": false}
{"event": "training_step", "timestamp": 1782399137.323833, "step": 129, "max_steps": 875, "loss": 6.120853424072266, "lr": 0.02, "adamw_lr": 0.0005, "elapsed_time": 161.82215189933777, "prnt": false}
{"event": "training_step", "timestamp": 1782399138.400613, "step": 130, "max_steps": 875, "loss": 6.2053117752075195, "lr": 0.02, "adamw_lr": 0.0005, "elapsed_time": 162.89893198013306, "prnt": false}
{"event": "training_step", "timestamp": 1782399139.576086, "step": 131, "max_steps": 875, "loss": 6.139931678771973, "lr": 0.02, "adamw_lr": 0.0005, "elapsed_time": 164.07440376281738, "prnt": false}
{"event": "training_step", "timestamp": 1782399140.8228, "step": 132, "max_steps": 875, "loss": 6.253013610839844, "lr": 0.02, "adamw_lr": 0.0005, "elapsed_time": 165.3211178779602, "prnt": false}
{"event": "training_step", "timestamp": 1782399142.025028, "step": 133, "max_steps": 875, "loss": 6.159110069274902, "lr": 0.02, "adamw_lr": 0.0005, "elapsed_time": 166.52334594726562, "prnt": false}
{"event": "training_step", "timestamp": 1782399143.135276, "step": 134, "max_steps": 875, "loss": 6.215183258056641, "lr": 0.02, "adamw_lr": 0.0005, "elapsed_time": 167.63359475135803, "prnt": false}
{"event": "training_step", "timestamp": 1782399144.325453, "step": 135, "max_steps": 875, "loss": 6.139411926269531, "lr": 0.02, "adamw_lr": 0.0005, "elapsed_time": 168.82376980781555, "prnt": false}
{"event": "training_step", "timestamp": 1782399145.536671, "step": 136, "max_steps": 875, "loss": 6.108160018920898, "lr": 0.02, "adamw_lr": 0.0005, "elapsed_time": 170.0349886417389, "prnt": false}
{"event": "training_step", "timestamp": 1782399146.765165, "step": 137, "max_steps": 875, "loss": 6.199485778808594, "lr": 0.02, "adamw_lr": 0.0005, "elapsed_time": 171.26348185539246, "prnt": false}
{"event": "training_step", "timestamp": 1782399147.972147, "step": 138, "max_steps": 875, "loss": 6.147421836853027, "lr": 0.02, "adamw_lr": 0.0005, "elapsed_time": 172.47046494483948, "prnt": false}
{"event": "training_step", "timestamp": 1782399149.171176, "step": 139, "max_steps": 875, "loss": 6.122915744781494, "lr": 0.02, "adamw_lr": 0.0005, "elapsed_time": 173.6694939136505, "prnt": false}
{"event": "training_step", "timestamp": 1782399150.3516428, "step": 140, "max_steps": 875, "loss": 6.070237636566162, "lr": 0.02, "adamw_lr": 0.0005, "elapsed_time": 174.8499619960785, "prnt": false}
{"event": "training_step", "timestamp": 1782399151.596637, "step": 141, "max_steps": 875, "loss": 6.178427696228027, "lr": 0.02, "adamw_lr": 0.0005, "elapsed_time": 176.09495401382446, "prnt": false}
{"event": "training_step", "timestamp": 1782399152.806012, "step": 142, "max_steps": 875, "loss": 6.098982334136963, "lr": 0.02, "adamw_lr": 0.0005, "elapsed_time": 177.30432987213135, "prnt": false}
{"event": "training_step", "timestamp": 1782399154.0149388, "step": 143, "max_steps": 875, "loss": 6.025148391723633, "lr": 0.02, "adamw_lr": 0.0005, "elapsed_time": 178.51325678825378, "prnt": false}
{"event": "training_step", "timestamp": 1782399155.051633, "step": 144, "max_steps": 875, "loss": 6.097449779510498, "lr": 0.02, "adamw_lr": 0.0005, "elapsed_time": 179.54995203018188, "prnt": false}
{"event": "training_step", "timestamp": 1782399156.193156, "step": 145, "max_steps": 875, "loss": 6.111880302429199, "lr": 0.02, "adamw_lr": 0.0005, "elapsed_time": 180.69147276878357, "prnt": false}
{"event": "training_step", "timestamp": 1782399157.429497, "step": 146, "max_steps": 875, "loss": 6.089071273803711, "lr": 0.02, "adamw_lr": 0.0005, "elapsed_time": 181.92781472206116, "prnt": false}
{"event": "training_step", "timestamp": 1782399158.551019, "step": 147, "max_steps": 875, "loss": 6.0610671043396, "lr": 0.02, "adamw_lr": 0.0005, "elapsed_time": 183.0493357181549, "prnt": false}
{"event": "training_step", "timestamp": 1782399159.563437, "step": 148, "max_steps": 875, "loss": 6.049604415893555, "lr": 0.02, "adamw_lr": 0.0005, "elapsed_time": 184.06175470352173, "prnt": false}
{"event": "training_step", "timestamp": 1782399160.766473, "step": 149, "max_steps": 875, "loss": 6.103292465209961, "lr": 0.02, "adamw_lr": 0.0005, "elapsed_time": 185.26479077339172, "prnt": false}
{"event": "training_step", "timestamp": 1782399161.987812, "step": 150, "max_steps": 875, "loss": 6.123016357421875, "lr": 0.02, "adamw_lr": 0.0005, "elapsed_time": 186.48613095283508, "prnt": false}
{"event": "training_step", "timestamp": 1782399163.101111, "step": 151, "max_steps": 875, "loss": 6.104519844055176, "lr": 0.02, "adamw_lr": 0.0005, "elapsed_time": 187.59942984580994, "prnt": false}
{"event": "training_step", "timestamp": 1782399164.3004842, "step": 152, "max_steps": 875, "loss": 6.042118549346924, "lr": 0.02, "adamw_lr": 0.0005, "elapsed_time": 188.7988007068634, "prnt": false}
{"event": "training_step", "timestamp": 1782399165.4934971, "step": 153, "max_steps": 875, "loss": 6.094631671905518, "lr": 0.02, "adamw_lr": 0.0005, "elapsed_time": 189.99181485176086, "prnt": false}
{"event": "training_step", "timestamp": 1782399166.660667, "step": 154, "max_steps": 875, "loss": 6.06861686706543, "lr": 0.02, "adamw_lr": 0.0005, "elapsed_time": 191.1589858531952, "prnt": false}
{"event": "training_step", "timestamp": 1782399167.873076, "step": 155, "max_steps": 875, "loss": 6.005472183227539, "lr": 0.02, "adamw_lr": 0.0005, "elapsed_time": 192.3713936805725, "prnt": false}
{"event": "training_step", "timestamp": 1782399169.0895638, "step": 156, "max_steps": 875, "loss": 6.0395965576171875, "lr": 0.02, "adamw_lr": 0.0005, "elapsed_time": 193.58788084983826, "prnt": false}
{"event": "training_step", "timestamp": 1782399170.252935, "step": 157, "max_steps": 875, "loss": 6.02535343170166, "lr": 0.02, "adamw_lr": 0.0005, "elapsed_time": 194.75125288963318, "prnt": false}
{"event": "training_step", "timestamp": 1782399171.408103, "step": 158, "max_steps": 875, "loss": 6.0284857749938965, "lr": 0.02, "adamw_lr": 0.0005, "elapsed_time": 195.90642094612122, "prnt": false}
{"event": "training_step", "timestamp": 1782399172.552978, "step": 159, "max_steps": 875, "loss": 6.036065101623535, "lr": 0.02, "adamw_lr": 0.0005, "elapsed_time": 197.05129599571228, "prnt": false}
{"event": "training_step", "timestamp": 1782399173.6204119, "step": 160, "max_steps": 875, "loss": 6.020270824432373, "lr": 0.02, "adamw_lr": 0.0005, "elapsed_time": 198.1187310218811, "prnt": false}
{"event": "training_step", "timestamp": 1782399174.754262, "step": 161, "max_steps": 875, "loss": 6.105766296386719, "lr": 0.02, "adamw_lr": 0.0005, "elapsed_time": 199.25258088111877, "prnt": false}
{"event": "training_step", "timestamp": 1782399175.957317, "step": 162, "max_steps": 875, "loss": 6.022998809814453, "lr": 0.02, "adamw_lr": 0.0005, "elapsed_time": 200.4556348323822, "prnt": false}
{"event": "training_step", "timestamp": 1782399177.176766, "step": 163, "max_steps": 875, "loss": 6.024981498718262, "lr": 0.02, "adamw_lr": 0.0005, "elapsed_time": 201.67508363723755, "prnt": false}
{"event": "training_step", "timestamp": 1782399178.335207, "step": 164, "max_steps": 875, "loss": 5.986972332000732, "lr": 0.02, "adamw_lr": 0.0005, "elapsed_time": 202.83352494239807, "prnt": false}
{"event": "validation_step", "timestamp": 1782399182.483079, "step": 164, "max_steps": 875, "loss": 1.0598191705375064, "ema": true, "elapsed_time": 202.83352494239807}
{"event": "training_step", "timestamp": 1782399183.409725, "step": 165, "max_steps": 875, "loss": 5.966122627258301, "lr": 0.02, "adamw_lr": 0.0005, "elapsed_time": 207.9080410003662, "prnt": false}
{"event": "training_step", "timestamp": 1782399184.6097522, "step": 166, "max_steps": 875, "loss": 5.997871398925781, "lr": 0.02, "adamw_lr": 0.0005, "elapsed_time": 209.10807085037231, "prnt": false}
{"event": "training_step", "timestamp": 1782399185.799652, "step": 167, "max_steps": 875, "loss": 6.015030860900879, "lr": 0.02, "adamw_lr": 0.0005, "elapsed_time": 210.29797077178955, "prnt": false}
{"event": "training_step", "timestamp": 1782399186.954366, "step": 168, "max_steps": 875, "loss": 5.929598808288574, "lr": 0.02, "adamw_lr": 0.0005, "elapsed_time": 211.45268368721008, "prnt": false}
{"event": "training_step", "timestamp": 1782399188.115038, "step": 169, "max_steps": 875, "loss": 5.9881134033203125, "lr": 0.02, "adamw_lr": 0.0005, "elapsed_time": 212.61335492134094, "prnt": false}
{"event": "training_step", "timestamp": 1782399189.326452, "step": 170, "max_steps": 875, "loss": 5.952960968017578, "lr": 0.02, "adamw_lr": 0.0005, "elapsed_time": 213.82476902008057, "prnt": false}
{"event": "training_step", "timestamp": 1782399190.541684, "step": 171, "max_steps": 875, "loss": 5.96186637878418, "lr": 0.02, "adamw_lr": 0.0005, "elapsed_time": 215.04000163078308, "prnt": false}
{"event": "training_step", "timestamp": 1782399191.7514849, "step": 172, "max_steps": 875, "loss": 5.957574844360352, "lr": 0.02, "adamw_lr": 0.0005, "elapsed_time": 216.2498037815094, "prnt": false}
{"event": "training_step", "timestamp": 1782399192.84784, "step": 173, "max_steps": 875, "loss": 5.9306440353393555, "lr": 0.02, "adamw_lr": 0.0005, "elapsed_time": 217.34615778923035, "prnt": false}
{"event": "training_step", "timestamp": 1782399194.060805, "step": 174, "max_steps": 875, "loss": 5.922177314758301, "lr": 0.02, "adamw_lr": 0.0005, "elapsed_time": 218.55912280082703, "prnt": false}
{"event": "training_step", "timestamp": 1782399195.09465, "step": 175, "max_steps": 875, "loss": 5.967695713043213, "lr": 0.02, "adamw_lr": 0.0005, "elapsed_time": 219.59296894073486, "prnt": false}
{"event": "training_step", "timestamp": 1782399196.095926, "step": 176, "max_steps": 875, "loss": 5.953030586242676, "lr": 0.02, "adamw_lr": 0.0005, "elapsed_time": 220.59424376487732, "prnt": false}
{"event": "training_step", "timestamp": 1782399197.254354, "step": 177, "max_steps": 875, "loss": 5.911989212036133, "lr": 0.02, "adamw_lr": 0.0005, "elapsed_time": 221.75267267227173, "prnt": false}
{"event": "training_step", "timestamp": 1782399198.244587, "step": 178, "max_steps": 875, "loss": 5.970576286315918, "lr": 0.02, "adamw_lr": 0.0005, "elapsed_time": 222.74290585517883, "prnt": false}
{"event": "training_step", "timestamp": 1782399199.393857, "step": 179, "max_steps": 875, "loss": 5.971157550811768, "lr": 0.02, "adamw_lr": 0.0005, "elapsed_time": 223.89217591285706, "prnt": false}
{"event": "training_step", "timestamp": 1782399200.4632, "step": 180, "max_steps": 875, "loss": 5.907478332519531, "lr": 0.02, "adamw_lr": 0.0005, "elapsed_time": 224.96151781082153, "prnt": false}
{"event": "training_step", "timestamp": 1782399201.683485, "step": 181, "max_steps": 875, "loss": 6.030982971191406, "lr": 0.02, "adamw_lr": 0.0005, "elapsed_time": 226.18180298805237, "prnt": false}
{"event": "training_step", "timestamp": 1782399202.8489401, "step": 182, "max_steps": 875, "loss": 5.902092456817627, "lr": 0.02, "adamw_lr": 0.0005, "elapsed_time": 227.34725785255432, "prnt": false}
{"event": "training_step", "timestamp": 1782399204.0141592, "step": 183, "max_steps": 875, "loss": 5.9159440994262695, "lr": 0.02, "adamw_lr": 0.0005, "elapsed_time": 228.51247787475586, "prnt": false}
{"event": "training_step", "timestamp": 1782399205.031014, "step": 184, "max_steps": 875, "loss": 5.87144660949707, "lr": 0.02, "adamw_lr": 0.0005, "elapsed_time": 229.52933287620544, "prnt": false}
{"event": "training_step", "timestamp": 1782399206.06324, "step": 185, "max_steps": 875, "loss": 5.894196033477783, "lr": 0.02, "adamw_lr": 0.0005, "elapsed_time": 230.56155800819397, "prnt": false}
{"event": "training_step", "timestamp": 1782399207.168236, "step": 186, "max_steps": 875, "loss": 5.877581596374512, "lr": 0.02, "adamw_lr": 0.0005, "elapsed_time": 231.66655468940735, "prnt": false}
{"event": "training_step", "timestamp": 1782399208.300407, "step": 187, "max_steps": 875, "loss": 5.875368118286133, "lr": 0.02, "adamw_lr": 0.0005, "elapsed_time": 232.79872584342957, "prnt": false}
{"event": "training_step", "timestamp": 1782399209.327582, "step": 188, "max_steps": 875, "loss": 5.972596168518066, "lr": 0.02, "adamw_lr": 0.0005, "elapsed_time": 233.82589960098267, "prnt": false}
{"event": "training_step", "timestamp": 1782399210.3197188, "step": 189, "max_steps": 875, "loss": 5.861515522003174, "lr": 0.02, "adamw_lr": 0.0005, "elapsed_time": 234.81803798675537, "prnt": false}
{"event": "training_step", "timestamp": 1782399211.4688551, "step": 190, "max_steps": 875, "loss": 5.858448505401611, "lr": 0.02, "adamw_lr": 0.0005, "elapsed_time": 235.96717381477356, "prnt": false}
{"event": "training_step", "timestamp": 1782399212.622298, "step": 191, "max_steps": 875, "loss": 5.90610408782959, "lr": 0.02, "adamw_lr": 0.0005, "elapsed_time": 237.1206169128418, "prnt": false}
{"event": "training_step", "timestamp": 1782399213.620623, "step": 192, "max_steps": 875, "loss": 5.929738998413086, "lr": 0.02, "adamw_lr": 0.0005, "elapsed_time": 238.1189408302307, "prnt": false}
{"event": "training_step", "timestamp": 1782399214.617245, "step": 193, "max_steps": 875, "loss": 5.852762699127197, "lr": 0.02, "adamw_lr": 0.0005, "elapsed_time": 239.11556363105774, "prnt": false}
{"event": "training_step", "timestamp": 1782399215.761617, "step": 194, "max_steps": 875, "loss": 5.879274368286133, "lr": 0.02, "adamw_lr": 0.0005, "elapsed_time": 240.25993585586548, "prnt": false}
{"event": "training_step", "timestamp": 1782399216.880372, "step": 195, "max_steps": 875, "loss": 5.877914905548096, "lr": 0.02, "adamw_lr": 0.0005, "elapsed_time": 241.37868976593018, "prnt": false}
{"event": "training_step", "timestamp": 1782399217.905505, "step": 196, "max_steps": 875, "loss": 5.870372772216797, "lr": 0.02, "adamw_lr": 0.0005, "elapsed_time": 242.40382266044617, "prnt": false}
{"event": "training_step", "timestamp": 1782399218.9112802, "step": 197, "max_steps": 875, "loss": 5.909242153167725, "lr": 0.02, "adamw_lr": 0.0005, "elapsed_time": 243.40959882736206, "prnt": false}
{"event": "training_step", "timestamp": 1782399220.0576289, "step": 198, "max_steps": 875, "loss": 5.883583068847656, "lr": 0.02, "adamw_lr": 0.0005, "elapsed_time": 244.55594778060913, "prnt": false}
{"event": "training_step", "timestamp": 1782399221.055462, "step": 199, "max_steps": 875, "loss": 5.9356584548950195, "lr": 0.02, "adamw_lr": 0.0005, "elapsed_time": 245.55378103256226, "prnt": false}
{"event": "training_step", "timestamp": 1782399222.2391622, "step": 200, "max_steps": 875, "loss": 5.902468204498291, "lr": 0.02, "adamw_lr": 0.0005, "elapsed_time": 246.73747992515564, "prnt": false}
{"event": "training_step", "timestamp": 1782399223.3492448, "step": 201, "max_steps": 875, "loss": 5.821250915527344, "lr": 0.02, "adamw_lr": 0.0005, "elapsed_time": 247.84756302833557, "prnt": false}
{"event": "training_step", "timestamp": 1782399224.4628322, "step": 202, "max_steps": 875, "loss": 5.897945880889893, "lr": 0.02, "adamw_lr": 0.0005, "elapsed_time": 248.96114993095398, "prnt": false}
{"event": "training_step", "timestamp": 1782399225.4870248, "step": 203, "max_steps": 875, "loss": 5.862645626068115, "lr": 0.02, "adamw_lr": 0.0005, "elapsed_time": 249.98534178733826, "prnt": false}
{"event": "training_step", "timestamp": 1782399226.683983, "step": 204, "max_steps": 875, "loss": 5.8607683181762695, "lr": 0.02, "adamw_lr": 0.0005, "elapsed_time": 251.18230080604553, "prnt": false}
{"event": "training_step", "timestamp": 1782399227.7200692, "step": 205, "max_steps": 875, "loss": 5.848352432250977, "lr": 0.02, "adamw_lr": 0.0005, "elapsed_time": 252.21838784217834, "prnt": false}
{"event": "validation_step", "timestamp": 1782399232.0559318, "step": 205, "max_steps": 875, "loss": 1.0418913307991544, "ema": true, "elapsed_time": 252.21838784217834}
{"event": "training_step", "timestamp": 1782399233.03059, "step": 206, "max_steps": 875, "loss": 5.928457736968994, "lr": 0.02, "adamw_lr": 0.0005, "elapsed_time": 257.52890491485596, "prnt": false}
{"event": "training_step", "timestamp": 1782399234.205717, "step": 207, "max_steps": 875, "loss": 5.899367332458496, "lr": 0.02, "adamw_lr": 0.0005, "elapsed_time": 258.70403480529785, "prnt": false}
{"event": "training_step", "timestamp": 1782399235.430227, "step": 208, "max_steps": 875, "loss": 5.859890937805176, "lr": 0.02, "adamw_lr": 0.0005, "elapsed_time": 259.9285457134247, "prnt": false}
{"event": "training_step", "timestamp": 1782399236.639673, "step": 209, "max_steps": 875, "loss": 5.828179359436035, "lr": 0.02, "adamw_lr": 0.0005, "elapsed_time": 261.1379909515381, "prnt": false}
{"event": "training_step", "timestamp": 1782399237.656629, "step": 210, "max_steps": 875, "loss": 5.858480453491211, "lr": 0.02, "adamw_lr": 0.0005, "elapsed_time": 262.15494775772095, "prnt": false}
{"event": "training_step", "timestamp": 1782399238.688194, "step": 211, "max_steps": 875, "loss": 5.790041923522949, "lr": 0.02, "adamw_lr": 0.0005, "elapsed_time": 263.1865117549896, "prnt": false}
{"event": "training_step", "timestamp": 1782399239.865387, "step": 212, "max_steps": 875, "loss": 5.803808212280273, "lr": 0.02, "adamw_lr": 0.0005, "elapsed_time": 264.3637058734894, "prnt": false}
{"event": "training_step", "timestamp": 1782399240.974717, "step": 213, "max_steps": 875, "loss": 5.839687347412109, "lr": 0.02, "adamw_lr": 0.0005, "elapsed_time": 265.4730348587036, "prnt": false}
{"event": "training_step", "timestamp": 1782399241.9763699, "step": 214, "max_steps": 875, "loss": 5.822383880615234, "lr": 0.02, "adamw_lr": 0.0005, "elapsed_time": 266.4746878147125, "prnt": false}
{"event": "training_step", "timestamp": 1782399243.1949399, "step": 215, "max_steps": 875, "loss": 5.8074846267700195, "lr": 0.02, "adamw_lr": 0.0005, "elapsed_time": 267.6932578086853, "prnt": false}
{"event": "training_step", "timestamp": 1782399244.352559, "step": 216, "max_steps": 875, "loss": 5.8687615394592285, "lr": 0.02, "adamw_lr": 0.0005, "elapsed_time": 268.85087180137634, "prnt": false}
{"event": "training_step", "timestamp": 1782399245.5174558, "step": 217, "max_steps": 875, "loss": 5.846653938293457, "lr": 0.02, "adamw_lr": 0.0005, "elapsed_time": 270.01577496528625, "prnt": false}
{"event": "training_step", "timestamp": 1782399246.573471, "step": 218, "max_steps": 875, "loss": 5.833335876464844, "lr": 0.02, "adamw_lr": 0.0005, "elapsed_time": 271.0717887878418, "prnt": false}
{"event": "training_step", "timestamp": 1782399247.692914, "step": 219, "max_steps": 875, "loss": 5.807028770446777, "lr": 0.02, "adamw_lr": 0.0005, "elapsed_time": 272.1912319660187, "prnt": false}
{"event": "training_step", "timestamp": 1782399248.911205, "step": 220, "max_steps": 875, "loss": 5.844241142272949, "lr": 0.02, "adamw_lr": 0.0005, "elapsed_time": 273.4095239639282, "prnt": false}
{"event": "training_step", "timestamp": 1782399250.020896, "step": 221, "max_steps": 875, "loss": 5.802877426147461, "lr": 0.02, "adamw_lr": 0.0005, "elapsed_time": 274.51921486854553, "prnt": false}
{"event": "training_step", "timestamp": 1782399251.0113869, "step": 222, "max_steps": 875, "loss": 5.817995548248291, "lr": 0.02, "adamw_lr": 0.0005, "elapsed_time": 275.5097060203552, "prnt": false}
{"event": "training_step", "timestamp": 1782399252.063221, "step": 223, "max_steps": 875, "loss": 5.799278259277344, "lr": 0.02, "adamw_lr": 0.0005, "elapsed_time": 276.56153869628906, "prnt": false}
{"event": "training_step", "timestamp": 1782399253.276326, "step": 224, "max_steps": 875, "loss": 5.818446159362793, "lr": 0.02, "adamw_lr": 0.0005, "elapsed_time": 277.77464389801025, "prnt": false}
{"event": "training_step", "timestamp": 1782399254.4169118, "step": 225, "max_steps": 875, "loss": 5.763472557067871, "lr": 0.02, "adamw_lr": 0.0005, "elapsed_time": 278.9152297973633, "prnt": false}
{"event": "training_step", "timestamp": 1782399255.6179001, "step": 226, "max_steps": 875, "loss": 5.840250015258789, "lr": 0.02, "adamw_lr": 0.0005, "elapsed_time": 280.1162178516388, "prnt": false}
{"event": "training_step", "timestamp": 1782399256.737938, "step": 227, "max_steps": 875, "loss": 5.80293083190918, "lr": 0.02, "adamw_lr": 0.0005, "elapsed_time": 281.23625588417053, "prnt": false}
{"event": "training_step", "timestamp": 1782399257.957663, "step": 228, "max_steps": 875, "loss": 5.895665168762207, "lr": 0.02, "adamw_lr": 0.0005, "elapsed_time": 282.4559795856476, "prnt": false}
{"event": "training_step", "timestamp": 1782399259.110618, "step": 229, "max_steps": 875, "loss": 5.793566703796387, "lr": 0.02, "adamw_lr": 0.0005, "elapsed_time": 283.6089367866516, "prnt": false}
{"event": "training_step", "timestamp": 1782399260.1290119, "step": 230, "max_steps": 875, "loss": 5.828981399536133, "lr": 0.02, "adamw_lr": 0.0005, "elapsed_time": 284.6273307800293, "prnt": false}
{"event": "training_step", "timestamp": 1782399261.132211, "step": 231, "max_steps": 875, "loss": 5.756939888000488, "lr": 0.02, "adamw_lr": 0.0005, "elapsed_time": 285.6305296421051, "prnt": false}
{"event": "training_step", "timestamp": 1782399262.309491, "step": 232, "max_steps": 875, "loss": 5.847484111785889, "lr": 0.02, "adamw_lr": 0.0005, "elapsed_time": 286.8078079223633, "prnt": false}
{"event": "training_step", "timestamp": 1782399263.492606, "step": 233, "max_steps": 875, "loss": 5.812739372253418, "lr": 0.02, "adamw_lr": 0.0005, "elapsed_time": 287.9909236431122, "prnt": false}
{"event": "training_step", "timestamp": 1782399264.5613592, "step": 234, "max_steps": 875, "loss": 5.809173583984375, "lr": 0.02, "adamw_lr": 0.0005, "elapsed_time": 289.0596778392792, "prnt": false}
{"event": "training_step", "timestamp": 1782399265.56263, "step": 235, "max_steps": 875, "loss": 5.731217861175537, "lr": 0.02, "adamw_lr": 0.0005, "elapsed_time": 290.06094789505005, "prnt": false}
{"event": "training_step", "timestamp": 1782399266.6878562, "step": 236, "max_steps": 875, "loss": 5.779186725616455, "lr": 0.02, "adamw_lr": 0.0005, "elapsed_time": 291.18617391586304, "prnt": false}
{"event": "training_step", "timestamp": 1782399267.861577, "step": 237, "max_steps": 875, "loss": 5.7963666915893555, "lr": 0.02, "adamw_lr": 0.0005, "elapsed_time": 292.35989570617676, "prnt": false}
{"event": "training_step", "timestamp": 1782399268.8576682, "step": 238, "max_steps": 875, "loss": 5.739523887634277, "lr": 0.02, "adamw_lr": 0.0005, "elapsed_time": 293.35598587989807, "prnt": false}
{"event": "training_step", "timestamp": 1782399269.850071, "step": 239, "max_steps": 875, "loss": 5.764335632324219, "lr": 0.02, "adamw_lr": 0.0005, "elapsed_time": 294.348388671875, "prnt": false}
{"event": "training_step", "timestamp": 1782399271.0088341, "step": 240, "max_steps": 875, "loss": 5.778610706329346, "lr": 0.02, "adamw_lr": 0.0005, "elapsed_time": 295.5071527957916, "prnt": false}
{"event": "training_step", "timestamp": 1782399272.0018592, "step": 241, "max_steps": 875, "loss": 5.779794692993164, "lr": 0.02, "adamw_lr": 0.0005, "elapsed_time": 296.5001757144928, "prnt": false}
{"event": "training_step", "timestamp": 1782399272.989791, "step": 242, "max_steps": 875, "loss": 5.823292255401611, "lr": 0.02, "adamw_lr": 0.0005, "elapsed_time": 297.4881098270416, "prnt": false}
{"event": "training_step", "timestamp": 1782399273.978626, "step": 243, "max_steps": 875, "loss": 5.800079345703125, "lr": 0.02, "adamw_lr": 0.0005, "elapsed_time": 298.4769449234009, "prnt": false}
{"event": "training_step", "timestamp": 1782399274.970266, "step": 244, "max_steps": 875, "loss": 5.769237041473389, "lr": 0.02, "adamw_lr": 0.0005, "elapsed_time": 299.4685847759247, "prnt": false}
{"event": "training_step", "timestamp": 1782399275.962352, "step": 245, "max_steps": 875, "loss": 5.800232410430908, "lr": 0.02, "adamw_lr": 0.0005, "elapsed_time": 300.46067094802856, "prnt": false}
{"event": "training_step", "timestamp": 1782399276.951831, "step": 246, "max_steps": 875, "loss": 5.708991050720215, "lr": 0.02, "adamw_lr": 0.0005, "elapsed_time": 301.4501488208771, "prnt": false}
{"event": "validation_step", "timestamp": 1782399280.5137029, "step": 246, "max_steps": 875, "loss": 1.026977389447928, "ema": true, "elapsed_time": 301.4501488208771}
{"event": "training_step", "timestamp": 1782399281.355289, "step": 247, "max_steps": 875, "loss": 5.756811141967773, "lr": 0.02, "adamw_lr": 0.0005, "elapsed_time": 305.8536078929901, "prnt": false}
{"event": "training_step", "timestamp": 1782399282.346396, "step": 248, "max_steps": 875, "loss": 5.798239707946777, "lr": 0.02, "adamw_lr": 0.0005, "elapsed_time": 306.8447148799896, "prnt": false}
{"event": "training_step", "timestamp": 1782399283.331452, "step": 249, "max_steps": 875, "loss": 5.7476420402526855, "lr": 0.02, "adamw_lr": 0.0005, "elapsed_time": 307.82977175712585, "prnt": false}
{"event": "training_step", "timestamp": 1782399284.317186, "step": 250, "max_steps": 875, "loss": 5.71722412109375, "lr": 0.02, "adamw_lr": 0.0005, "elapsed_time": 308.8155047893524, "prnt": false}
{"event": "training_step", "timestamp": 1782399285.3066082, "step": 251, "max_steps": 875, "loss": 5.685317039489746, "lr": 0.02, "adamw_lr": 0.0005, "elapsed_time": 309.8049268722534, "prnt": false}
{"event": "training_step", "timestamp": 1782399286.304554, "step": 252, "max_steps": 875, "loss": 5.693215370178223, "lr": 0.02, "adamw_lr": 0.0005, "elapsed_time": 310.8028726577759, "prnt": false}
{"event": "training_step", "timestamp": 1782399287.301898, "step": 253, "max_steps": 875, "loss": 5.735659599304199, "lr": 0.02, "adamw_lr": 0.0005, "elapsed_time": 311.8002166748047, "prnt": false}
{"event": "training_step", "timestamp": 1782399288.2886028, "step": 254, "max_steps": 875, "loss": 5.677633285522461, "lr": 0.02, "adamw_lr": 0.0005, "elapsed_time": 312.78692078590393, "prnt": false}
{"event": "training_step", "timestamp": 1782399289.285064, "step": 255, "max_steps": 875, "loss": 5.7693071365356445, "lr": 0.02, "adamw_lr": 0.0005, "elapsed_time": 313.78338265419006, "prnt": false}
{"event": "training_step", "timestamp": 1782399290.274676, "step": 256, "max_steps": 875, "loss": 5.6975507736206055, "lr": 0.02, "adamw_lr": 0.0005, "elapsed_time": 314.7729947566986, "prnt": false}
{"event": "training_step", "timestamp": 1782399291.280853, "step": 257, "max_steps": 875, "loss": 5.819153308868408, "lr": 0.02, "adamw_lr": 0.0005, "elapsed_time": 315.779171705246, "prnt": false}
{"event": "training_step", "timestamp": 1782399292.2736828, "step": 258, "max_steps": 875, "loss": 5.697507858276367, "lr": 0.02, "adamw_lr": 0.0005, "elapsed_time": 316.77200078964233, "prnt": false}
{"event": "training_step", "timestamp": 1782399293.273851, "step": 259, "max_steps": 875, "loss": 5.774534702301025, "lr": 0.02, "adamw_lr": 0.0005, "elapsed_time": 317.7721698284149, "prnt": false}
{"event": "training_step", "timestamp": 1782399294.269519, "step": 260, "max_steps": 875, "loss": 5.695171356201172, "lr": 0.02, "adamw_lr": 0.0005, "elapsed_time": 318.76783776283264, "prnt": false}
{"event": "training_step", "timestamp": 1782399295.4588, "step": 261, "max_steps": 875, "loss": 5.669648170471191, "lr": 0.02, "adamw_lr": 0.0005, "elapsed_time": 319.9571189880371, "prnt": false}
{"event": "training_step", "timestamp": 1782399296.611176, "step": 262, "max_steps": 875, "loss": 5.759079456329346, "lr": 0.02, "adamw_lr": 0.0005, "elapsed_time": 321.109493970871, "prnt": false}
{"event": "training_step", "timestamp": 1782399297.821525, "step": 263, "max_steps": 875, "loss": 5.716143608093262, "lr": 0.02, "adamw_lr": 0.0005, "elapsed_time": 322.31984281539917, "prnt": false}
{"event": "training_step", "timestamp": 1782399299.0187268, "step": 264, "max_steps": 875, "loss": 5.678841590881348, "lr": 0.02, "adamw_lr": 0.0005, "elapsed_time": 323.51704502105713, "prnt": false}
{"event": "training_step", "timestamp": 1782399300.1471229, "step": 265, "max_steps": 875, "loss": 5.641647815704346, "lr": 0.02, "adamw_lr": 0.0005, "elapsed_time": 324.64544105529785, "prnt": false}
{"event": "training_step", "timestamp": 1782399301.176874, "step": 266, "max_steps": 875, "loss": 5.751273155212402, "lr": 0.02, "adamw_lr": 0.0005, "elapsed_time": 325.6751928329468, "prnt": false}
{"event": "training_step", "timestamp": 1782399302.323444, "step": 267, "max_steps": 875, "loss": 5.679388046264648, "lr": 0.02, "adamw_lr": 0.0005, "elapsed_time": 326.8217628002167, "prnt": false}
{"event": "training_step", "timestamp": 1782399303.5124302, "step": 268, "max_steps": 875, "loss": 5.600774765014648, "lr": 0.02, "adamw_lr": 0.0005, "elapsed_time": 328.010746717453, "prnt": false}
{"event": "training_step", "timestamp": 1782399304.5624242, "step": 269, "max_steps": 875, "loss": 5.66578483581543, "lr": 0.02, "adamw_lr": 0.0005, "elapsed_time": 329.0607419013977, "prnt": false}
{"event": "training_step", "timestamp": 1782399305.682291, "step": 270, "max_steps": 875, "loss": 5.691866874694824, "lr": 0.02, "adamw_lr": 0.0005, "elapsed_time": 330.1806089878082, "prnt": false}
{"event": "training_step", "timestamp": 1782399306.7764401, "step": 271, "max_steps": 875, "loss": 5.672822952270508, "lr": 0.02, "adamw_lr": 0.0005, "elapsed_time": 331.2747588157654, "prnt": false}
{"event": "training_step", "timestamp": 1782399307.940602, "step": 272, "max_steps": 875, "loss": 5.660300254821777, "lr": 0.02, "adamw_lr": 0.0005, "elapsed_time": 332.43892097473145, "prnt": false}
{"event": "training_step", "timestamp": 1782399309.013921, "step": 273, "max_steps": 875, "loss": 5.629080295562744, "lr": 0.02, "adamw_lr": 0.0005, "elapsed_time": 333.51223969459534, "prnt": false}
{"event": "training_step", "timestamp": 1782399310.045859, "step": 274, "max_steps": 875, "loss": 5.701718330383301, "lr": 0.02, "adamw_lr": 0.0005, "elapsed_time": 334.5441777706146, "prnt": false}
{"event": "training_step", "timestamp": 1782399311.1593971, "step": 275, "max_steps": 875, "loss": 5.7090582847595215, "lr": 0.02, "adamw_lr": 0.0005, "elapsed_time": 335.65771484375, "prnt": false}
{"event": "training_step", "timestamp": 1782399312.319861, "step": 276, "max_steps": 875, "loss": 5.7031049728393555, "lr": 0.02, "adamw_lr": 0.0005, "elapsed_time": 336.81817984580994, "prnt": false}
{"event": "training_step", "timestamp": 1782399313.317823, "step": 277, "max_steps": 875, "loss": 5.651913642883301, "lr": 0.02, "adamw_lr": 0.0005, "elapsed_time": 337.8161418437958, "prnt": false}
{"event": "training_step", "timestamp": 1782399314.32181, "step": 278, "max_steps": 875, "loss": 5.671974182128906, "lr": 0.02, "adamw_lr": 0.0005, "elapsed_time": 338.8201286792755, "prnt": false}
{"event": "training_step", "timestamp": 1782399315.4494, "step": 279, "max_steps": 875, "loss": 5.656393527984619, "lr": 0.02, "adamw_lr": 0.0005, "elapsed_time": 339.9477188587189, "prnt": false}
{"event": "training_step", "timestamp": 1782399316.594563, "step": 280, "max_steps": 875, "loss": 5.595379829406738, "lr": 0.02, "adamw_lr": 0.0005, "elapsed_time": 341.0928819179535, "prnt": false}
{"event": "training_step", "timestamp": 1782399317.626507, "step": 281, "max_steps": 875, "loss": 5.637701988220215, "lr": 0.02, "adamw_lr": 0.0005, "elapsed_time": 342.1248257160187, "prnt": false}
{"event": "training_step", "timestamp": 1782399318.800396, "step": 282, "max_steps": 875, "loss": 5.6171159744262695, "lr": 0.02, "adamw_lr": 0.0005, "elapsed_time": 343.29871368408203, "prnt": false}
{"event": "training_step", "timestamp": 1782399320.0103612, "step": 283, "max_steps": 875, "loss": 5.640573024749756, "lr": 0.02, "adamw_lr": 0.0005, "elapsed_time": 344.50867891311646, "prnt": false}
{"event": "training_step", "timestamp": 1782399321.182158, "step": 284, "max_steps": 875, "loss": 5.637907028198242, "lr": 0.02, "adamw_lr": 0.0005, "elapsed_time": 345.6804769039154, "prnt": false}
{"event": "training_step", "timestamp": 1782399322.272846, "step": 285, "max_steps": 875, "loss": 5.6290154457092285, "lr": 0.02, "adamw_lr": 0.0005, "elapsed_time": 346.7711639404297, "prnt": false}
{"event": "training_step", "timestamp": 1782399323.417096, "step": 286, "max_steps": 875, "loss": 5.716910362243652, "lr": 0.02, "adamw_lr": 0.0005, "elapsed_time": 347.91541385650635, "prnt": false}
{"event": "training_step", "timestamp": 1782399324.672738, "step": 287, "max_steps": 875, "loss": 5.639365196228027, "lr": 0.02, "adamw_lr": 0.0005, "elapsed_time": 349.1710557937622, "prnt": false}
{"event": "validation_step", "timestamp": 1782399328.8386729, "step": 287, "max_steps": 875, "loss": 1.0153671876387729, "ema": true, "elapsed_time": 349.1710557937622}
{"event": "training_step", "timestamp": 1782399329.845922, "step": 288, "max_steps": 875, "loss": 5.639045715332031, "lr": 0.02, "adamw_lr": 0.0005, "elapsed_time": 354.3442277908325, "prnt": false}
{"event": "training_step", "timestamp": 1782399331.010705, "step": 289, "max_steps": 875, "loss": 5.608093738555908, "lr": 0.02, "adamw_lr": 0.0005, "elapsed_time": 355.5090229511261, "prnt": false}
{"event": "training_step", "timestamp": 1782399332.250505, "step": 290, "max_steps": 875, "loss": 5.584621429443359, "lr": 0.02, "adamw_lr": 0.0005, "elapsed_time": 356.7488226890564, "prnt": false}
{"event": "training_step", "timestamp": 1782399333.484264, "step": 291, "max_steps": 875, "loss": 5.621486663818359, "lr": 0.02, "adamw_lr": 0.0005, "elapsed_time": 357.9825818538666, "prnt": false}
{"event": "training_step", "timestamp": 1782399334.732639, "step": 292, "max_steps": 875, "loss": 5.623815059661865, "lr": 0.02, "adamw_lr": 0.0005, "elapsed_time": 359.2309567928314, "prnt": false}
{"event": "training_step", "timestamp": 1782399335.7151449, "step": 293, "max_steps": 875, "loss": 5.5512285232543945, "lr": 0.02, "adamw_lr": 0.0005, "elapsed_time": 360.21346259117126, "prnt": false}
{"event": "training_step", "timestamp": 1782399336.6995468, "step": 294, "max_steps": 875, "loss": 5.607948303222656, "lr": 0.02, "adamw_lr": 0.0005, "elapsed_time": 361.1978659629822, "prnt": false}
{"event": "training_step", "timestamp": 1782399337.876298, "step": 295, "max_steps": 875, "loss": 5.568089485168457, "lr": 0.02, "adamw_lr": 0.0005, "elapsed_time": 362.3746168613434, "prnt": false}
{"event": "training_step", "timestamp": 1782399339.0206132, "step": 296, "max_steps": 875, "loss": 5.587099075317383, "lr": 0.02, "adamw_lr": 0.0005, "elapsed_time": 363.5189309120178, "prnt": false}
{"event": "training_step", "timestamp": 1782399340.111496, "step": 297, "max_steps": 875, "loss": 5.58558464050293, "lr": 0.02, "adamw_lr": 0.0005, "elapsed_time": 364.6098139286041, "prnt": false}
{"event": "training_step", "timestamp": 1782399341.3507662, "step": 298, "max_steps": 875, "loss": 5.563589572906494, "lr": 0.02, "adamw_lr": 0.0005, "elapsed_time": 365.84908390045166, "prnt": false}
{"event": "training_step", "timestamp": 1782399342.584676, "step": 299, "max_steps": 875, "loss": 5.545494556427002, "lr": 0.02, "adamw_lr": 0.0005, "elapsed_time": 367.08299374580383, "prnt": false}
{"event": "training_step", "timestamp": 1782399343.789556, "step": 300, "max_steps": 875, "loss": 5.594359397888184, "lr": 0.02, "adamw_lr": 0.0005, "elapsed_time": 368.2878746986389, "prnt": false}
{"event": "training_step", "timestamp": 1782399344.79807, "step": 301, "max_steps": 875, "loss": 5.587249755859375, "lr": 0.02, "adamw_lr": 0.0005, "elapsed_time": 369.2963888645172, "prnt": false}
{"event": "training_step", "timestamp": 1782399345.888635, "step": 302, "max_steps": 875, "loss": 5.530405521392822, "lr": 0.02, "adamw_lr": 0.0005, "elapsed_time": 370.3869528770447, "prnt": false}
{"event": "training_step", "timestamp": 1782399347.074355, "step": 303, "max_steps": 875, "loss": 5.602615833282471, "lr": 0.02, "adamw_lr": 0.0005, "elapsed_time": 371.5726728439331, "prnt": false}
{"event": "training_step", "timestamp": 1782399348.202914, "step": 304, "max_steps": 875, "loss": 5.601443767547607, "lr": 0.02, "adamw_lr": 0.0005, "elapsed_time": 372.70123171806335, "prnt": false}
{"event": "training_step", "timestamp": 1782399349.384449, "step": 305, "max_steps": 875, "loss": 5.536276817321777, "lr": 0.02, "adamw_lr": 0.0005, "elapsed_time": 373.8827667236328, "prnt": false}
{"event": "training_step", "timestamp": 1782399350.479647, "step": 306, "max_steps": 875, "loss": 5.662310600280762, "lr": 0.02, "adamw_lr": 0.0005, "elapsed_time": 374.9779658317566, "prnt": false}
{"event": "training_step", "timestamp": 1782399351.639513, "step": 307, "max_steps": 875, "loss": 5.5385260581970215, "lr": 0.02, "adamw_lr": 0.0005, "elapsed_time": 376.13783073425293, "prnt": false}
{"event": "training_step", "timestamp": 1782399352.645993, "step": 308, "max_steps": 875, "loss": 5.543644905090332, "lr": 0.02, "adamw_lr": 0.0005, "elapsed_time": 377.14431166648865, "prnt": false}
{"event": "training_step", "timestamp": 1782399353.632985, "step": 309, "max_steps": 875, "loss": 5.503268241882324, "lr": 0.02, "adamw_lr": 0.0005, "elapsed_time": 378.13130378723145, "prnt": false}
{"event": "training_step", "timestamp": 1782399354.6171122, "step": 310, "max_steps": 875, "loss": 5.525766372680664, "lr": 0.02, "adamw_lr": 0.0005, "elapsed_time": 379.1154308319092, "prnt": false}
{"event": "training_step", "timestamp": 1782399355.603884, "step": 311, "max_steps": 875, "loss": 5.5024871826171875, "lr": 0.02, "adamw_lr": 0.0005, "elapsed_time": 380.10220289230347, "prnt": false}
{"event": "training_step", "timestamp": 1782399356.591265, "step": 312, "max_steps": 875, "loss": 5.520003318786621, "lr": 0.02, "adamw_lr": 0.0005, "elapsed_time": 381.0895838737488, "prnt": false}
{"event": "training_step", "timestamp": 1782399357.5777879, "step": 313, "max_steps": 875, "loss": 5.602953910827637, "lr": 0.02, "adamw_lr": 0.0005, "elapsed_time": 382.0761070251465, "prnt": false}
{"event": "training_step", "timestamp": 1782399358.563895, "step": 314, "max_steps": 875, "loss": 5.497455596923828, "lr": 0.02, "adamw_lr": 0.0005, "elapsed_time": 383.0622138977051, "prnt": false}
{"event": "training_step", "timestamp": 1782399359.5504158, "step": 315, "max_steps": 875, "loss": 5.509557723999023, "lr": 0.02, "adamw_lr": 0.0005, "elapsed_time": 384.04873490333557, "prnt": false}
{"event": "training_step", "timestamp": 1782399360.540085, "step": 316, "max_steps": 875, "loss": 5.541154861450195, "lr": 0.02, "adamw_lr": 0.0005, "elapsed_time": 385.0384027957916, "prnt": false}
{"event": "training_step", "timestamp": 1782399361.6460302, "step": 317, "max_steps": 875, "loss": 5.577099323272705, "lr": 0.02, "adamw_lr": 0.0005, "elapsed_time": 386.144348859787, "prnt": false}
{"event": "training_step", "timestamp": 1782399362.670505, "step": 318, "max_steps": 875, "loss": 5.495421409606934, "lr": 0.02, "adamw_lr": 0.0005, "elapsed_time": 387.16882371902466, "prnt": false}
{"event": "training_step", "timestamp": 1782399363.657163, "step": 319, "max_steps": 875, "loss": 5.5258378982543945, "lr": 0.02, "adamw_lr": 0.0005, "elapsed_time": 388.15548181533813, "prnt": false}
{"event": "training_step", "timestamp": 1782399364.779348, "step": 320, "max_steps": 875, "loss": 5.519122123718262, "lr": 0.02, "adamw_lr": 0.0005, "elapsed_time": 389.2776656150818, "prnt": false}
{"event": "training_step", "timestamp": 1782399365.770278, "step": 321, "max_steps": 875, "loss": 5.520547866821289, "lr": 0.02, "adamw_lr": 0.0005, "elapsed_time": 390.2685959339142, "prnt": false}
{"event": "training_step", "timestamp": 1782399366.927229, "step": 322, "max_steps": 875, "loss": 5.558563232421875, "lr": 0.02, "adamw_lr": 0.0005, "elapsed_time": 391.42554688453674, "prnt": false}
{"event": "training_step", "timestamp": 1782399367.986785, "step": 323, "max_steps": 875, "loss": 5.527340888977051, "lr": 0.02, "adamw_lr": 0.0005, "elapsed_time": 392.4851016998291, "prnt": false}
{"event": "training_step", "timestamp": 1782399369.093172, "step": 324, "max_steps": 875, "loss": 5.57974100112915, "lr": 0.02, "adamw_lr": 0.0005, "elapsed_time": 393.5914897918701, "prnt": false}
{"event": "training_step", "timestamp": 1782399370.293331, "step": 325, "max_steps": 875, "loss": 5.5447797775268555, "lr": 0.02, "adamw_lr": 0.0005, "elapsed_time": 394.7916486263275, "prnt": false}
{"event": "training_step", "timestamp": 1782399371.340485, "step": 326, "max_steps": 875, "loss": 5.467246055603027, "lr": 0.02, "adamw_lr": 0.0005, "elapsed_time": 395.83880281448364, "prnt": false}
{"event": "training_step", "timestamp": 1782399372.378036, "step": 327, "max_steps": 875, "loss": 5.539836883544922, "lr": 0.02, "adamw_lr": 0.0005, "elapsed_time": 396.87635374069214, "prnt": false}
{"event": "training_step", "timestamp": 1782399373.527848, "step": 328, "max_steps": 875, "loss": 5.512998104095459, "lr": 0.02, "adamw_lr": 0.0005, "elapsed_time": 398.02616596221924, "prnt": false}
{"event": "validation_step", "timestamp": 1782399377.9145489, "step": 328, "max_steps": 875, "loss": 1.0072097675053733, "ema": true, "elapsed_time": 398.02616596221924}
{"event": "training_step", "timestamp": 1782399378.9705, "step": 329, "max_steps": 875, "loss": 5.505249500274658, "lr": 0.02, "adamw_lr": 0.0005, "elapsed_time": 403.46881794929504, "prnt": false}
{"event": "training_step", "timestamp": 1782399380.245286, "step": 330, "max_steps": 875, "loss": 5.511002540588379, "lr": 0.02, "adamw_lr": 0.0005, "elapsed_time": 404.74360489845276, "prnt": false}
{"event": "training_step", "timestamp": 1782399381.3594382, "step": 331, "max_steps": 875, "loss": 5.5794572830200195, "lr": 0.02, "adamw_lr": 0.0005, "elapsed_time": 405.85775685310364, "prnt": false}
{"event": "training_step", "timestamp": 1782399382.5668979, "step": 332, "max_steps": 875, "loss": 5.542563438415527, "lr": 0.02, "adamw_lr": 0.0005, "elapsed_time": 407.06521701812744, "prnt": false}
{"event": "training_step", "timestamp": 1782399383.753887, "step": 333, "max_steps": 875, "loss": 5.510889053344727, "lr": 0.02, "adamw_lr": 0.0005, "elapsed_time": 408.25220584869385, "prnt": false}
{"event": "training_step", "timestamp": 1782399385.039501, "step": 334, "max_steps": 875, "loss": 5.489104270935059, "lr": 0.02, "adamw_lr": 0.0005, "elapsed_time": 409.5378198623657, "prnt": false}
{"event": "training_step", "timestamp": 1782399386.2036228, "step": 335, "max_steps": 875, "loss": 5.511134147644043, "lr": 0.02, "adamw_lr": 0.0005, "elapsed_time": 410.7019410133362, "prnt": false}
{"event": "training_step", "timestamp": 1782399387.3839219, "step": 336, "max_steps": 875, "loss": 5.44471549987793, "lr": 0.02, "adamw_lr": 0.0005, "elapsed_time": 411.882239818573, "prnt": false}
{"event": "training_step", "timestamp": 1782399388.593787, "step": 337, "max_steps": 875, "loss": 5.4494123458862305, "lr": 0.02, "adamw_lr": 0.0005, "elapsed_time": 413.0921049118042, "prnt": false}
{"event": "training_step", "timestamp": 1782399389.8686779, "step": 338, "max_steps": 875, "loss": 5.4912309646606445, "lr": 0.02, "adamw_lr": 0.0005, "elapsed_time": 414.3669958114624, "prnt": false}
{"event": "training_step", "timestamp": 1782399391.038651, "step": 339, "max_steps": 875, "loss": 5.469053745269775, "lr": 0.02, "adamw_lr": 0.0005, "elapsed_time": 415.5369689464569, "prnt": false}
{"event": "training_step", "timestamp": 1782399392.202304, "step": 340, "max_steps": 875, "loss": 5.454480171203613, "lr": 0.02, "adamw_lr": 0.0005, "elapsed_time": 416.700621843338, "prnt": false}
{"event": "training_step", "timestamp": 1782399393.406623, "step": 341, "max_steps": 875, "loss": 5.520096778869629, "lr": 0.02, "adamw_lr": 0.0005, "elapsed_time": 417.90494179725647, "prnt": false}
{"event": "training_step", "timestamp": 1782399394.426496, "step": 342, "max_steps": 875, "loss": 5.5120344161987305, "lr": 0.02, "adamw_lr": 0.0005, "elapsed_time": 418.9248147010803, "prnt": false}
{"event": "training_step", "timestamp": 1782399395.427254, "step": 343, "max_steps": 875, "loss": 5.486874580383301, "lr": 0.02, "adamw_lr": 0.0005, "elapsed_time": 419.92557287216187, "prnt": false}
{"event": "training_step", "timestamp": 1782399396.6052742, "step": 344, "max_steps": 875, "loss": 5.459929943084717, "lr": 0.02, "adamw_lr": 0.0005, "elapsed_time": 421.1035919189453, "prnt": false}
{"event": "training_step", "timestamp": 1782399397.776383, "step": 345, "max_steps": 875, "loss": 5.496884346008301, "lr": 0.02, "adamw_lr": 0.0005, "elapsed_time": 422.2747006416321, "prnt": false}
{"event": "training_step", "timestamp": 1782399398.927479, "step": 346, "max_steps": 875, "loss": 5.452920913696289, "lr": 0.02, "adamw_lr": 0.0005, "elapsed_time": 423.42579770088196, "prnt": false}
{"event": "training_step", "timestamp": 1782399400.148617, "step": 347, "max_steps": 875, "loss": 5.467029094696045, "lr": 0.02, "adamw_lr": 0.0005, "elapsed_time": 424.6469347476959, "prnt": false}
{"event": "training_step", "timestamp": 1782399401.3518772, "step": 348, "max_steps": 875, "loss": 5.469114303588867, "lr": 0.02, "adamw_lr": 0.0005, "elapsed_time": 425.85017704963684, "prnt": false}
{"event": "training_step", "timestamp": 1782399402.4999528, "step": 349, "max_steps": 875, "loss": 5.491228103637695, "lr": 0.02, "adamw_lr": 0.0005, "elapsed_time": 426.99827098846436, "prnt": false}
{"event": "training_step", "timestamp": 1782399403.477937, "step": 350, "max_steps": 875, "loss": 5.432121753692627, "lr": 0.02, "adamw_lr": 0.0005, "elapsed_time": 427.9762558937073, "prnt": false}
{"event": "training_step", "timestamp": 1782399404.477234, "step": 351, "max_steps": 875, "loss": 5.5049519538879395, "lr": 0.02, "adamw_lr": 0.0005, "elapsed_time": 428.9755530357361, "prnt": false}
{"event": "training_step", "timestamp": 1782399405.616524, "step": 352, "max_steps": 875, "loss": 5.474575042724609, "lr": 0.02, "adamw_lr": 0.0005, "elapsed_time": 430.1148416996002, "prnt": false}
{"event": "training_step", "timestamp": 1782399406.782898, "step": 353, "max_steps": 875, "loss": 5.556606769561768, "lr": 0.02, "adamw_lr": 0.0005, "elapsed_time": 431.2812159061432, "prnt": false}
{"event": "training_step", "timestamp": 1782399407.763099, "step": 354, "max_steps": 875, "loss": 5.455235481262207, "lr": 0.02, "adamw_lr": 0.0005, "elapsed_time": 432.26141691207886, "prnt": false}
{"event": "training_step", "timestamp": 1782399408.7471738, "step": 355, "max_steps": 875, "loss": 5.499547004699707, "lr": 0.02, "adamw_lr": 0.0005, "elapsed_time": 433.24549293518066, "prnt": false}
{"event": "training_step", "timestamp": 1782399409.8972118, "step": 356, "max_steps": 875, "loss": 5.413138389587402, "lr": 0.02, "adamw_lr": 0.0005, "elapsed_time": 434.3955309391022, "prnt": false}
{"event": "training_step", "timestamp": 1782399410.885351, "step": 357, "max_steps": 875, "loss": 5.521132469177246, "lr": 0.02, "adamw_lr": 0.0005, "elapsed_time": 435.38366889953613, "prnt": false}
{"event": "training_step", "timestamp": 1782399411.996127, "step": 358, "max_steps": 875, "loss": 5.481997966766357, "lr": 0.02, "adamw_lr": 0.0005, "elapsed_time": 436.49444460868835, "prnt": false}
{"event": "training_step", "timestamp": 1782399413.0344949, "step": 359, "max_steps": 875, "loss": 5.460726261138916, "lr": 0.02, "adamw_lr": 0.0005, "elapsed_time": 437.5328137874603, "prnt": false}
{"event": "training_step", "timestamp": 1782399414.11803, "step": 360, "max_steps": 875, "loss": 5.3985395431518555, "lr": 0.02, "adamw_lr": 0.0005, "elapsed_time": 438.6163487434387, "prnt": false}
{"event": "training_step", "timestamp": 1782399415.324054, "step": 361, "max_steps": 875, "loss": 5.443114757537842, "lr": 0.02, "adamw_lr": 0.0005, "elapsed_time": 439.822372674942, "prnt": false}
{"event": "training_step", "timestamp": 1782399416.52113, "step": 362, "max_steps": 875, "loss": 5.468174457550049, "lr": 0.02, "adamw_lr": 0.0005, "elapsed_time": 441.0194478034973, "prnt": false}
{"event": "training_step", "timestamp": 1782399417.769665, "step": 363, "max_steps": 875, "loss": 5.409113883972168, "lr": 0.02, "adamw_lr": 0.0005, "elapsed_time": 442.26798367500305, "prnt": false}
{"event": "training_step", "timestamp": 1782399418.909545, "step": 364, "max_steps": 875, "loss": 5.438591003417969, "lr": 0.02, "adamw_lr": 0.0005, "elapsed_time": 443.40786266326904, "prnt": false}
{"event": "training_step", "timestamp": 1782399420.020024, "step": 365, "max_steps": 875, "loss": 5.439454078674316, "lr": 0.02, "adamw_lr": 0.0005, "elapsed_time": 444.51834177970886, "prnt": false}
{"event": "training_step", "timestamp": 1782399421.053426, "step": 366, "max_steps": 875, "loss": 5.448131561279297, "lr": 0.02, "adamw_lr": 0.0005, "elapsed_time": 445.55174493789673, "prnt": false}
{"event": "training_step", "timestamp": 1782399422.289631, "step": 367, "max_steps": 875, "loss": 5.502579689025879, "lr": 0.02, "adamw_lr": 0.0005, "elapsed_time": 446.78794860839844, "prnt": false}
{"event": "training_step", "timestamp": 1782399423.414294, "step": 368, "max_steps": 875, "loss": 5.463778495788574, "lr": 0.02, "adamw_lr": 0.0005, "elapsed_time": 447.9126126766205, "prnt": false}
{"event": "training_step", "timestamp": 1782399424.434679, "step": 369, "max_steps": 875, "loss": 5.439871311187744, "lr": 0.02, "adamw_lr": 0.0005, "elapsed_time": 448.93299770355225, "prnt": false}
{"event": "validation_step", "timestamp": 1782399428.710434, "step": 369, "max_steps": 875, "loss": 0.9993981140202852, "ema": true, "elapsed_time": 448.93299770355225}
{"event": "training_step", "timestamp": 1782399429.776225, "step": 370, "max_steps": 875, "loss": 5.460373878479004, "lr": 0.02, "adamw_lr": 0.0005, "elapsed_time": 454.2745428085327, "prnt": false}
{"event": "training_step", "timestamp": 1782399431.028021, "step": 371, "max_steps": 875, "loss": 5.3670854568481445, "lr": 0.02, "adamw_lr": 0.0005, "elapsed_time": 455.5263388156891, "prnt": false}
{"event": "training_step", "timestamp": 1782399432.1029398, "step": 372, "max_steps": 875, "loss": 5.43013858795166, "lr": 0.02, "adamw_lr": 0.0005, "elapsed_time": 456.6012578010559, "prnt": false}
{"event": "training_step", "timestamp": 1782399433.105799, "step": 373, "max_steps": 875, "loss": 5.468659400939941, "lr": 0.02, "adamw_lr": 0.0005, "elapsed_time": 457.6041178703308, "prnt": false}
{"event": "training_step", "timestamp": 1782399434.25534, "step": 374, "max_steps": 875, "loss": 5.430971145629883, "lr": 0.02, "adamw_lr": 0.0005, "elapsed_time": 458.7536587715149, "prnt": false}
{"event": "training_step", "timestamp": 1782399435.3952608, "step": 375, "max_steps": 875, "loss": 5.391326904296875, "lr": 0.02, "adamw_lr": 0.0005, "elapsed_time": 459.8935797214508, "prnt": false}
{"event": "training_step", "timestamp": 1782399436.519097, "step": 376, "max_steps": 875, "loss": 5.364424705505371, "lr": 0.02, "adamw_lr": 0.0005, "elapsed_time": 461.0174148082733, "prnt": false}
{"event": "training_step", "timestamp": 1782399437.756164, "step": 377, "max_steps": 875, "loss": 5.369474411010742, "lr": 0.02, "adamw_lr": 0.0005, "elapsed_time": 462.25448179244995, "prnt": false}
{"event": "training_step", "timestamp": 1782399438.895461, "step": 378, "max_steps": 875, "loss": 5.4210205078125, "lr": 0.02, "adamw_lr": 0.0005, "elapsed_time": 463.39377880096436, "prnt": false}
{"event": "training_step", "timestamp": 1782399440.1666749, "step": 379, "max_steps": 875, "loss": 5.355696678161621, "lr": 0.02, "adamw_lr": 0.0005, "elapsed_time": 464.6649925708771, "prnt": false}
{"event": "training_step", "timestamp": 1782399441.4305239, "step": 380, "max_steps": 875, "loss": 5.442376136779785, "lr": 0.02, "adamw_lr": 0.0005, "elapsed_time": 465.9288418292999, "prnt": false}
{"event": "training_step", "timestamp": 1782399442.646671, "step": 381, "max_steps": 875, "loss": 5.371001720428467, "lr": 0.02, "adamw_lr": 0.0005, "elapsed_time": 467.1449887752533, "prnt": false}
{"event": "training_step", "timestamp": 1782399443.768548, "step": 382, "max_steps": 875, "loss": 5.491111755371094, "lr": 0.02, "adamw_lr": 0.0005, "elapsed_time": 468.266863822937, "prnt": false}
{"event": "training_step", "timestamp": 1782399444.991744, "step": 383, "max_steps": 875, "loss": 5.386516571044922, "lr": 0.02, "adamw_lr": 0.0005, "elapsed_time": 469.4900608062744, "prnt": false}
{"event": "training_step", "timestamp": 1782399446.146267, "step": 384, "max_steps": 875, "loss": 5.444582462310791, "lr": 0.02, "adamw_lr": 0.0005, "elapsed_time": 470.644583940506, "prnt": false}
{"event": "training_step", "timestamp": 1782399447.311893, "step": 385, "max_steps": 875, "loss": 5.389194488525391, "lr": 0.02, "adamw_lr": 0.0005, "elapsed_time": 471.8102116584778, "prnt": false}
{"event": "training_step", "timestamp": 1782399448.522826, "step": 386, "max_steps": 875, "loss": 5.375415802001953, "lr": 0.02, "adamw_lr": 0.0005, "elapsed_time": 473.02114272117615, "prnt": false}
{"event": "training_step", "timestamp": 1782399449.794302, "step": 387, "max_steps": 875, "loss": 5.454238414764404, "lr": 0.02, "adamw_lr": 0.0005, "elapsed_time": 474.2926206588745, "prnt": false}
{"event": "training_step", "timestamp": 1782399450.912678, "step": 388, "max_steps": 875, "loss": 5.399418830871582, "lr": 0.02, "adamw_lr": 0.0005, "elapsed_time": 475.4109959602356, "prnt": false}
{"event": "training_step", "timestamp": 1782399451.91406, "step": 389, "max_steps": 875, "loss": 5.355342864990234, "lr": 0.02, "adamw_lr": 0.0005, "elapsed_time": 476.4123787879944, "prnt": false}
{"event": "training_step", "timestamp": 1782399453.143986, "step": 390, "max_steps": 875, "loss": 5.327383041381836, "lr": 0.02, "adamw_lr": 0.0005, "elapsed_time": 477.64230489730835, "prnt": false}
{"event": "training_step", "timestamp": 1782399454.335544, "step": 391, "max_steps": 875, "loss": 5.437121391296387, "lr": 0.02, "adamw_lr": 0.0005, "elapsed_time": 478.83386278152466, "prnt": false}
{"event": "training_step", "timestamp": 1782399455.514265, "step": 392, "max_steps": 875, "loss": 5.364850997924805, "lr": 0.02, "adamw_lr": 0.0005, "elapsed_time": 480.01258397102356, "prnt": false}
{"event": "training_step", "timestamp": 1782399456.7118888, "step": 393, "max_steps": 875, "loss": 5.290157318115234, "lr": 0.02, "adamw_lr": 0.0005, "elapsed_time": 481.21020793914795, "prnt": false}
{"event": "training_step", "timestamp": 1782399457.926646, "step": 394, "max_steps": 875, "loss": 5.351469993591309, "lr": 0.02, "adamw_lr": 0.0005, "elapsed_time": 482.42496490478516, "prnt": false}
{"event": "training_step", "timestamp": 1782399458.9412081, "step": 395, "max_steps": 875, "loss": 5.381619453430176, "lr": 0.02, "adamw_lr": 0.0005, "elapsed_time": 483.43952679634094, "prnt": false}
{"event": "training_step", "timestamp": 1782399459.9878988, "step": 396, "max_steps": 875, "loss": 5.362477779388428, "lr": 0.02, "adamw_lr": 0.0005, "elapsed_time": 484.48621678352356, "prnt": false}
{"event": "training_step", "timestamp": 1782399461.1628668, "step": 397, "max_steps": 875, "loss": 5.341728210449219, "lr": 0.02, "adamw_lr": 0.0005, "elapsed_time": 485.6611850261688, "prnt": false}
{"event": "training_step", "timestamp": 1782399462.373316, "step": 398, "max_steps": 875, "loss": 5.316656112670898, "lr": 0.02, "adamw_lr": 0.0005, "elapsed_time": 486.87163376808167, "prnt": false}
{"event": "training_step", "timestamp": 1782399463.677852, "step": 399, "max_steps": 875, "loss": 5.379952907562256, "lr": 0.02, "adamw_lr": 0.0005, "elapsed_time": 488.17616987228394, "prnt": false}
{"event": "training_step", "timestamp": 1782399464.758191, "step": 400, "max_steps": 875, "loss": 5.399839401245117, "lr": 0.02, "adamw_lr": 0.0005, "elapsed_time": 489.25650787353516, "prnt": false}
{"event": "training_step", "timestamp": 1782399465.80788, "step": 401, "max_steps": 875, "loss": 5.39309024810791, "lr": 0.02, "adamw_lr": 0.0005, "elapsed_time": 490.3061978816986, "prnt": false}
{"event": "training_step", "timestamp": 1782399466.9714491, "step": 402, "max_steps": 875, "loss": 5.339322566986084, "lr": 0.02, "adamw_lr": 0.0005, "elapsed_time": 491.46976685523987, "prnt": false}
{"event": "training_step", "timestamp": 1782399468.1889548, "step": 403, "max_steps": 875, "loss": 5.363170146942139, "lr": 0.02, "adamw_lr": 0.0005, "elapsed_time": 492.6872727870941, "prnt": false}
{"event": "training_step", "timestamp": 1782399469.446966, "step": 404, "max_steps": 875, "loss": 5.350500583648682, "lr": 0.02, "adamw_lr": 0.0005, "elapsed_time": 493.94528365135193, "prnt": false}
{"event": "training_step", "timestamp": 1782399470.808906, "step": 405, "max_steps": 875, "loss": 5.303014278411865, "lr": 0.02, "adamw_lr": 0.0005, "elapsed_time": 495.3072237968445, "prnt": false}
{"event": "training_step", "timestamp": 1782399472.047549, "step": 406, "max_steps": 875, "loss": 5.3440470695495605, "lr": 0.02, "adamw_lr": 0.0005, "elapsed_time": 496.54586601257324, "prnt": false}
{"event": "training_step", "timestamp": 1782399473.192554, "step": 407, "max_steps": 875, "loss": 5.306903839111328, "lr": 0.02, "adamw_lr": 0.0005, "elapsed_time": 497.69087076187134, "prnt": false}
{"event": "training_step", "timestamp": 1782399474.340401, "step": 408, "max_steps": 875, "loss": 5.35438871383667, "lr": 0.02, "adamw_lr": 0.0005, "elapsed_time": 498.8387198448181, "prnt": false}
{"event": "training_step", "timestamp": 1782399475.5950599, "step": 409, "max_steps": 875, "loss": 5.34443473815918, "lr": 0.02, "adamw_lr": 0.0005, "elapsed_time": 500.0933768749237, "prnt": false}
{"event": "training_step", "timestamp": 1782399476.849803, "step": 410, "max_steps": 875, "loss": 5.320331573486328, "lr": 0.02, "adamw_lr": 0.0005, "elapsed_time": 501.3481206893921, "prnt": false}
{"event": "validation_step", "timestamp": 1782399481.030129, "step": 410, "max_steps": 875, "loss": 0.9933449217986748, "ema": true, "elapsed_time": 501.3481206893921}
{"event": "training_step", "timestamp": 1782399482.082334, "step": 411, "max_steps": 875, "loss": 5.413692474365234, "lr": 0.02, "adamw_lr": 0.0005, "elapsed_time": 506.5806517601013, "prnt": false}
{"event": "training_step", "timestamp": 1782399483.125932, "step": 412, "max_steps": 875, "loss": 5.325189590454102, "lr": 0.02, "adamw_lr": 0.0005, "elapsed_time": 507.62425088882446, "prnt": false}
{"event": "training_step", "timestamp": 1782399484.2890291, "step": 413, "max_steps": 875, "loss": 5.339613437652588, "lr": 0.02, "adamw_lr": 0.0005, "elapsed_time": 508.7873468399048, "prnt": false}
{"event": "training_step", "timestamp": 1782399485.4542122, "step": 414, "max_steps": 875, "loss": 5.305459022521973, "lr": 0.02, "adamw_lr": 0.0005, "elapsed_time": 509.9525308609009, "prnt": false}
{"event": "training_step", "timestamp": 1782399486.505057, "step": 415, "max_steps": 875, "loss": 5.272401809692383, "lr": 0.02, "adamw_lr": 0.0005, "elapsed_time": 511.0033748149872, "prnt": false}
{"event": "training_step", "timestamp": 1782399487.513016, "step": 416, "max_steps": 875, "loss": 5.330556869506836, "lr": 0.02, "adamw_lr": 0.0005, "elapsed_time": 512.0113348960876, "prnt": false}
{"event": "training_step", "timestamp": 1782399488.699467, "step": 417, "max_steps": 875, "loss": 5.323179244995117, "lr": 0.02, "adamw_lr": 0.0005, "elapsed_time": 513.1977846622467, "prnt": false}
{"event": "training_step", "timestamp": 1782399489.935442, "step": 418, "max_steps": 875, "loss": 5.252097129821777, "lr": 0.02, "adamw_lr": 0.0005, "elapsed_time": 514.4337606430054, "prnt": false}
{"event": "training_step", "timestamp": 1782399491.216367, "step": 419, "max_steps": 875, "loss": 5.301949501037598, "lr": 0.02, "adamw_lr": 0.0005, "elapsed_time": 515.7146837711334, "prnt": false}
{"event": "training_step", "timestamp": 1782399492.2697852, "step": 420, "max_steps": 875, "loss": 5.268144130706787, "lr": 0.02, "adamw_lr": 0.0005, "elapsed_time": 516.7681028842926, "prnt": false}
{"event": "training_step", "timestamp": 1782399493.4534059, "step": 421, "max_steps": 875, "loss": 5.280803680419922, "lr": 0.02, "adamw_lr": 0.0005, "elapsed_time": 517.9517238140106, "prnt": false}
{"event": "training_step", "timestamp": 1782399494.5895438, "step": 422, "max_steps": 875, "loss": 5.284845352172852, "lr": 0.02, "adamw_lr": 0.0005, "elapsed_time": 519.0878620147705, "prnt": false}
{"event": "training_step", "timestamp": 1782399495.5810182, "step": 423, "max_steps": 875, "loss": 5.260522842407227, "lr": 0.02, "adamw_lr": 0.0005, "elapsed_time": 520.0793359279633, "prnt": false}
{"event": "training_step", "timestamp": 1782399496.6230881, "step": 424, "max_steps": 875, "loss": 5.2373881340026855, "lr": 0.02, "adamw_lr": 0.0005, "elapsed_time": 521.12140583992, "prnt": false}
{"event": "training_step", "timestamp": 1782399497.868764, "step": 425, "max_steps": 875, "loss": 5.301635265350342, "lr": 0.02, "adamw_lr": 0.0005, "elapsed_time": 522.3670818805695, "prnt": false}
{"event": "training_step", "timestamp": 1782399498.86884, "step": 426, "max_steps": 875, "loss": 5.289241790771484, "lr": 0.02, "adamw_lr": 0.0005, "elapsed_time": 523.3671586513519, "prnt": false}
{"event": "training_step", "timestamp": 1782399499.85852, "step": 427, "max_steps": 875, "loss": 5.222733497619629, "lr": 0.02, "adamw_lr": 0.0005, "elapsed_time": 524.3568377494812, "prnt": false}
{"event": "training_step", "timestamp": 1782399501.0194108, "step": 428, "max_steps": 875, "loss": 5.304739475250244, "lr": 0.02, "adamw_lr": 0.0005, "elapsed_time": 525.5177297592163, "prnt": false}
{"event": "training_step", "timestamp": 1782399502.132899, "step": 429, "max_steps": 875, "loss": 5.2978620529174805, "lr": 0.02, "adamw_lr": 0.0005, "elapsed_time": 526.6312167644501, "prnt": false}
{"event": "training_step", "timestamp": 1782399503.160343, "step": 430, "max_steps": 875, "loss": 5.24423885345459, "lr": 0.02, "adamw_lr": 0.0005, "elapsed_time": 527.6586608886719, "prnt": false}
{"event": "training_step", "timestamp": 1782399504.160584, "step": 431, "max_steps": 875, "loss": 5.377597808837891, "lr": 0.02, "adamw_lr": 0.0005, "elapsed_time": 528.6589026451111, "prnt": false}
{"event": "training_step", "timestamp": 1782399505.326358, "step": 432, "max_steps": 875, "loss": 5.250316619873047, "lr": 0.02, "adamw_lr": 0.0005, "elapsed_time": 529.8246757984161, "prnt": false}
{"event": "training_step", "timestamp": 1782399506.486062, "step": 433, "max_steps": 875, "loss": 5.240509986877441, "lr": 0.02, "adamw_lr": 0.0005, "elapsed_time": 530.9843809604645, "prnt": false}
{"event": "training_step", "timestamp": 1782399507.523369, "step": 434, "max_steps": 875, "loss": 5.226156234741211, "lr": 0.02, "adamw_lr": 0.0005, "elapsed_time": 532.0216867923737, "prnt": false}
{"event": "training_step", "timestamp": 1782399508.515784, "step": 435, "max_steps": 875, "loss": 5.22860050201416, "lr": 0.02, "adamw_lr": 0.0005, "elapsed_time": 533.0141026973724, "prnt": false}
{"event": "training_step", "timestamp": 1782399509.6713102, "step": 436, "max_steps": 875, "loss": 5.210914134979248, "lr": 0.02, "adamw_lr": 0.0005, "elapsed_time": 534.169627904892, "prnt": false}
{"event": "training_step", "timestamp": 1782399510.660286, "step": 437, "max_steps": 875, "loss": 5.2236833572387695, "lr": 0.02, "adamw_lr": 0.0005, "elapsed_time": 535.1586046218872, "prnt": false}
{"event": "training_step", "timestamp": 1782399511.661589, "step": 438, "max_steps": 875, "loss": 5.298891544342041, "lr": 0.02, "adamw_lr": 0.0005, "elapsed_time": 536.1599078178406, "prnt": false}
{"event": "training_step", "timestamp": 1782399512.855192, "step": 439, "max_steps": 875, "loss": 5.22382116317749, "lr": 0.02, "adamw_lr": 0.0005, "elapsed_time": 537.3535108566284, "prnt": false}
{"event": "training_step", "timestamp": 1782399513.8463511, "step": 440, "max_steps": 875, "loss": 5.228270530700684, "lr": 0.02, "adamw_lr": 0.0005, "elapsed_time": 538.3446698188782, "prnt": false}
{"event": "training_step", "timestamp": 1782399514.8315399, "step": 441, "max_steps": 875, "loss": 5.252473831176758, "lr": 0.02, "adamw_lr": 0.0005, "elapsed_time": 539.3298587799072, "prnt": false}
{"event": "training_step", "timestamp": 1782399515.999625, "step": 442, "max_steps": 875, "loss": 5.278361797332764, "lr": 0.02, "adamw_lr": 0.0005, "elapsed_time": 540.4979436397552, "prnt": false}
{"event": "training_step", "timestamp": 1782399516.9968011, "step": 443, "max_steps": 875, "loss": 5.205009460449219, "lr": 0.02, "adamw_lr": 0.0005, "elapsed_time": 541.4951198101044, "prnt": false}
{"event": "training_step", "timestamp": 1782399518.109822, "step": 444, "max_steps": 875, "loss": 5.233516216278076, "lr": 0.02, "adamw_lr": 0.0005, "elapsed_time": 542.608140707016, "prnt": false}
{"event": "training_step", "timestamp": 1782399519.159764, "step": 445, "max_steps": 875, "loss": 5.227852821350098, "lr": 0.02, "adamw_lr": 0.0005, "elapsed_time": 543.6580827236176, "prnt": false}
{"event": "training_step", "timestamp": 1782399520.1480582, "step": 446, "max_steps": 875, "loss": 5.239583969116211, "lr": 0.02, "adamw_lr": 0.0005, "elapsed_time": 544.6463768482208, "prnt": false}
{"event": "training_step", "timestamp": 1782399521.3390532, "step": 447, "max_steps": 875, "loss": 5.27004861831665, "lr": 0.02, "adamw_lr": 0.0005, "elapsed_time": 545.8373718261719, "prnt": false}
{"event": "training_step", "timestamp": 1782399522.3452559, "step": 448, "max_steps": 875, "loss": 5.234416484832764, "lr": 0.02, "adamw_lr": 0.0005, "elapsed_time": 546.8435728549957, "prnt": false}
{"event": "training_step", "timestamp": 1782399523.485985, "step": 449, "max_steps": 875, "loss": 5.285438060760498, "lr": 0.02, "adamw_lr": 0.0005, "elapsed_time": 547.9842779636383, "prnt": false}
{"event": "training_step", "timestamp": 1782399524.518643, "step": 450, "max_steps": 875, "loss": 5.248713493347168, "lr": 0.02, "adamw_lr": 0.0005, "elapsed_time": 549.016961812973, "prnt": false}
{"event": "training_step", "timestamp": 1782399525.5332851, "step": 451, "max_steps": 875, "loss": 5.186643600463867, "lr": 0.02, "adamw_lr": 0.0005, "elapsed_time": 550.0316028594971, "prnt": false}
{"event": "validation_step", "timestamp": 1782399529.437501, "step": 451, "max_steps": 875, "loss": 0.9893426270493987, "ema": true, "elapsed_time": 550.0316028594971}
{"event": "training_step", "timestamp": 1782399530.33474, "step": 452, "max_steps": 875, "loss": 5.247923851013184, "lr": 0.02, "adamw_lr": 0.0005, "elapsed_time": 554.833055973053, "prnt": false}
{"event": "training_step", "timestamp": 1782399531.520906, "step": 453, "max_steps": 875, "loss": 5.223989486694336, "lr": 0.02, "adamw_lr": 0.0005, "elapsed_time": 556.0192246437073, "prnt": false}
{"event": "training_step", "timestamp": 1782399532.6787121, "step": 454, "max_steps": 875, "loss": 5.2156219482421875, "lr": 0.02, "adamw_lr": 0.0005, "elapsed_time": 557.1770298480988, "prnt": false}
{"event": "training_step", "timestamp": 1782399533.6938481, "step": 455, "max_steps": 875, "loss": 5.2264723777771, "lr": 0.02, "adamw_lr": 0.0005, "elapsed_time": 558.192165851593, "prnt": false}
{"event": "training_step", "timestamp": 1782399534.723107, "step": 456, "max_steps": 875, "loss": 5.29267692565918, "lr": 0.02, "adamw_lr": 0.0005, "elapsed_time": 559.2214257717133, "prnt": false}
{"event": "training_step", "timestamp": 1782399535.9007611, "step": 457, "max_steps": 875, "loss": 5.251864433288574, "lr": 0.02, "adamw_lr": 0.0005, "elapsed_time": 560.3990797996521, "prnt": false}
{"event": "training_step", "timestamp": 1782399537.139263, "step": 458, "max_steps": 875, "loss": 5.219606399536133, "lr": 0.02, "adamw_lr": 0.0005, "elapsed_time": 561.6375818252563, "prnt": false}
{"event": "training_step", "timestamp": 1782399538.422878, "step": 459, "max_steps": 875, "loss": 5.21765661239624, "lr": 0.02, "adamw_lr": 0.0005, "elapsed_time": 562.9211966991425, "prnt": false}
{"event": "training_step", "timestamp": 1782399539.496743, "step": 460, "max_steps": 875, "loss": 5.230233192443848, "lr": 0.02, "adamw_lr": 0.0005, "elapsed_time": 563.9950609207153, "prnt": false}
{"event": "training_step", "timestamp": 1782399540.59768, "step": 461, "max_steps": 875, "loss": 5.165459156036377, "lr": 0.02, "adamw_lr": 0.0005, "elapsed_time": 565.0959990024567, "prnt": false}
{"event": "training_step", "timestamp": 1782399541.586699, "step": 462, "max_steps": 875, "loss": 5.174234390258789, "lr": 0.02, "adamw_lr": 0.0005, "elapsed_time": 566.0850176811218, "prnt": false}
{"event": "training_step", "timestamp": 1782399542.575562, "step": 463, "max_steps": 875, "loss": 5.198613166809082, "lr": 0.02, "adamw_lr": 0.0005, "elapsed_time": 567.0738806724548, "prnt": false}
{"event": "training_step", "timestamp": 1782399543.5648441, "step": 464, "max_steps": 875, "loss": 5.194735050201416, "lr": 0.02, "adamw_lr": 0.0005, "elapsed_time": 568.0631628036499, "prnt": false}
{"event": "training_step", "timestamp": 1782399544.548605, "step": 465, "max_steps": 875, "loss": 5.1742730140686035, "lr": 0.02, "adamw_lr": 0.0005, "elapsed_time": 569.0469236373901, "prnt": false}
{"event": "training_step", "timestamp": 1782399545.534577, "step": 466, "max_steps": 875, "loss": 5.236498832702637, "lr": 0.02, "adamw_lr": 0.0005, "elapsed_time": 570.0328938961029, "prnt": false}
{"event": "training_step", "timestamp": 1782399546.584057, "step": 467, "max_steps": 875, "loss": 5.227869987487793, "lr": 0.02, "adamw_lr": 0.0005, "elapsed_time": 571.0823757648468, "prnt": false}
{"event": "training_step", "timestamp": 1782399547.684223, "step": 468, "max_steps": 875, "loss": 5.193515777587891, "lr": 0.02, "adamw_lr": 0.0005, "elapsed_time": 572.182541847229, "prnt": false}
{"event": "training_step", "timestamp": 1782399548.8472059, "step": 469, "max_steps": 875, "loss": 5.178928852081299, "lr": 0.02, "adamw_lr": 0.0005, "elapsed_time": 573.3455250263214, "prnt": false}
{"event": "training_step", "timestamp": 1782399549.8982432, "step": 470, "max_steps": 875, "loss": 5.2079362869262695, "lr": 0.02, "adamw_lr": 0.0005, "elapsed_time": 574.3965609073639, "prnt": false}
{"event": "training_step", "timestamp": 1782399551.012158, "step": 471, "max_steps": 875, "loss": 5.182621002197266, "lr": 0.02, "adamw_lr": 0.0005, "elapsed_time": 575.5104756355286, "prnt": false}
{"event": "training_step", "timestamp": 1782399552.113447, "step": 472, "max_steps": 875, "loss": 5.190972328186035, "lr": 0.02, "adamw_lr": 0.0005, "elapsed_time": 576.6117639541626, "prnt": false}
{"event": "training_step", "timestamp": 1782399553.246521, "step": 473, "max_steps": 875, "loss": 5.192647457122803, "lr": 0.02, "adamw_lr": 0.0005, "elapsed_time": 577.7448389530182, "prnt": false}
{"event": "training_step", "timestamp": 1782399554.248169, "step": 474, "max_steps": 875, "loss": 5.222536087036133, "lr": 0.02, "adamw_lr": 0.0005, "elapsed_time": 578.7464876174927, "prnt": false}
{"event": "training_step", "timestamp": 1782399555.263177, "step": 475, "max_steps": 875, "loss": 5.154718399047852, "lr": 0.02, "adamw_lr": 0.0005, "elapsed_time": 579.7614946365356, "prnt": false}
{"event": "training_step", "timestamp": 1782399556.417928, "step": 476, "max_steps": 875, "loss": 5.211583614349365, "lr": 0.02, "adamw_lr": 0.0005, "elapsed_time": 580.9162459373474, "prnt": false}
{"event": "training_step", "timestamp": 1782399557.587827, "step": 477, "max_steps": 875, "loss": 5.19737434387207, "lr": 0.02, "adamw_lr": 0.0005, "elapsed_time": 582.0861449241638, "prnt": false}
{"event": "training_step", "timestamp": 1782399558.5842052, "step": 478, "max_steps": 875, "loss": 5.261369705200195, "lr": 0.02, "adamw_lr": 0.0005, "elapsed_time": 583.0825228691101, "prnt": false}
{"event": "training_step", "timestamp": 1782399559.608976, "step": 479, "max_steps": 875, "loss": 5.173214912414551, "lr": 0.02, "adamw_lr": 0.0005, "elapsed_time": 584.1072947978973, "prnt": false}
{"event": "training_step", "timestamp": 1782399560.742212, "step": 480, "max_steps": 875, "loss": 5.225327491760254, "lr": 0.02, "adamw_lr": 0.0005, "elapsed_time": 585.2405309677124, "prnt": false}
{"event": "training_step", "timestamp": 1782399561.729664, "step": 481, "max_steps": 875, "loss": 5.138025283813477, "lr": 0.02, "adamw_lr": 0.0005, "elapsed_time": 586.2279818058014, "prnt": false}
{"event": "training_step", "timestamp": 1782399562.7131479, "step": 482, "max_steps": 875, "loss": 5.240560054779053, "lr": 0.02, "adamw_lr": 0.0005, "elapsed_time": 587.2114670276642, "prnt": false}
{"event": "training_step", "timestamp": 1782399563.697786, "step": 483, "max_steps": 875, "loss": 5.19552755355835, "lr": 0.02, "adamw_lr": 0.0005, "elapsed_time": 588.1961047649384, "prnt": false}
{"event": "training_step", "timestamp": 1782399564.682153, "step": 484, "max_steps": 875, "loss": 5.184930801391602, "lr": 0.02, "adamw_lr": 0.0005, "elapsed_time": 589.1804716587067, "prnt": false}
{"event": "training_step", "timestamp": 1782399565.668674, "step": 485, "max_steps": 875, "loss": 5.132004261016846, "lr": 0.02, "adamw_lr": 0.0005, "elapsed_time": 590.1669929027557, "prnt": false}
{"event": "training_step", "timestamp": 1782399566.657444, "step": 486, "max_steps": 875, "loss": 5.169863700866699, "lr": 0.02, "adamw_lr": 0.0005, "elapsed_time": 591.1557629108429, "prnt": false}
{"event": "training_step", "timestamp": 1782399567.645182, "step": 487, "max_steps": 875, "loss": 5.203808784484863, "lr": 0.02, "adamw_lr": 0.0005, "elapsed_time": 592.1435008049011, "prnt": false}
{"event": "training_step", "timestamp": 1782399568.632799, "step": 488, "max_steps": 875, "loss": 5.134720802307129, "lr": 0.02, "adamw_lr": 0.0005, "elapsed_time": 593.1311178207397, "prnt": false}
{"event": "training_step", "timestamp": 1782399569.617365, "step": 489, "max_steps": 875, "loss": 5.170100688934326, "lr": 0.02, "adamw_lr": 0.0005, "elapsed_time": 594.1156837940216, "prnt": false}
{"event": "training_step", "timestamp": 1782399570.619693, "step": 490, "max_steps": 875, "loss": 5.155614852905273, "lr": 0.02, "adamw_lr": 0.0005, "elapsed_time": 595.118011713028, "prnt": false}
{"event": "training_step", "timestamp": 1782399571.784996, "step": 491, "max_steps": 875, "loss": 5.175337314605713, "lr": 0.02, "adamw_lr": 0.0005, "elapsed_time": 596.2833137512207, "prnt": false}
{"event": "training_step", "timestamp": 1782399573.032853, "step": 492, "max_steps": 875, "loss": 5.236264228820801, "lr": 0.02, "adamw_lr": 0.0005, "elapsed_time": 597.5311696529388, "prnt": false}
{"event": "validation_step", "timestamp": 1782399576.978789, "step": 492, "max_steps": 875, "loss": 0.9853062219123577, "ema": true, "elapsed_time": 597.5311696529388}
{"event": "training_step", "timestamp": 1782399577.894007, "step": 493, "max_steps": 875, "loss": 5.188469886779785, "lr": 0.02, "adamw_lr": 0.0005, "elapsed_time": 602.3923258781433, "prnt": false}
{"event": "training_step", "timestamp": 1782399578.955539, "step": 494, "max_steps": 875, "loss": 5.166142463684082, "lr": 0.02, "adamw_lr": 0.0005, "elapsed_time": 603.4538576602936, "prnt": false}
{"event": "training_step", "timestamp": 1782399580.1654122, "step": 495, "max_steps": 875, "loss": 5.173628807067871, "lr": 0.02, "adamw_lr": 0.0005, "elapsed_time": 604.6637299060822, "prnt": false}
{"event": "training_step", "timestamp": 1782399581.1756742, "step": 496, "max_steps": 875, "loss": 5.098214626312256, "lr": 0.02, "adamw_lr": 0.0005, "elapsed_time": 605.6739928722382, "prnt": false}
{"event": "training_step", "timestamp": 1782399582.1735198, "step": 497, "max_steps": 875, "loss": 5.145960807800293, "lr": 0.02, "adamw_lr": 0.0005, "elapsed_time": 606.6718368530273, "prnt": false}
{"event": "training_step", "timestamp": 1782399583.338754, "step": 498, "max_steps": 875, "loss": 5.195145606994629, "lr": 0.02, "adamw_lr": 0.0005, "elapsed_time": 607.8370718955994, "prnt": false}
{"event": "training_step", "timestamp": 1782399584.3420842, "step": 499, "max_steps": 875, "loss": 5.146243095397949, "lr": 0.02, "adamw_lr": 0.0005, "elapsed_time": 608.840402841568, "prnt": false}
{"event": "training_step", "timestamp": 1782399585.461354, "step": 500, "max_steps": 875, "loss": 5.10899543762207, "lr": 0.02, "adamw_lr": 0.0005, "elapsed_time": 609.9596717357635, "prnt": false}
{"event": "training_step", "timestamp": 1782399586.708817, "step": 501, "max_steps": 875, "loss": 5.098133087158203, "lr": 0.02, "adamw_lr": 0.0005, "elapsed_time": 611.2071349620819, "prnt": false}
{"event": "training_step", "timestamp": 1782399587.89672, "step": 502, "max_steps": 875, "loss": 5.106839179992676, "lr": 0.02, "adamw_lr": 0.0005, "elapsed_time": 612.3950388431549, "prnt": false}
{"event": "training_step", "timestamp": 1782399589.13923, "step": 503, "max_steps": 875, "loss": 5.144800186157227, "lr": 0.02, "adamw_lr": 0.0005, "elapsed_time": 613.6375477313995, "prnt": false}
{"event": "training_step", "timestamp": 1782399590.189377, "step": 504, "max_steps": 875, "loss": 5.085549831390381, "lr": 0.02, "adamw_lr": 0.0005, "elapsed_time": 614.6876947879791, "prnt": false}
{"event": "training_step", "timestamp": 1782399591.4063082, "step": 505, "max_steps": 875, "loss": 5.179159164428711, "lr": 0.02, "adamw_lr": 0.0005, "elapsed_time": 615.9046258926392, "prnt": false}
{"event": "training_step", "timestamp": 1782399592.433537, "step": 506, "max_steps": 875, "loss": 5.104485511779785, "lr": 0.02, "adamw_lr": 0.0005, "elapsed_time": 616.931854724884, "prnt": false}
{"event": "training_step", "timestamp": 1782399593.4244878, "step": 507, "max_steps": 875, "loss": 5.225316047668457, "lr": 0.02, "adamw_lr": 0.0005, "elapsed_time": 617.9228067398071, "prnt": false}
{"event": "training_step", "timestamp": 1782399594.597482, "step": 508, "max_steps": 875, "loss": 5.11823844909668, "lr": 0.02, "adamw_lr": 0.0005, "elapsed_time": 619.0958006381989, "prnt": false}
{"event": "training_step", "timestamp": 1782399595.586074, "step": 509, "max_steps": 875, "loss": 5.197231292724609, "lr": 0.02, "adamw_lr": 0.0005, "elapsed_time": 620.084392786026, "prnt": false}
{"event": "training_step", "timestamp": 1782399596.5757282, "step": 510, "max_steps": 875, "loss": 5.107243537902832, "lr": 0.02, "adamw_lr": 0.0005, "elapsed_time": 621.0740458965302, "prnt": false}
{"event": "training_step", "timestamp": 1782399597.5621812, "step": 511, "max_steps": 875, "loss": 5.105443477630615, "lr": 0.02, "adamw_lr": 0.0005, "elapsed_time": 622.0604999065399, "prnt": false}
{"event": "training_step", "timestamp": 1782399598.547209, "step": 512, "max_steps": 875, "loss": 5.168027877807617, "lr": 0.02, "adamw_lr": 0.0005, "elapsed_time": 623.0455267429352, "prnt": false}
{"event": "training_step", "timestamp": 1782399599.530082, "step": 513, "max_steps": 875, "loss": 5.133691310882568, "lr": 0.02, "adamw_lr": 0.0005, "elapsed_time": 624.0284008979797, "prnt": false}
{"event": "training_step", "timestamp": 1782399600.520334, "step": 514, "max_steps": 875, "loss": 5.096530914306641, "lr": 0.02, "adamw_lr": 0.0005, "elapsed_time": 625.0186529159546, "prnt": false}
{"event": "training_step", "timestamp": 1782399601.508988, "step": 515, "max_steps": 875, "loss": 5.065862655639648, "lr": 0.02, "adamw_lr": 0.0005, "elapsed_time": 626.0073068141937, "prnt": false}
{"event": "training_step", "timestamp": 1782399602.496939, "step": 516, "max_steps": 875, "loss": 5.157227516174316, "lr": 0.02, "adamw_lr": 0.0005, "elapsed_time": 626.9952578544617, "prnt": false}
{"event": "training_step", "timestamp": 1782399603.478396, "step": 517, "max_steps": 875, "loss": 5.1012420654296875, "lr": 0.02, "adamw_lr": 0.0005, "elapsed_time": 627.976714849472, "prnt": false}
{"event": "training_step", "timestamp": 1782399604.4577138, "step": 518, "max_steps": 875, "loss": 5.024021148681641, "lr": 0.02, "adamw_lr": 0.0005, "elapsed_time": 628.9560329914093, "prnt": false}
{"event": "training_step", "timestamp": 1782399605.4393952, "step": 519, "max_steps": 875, "loss": 5.081143856048584, "lr": 0.02, "adamw_lr": 0.0005, "elapsed_time": 629.9377138614655, "prnt": false}
{"event": "training_step", "timestamp": 1782399606.426729, "step": 520, "max_steps": 875, "loss": 5.12030553817749, "lr": 0.02, "adamw_lr": 0.0005, "elapsed_time": 630.9250476360321, "prnt": false}
{"event": "training_step", "timestamp": 1782399607.4188302, "step": 521, "max_steps": 875, "loss": 5.086852073669434, "lr": 0.02, "adamw_lr": 0.0005, "elapsed_time": 631.9171478748322, "prnt": false}
{"event": "training_step", "timestamp": 1782399608.5168629, "step": 522, "max_steps": 875, "loss": 5.091290473937988, "lr": 0.02, "adamw_lr": 0.0005, "elapsed_time": 633.0151817798615, "prnt": false}
{"event": "training_step", "timestamp": 1782399609.570282, "step": 523, "max_steps": 875, "loss": 5.056059837341309, "lr": 0.02, "adamw_lr": 0.0005, "elapsed_time": 634.0685997009277, "prnt": false}
{"event": "training_step", "timestamp": 1782399610.5659919, "step": 524, "max_steps": 875, "loss": 5.113070011138916, "lr": 0.02, "adamw_lr": 0.0005, "elapsed_time": 635.0643107891083, "prnt": false}
{"event": "training_step", "timestamp": 1782399611.571172, "step": 525, "max_steps": 875, "loss": 5.123926162719727, "lr": 0.02, "adamw_lr": 0.0005, "elapsed_time": 636.0694899559021, "prnt": false}
{"event": "training_step", "timestamp": 1782399612.756258, "step": 526, "max_steps": 875, "loss": 5.131128787994385, "lr": 0.02, "adamw_lr": 0.0005, "elapsed_time": 637.254576921463, "prnt": false}
{"event": "training_step", "timestamp": 1782399613.734996, "step": 527, "max_steps": 875, "loss": 5.075987815856934, "lr": 0.02, "adamw_lr": 0.0005, "elapsed_time": 638.2333147525787, "prnt": false}
{"event": "training_step", "timestamp": 1782399614.718946, "step": 528, "max_steps": 875, "loss": 5.094658374786377, "lr": 0.02, "adamw_lr": 0.0005, "elapsed_time": 639.2172648906708, "prnt": false}
{"event": "training_step", "timestamp": 1782399615.701121, "step": 529, "max_steps": 875, "loss": 5.087630748748779, "lr": 0.02, "adamw_lr": 0.0005, "elapsed_time": 640.1994388103485, "prnt": false}
{"event": "training_step", "timestamp": 1782399616.691543, "step": 530, "max_steps": 875, "loss": 5.046633720397949, "lr": 0.02, "adamw_lr": 0.0005, "elapsed_time": 641.1898608207703, "prnt": false}
{"event": "training_step", "timestamp": 1782399617.856529, "step": 531, "max_steps": 875, "loss": 5.087558269500732, "lr": 0.02, "adamw_lr": 0.0005, "elapsed_time": 642.3548448085785, "prnt": false}
{"event": "training_step", "timestamp": 1782399618.8407931, "step": 532, "max_steps": 875, "loss": 5.064945220947266, "lr": 0.02, "adamw_lr": 0.0005, "elapsed_time": 643.3391118049622, "prnt": false}
{"event": "training_step", "timestamp": 1782399619.84479, "step": 533, "max_steps": 875, "loss": 5.094127655029297, "lr": 0.02, "adamw_lr": 0.0005, "elapsed_time": 644.3431077003479, "prnt": false}
{"event": "validation_step", "timestamp": 1782399623.562835, "step": 533, "max_steps": 875, "loss": 0.981849721121907, "ema": true, "elapsed_time": 644.3431077003479}
{"event": "training_step", "timestamp": 1782399624.400047, "step": 534, "max_steps": 875, "loss": 5.093727111816406, "lr": 0.02, "adamw_lr": 0.0005, "elapsed_time": 648.8983659744263, "prnt": false}
{"event": "training_step", "timestamp": 1782399625.377059, "step": 535, "max_steps": 875, "loss": 5.066461563110352, "lr": 0.02, "adamw_lr": 0.0005, "elapsed_time": 649.8753778934479, "prnt": false}
{"event": "training_step", "timestamp": 1782399626.361572, "step": 536, "max_steps": 875, "loss": 5.150006294250488, "lr": 0.02, "adamw_lr": 0.0005, "elapsed_time": 650.8598897457123, "prnt": false}
{"event": "training_step", "timestamp": 1782399627.344664, "step": 537, "max_steps": 875, "loss": 5.060340881347656, "lr": 0.02, "adamw_lr": 0.0005, "elapsed_time": 651.8429818153381, "prnt": false}
{"event": "training_step", "timestamp": 1782399628.332038, "step": 538, "max_steps": 875, "loss": 5.090998649597168, "lr": 0.02, "adamw_lr": 0.0005, "elapsed_time": 652.830356836319, "prnt": false}
{"event": "training_step", "timestamp": 1782399629.318547, "step": 539, "max_steps": 875, "loss": 5.049280166625977, "lr": 0.02, "adamw_lr": 0.0005, "elapsed_time": 653.8168647289276, "prnt": false}
{"event": "training_step", "timestamp": 1782399630.303026, "step": 540, "max_steps": 875, "loss": 5.020316123962402, "lr": 0.02, "adamw_lr": 0.0005, "elapsed_time": 654.801344871521, "prnt": false}
{"event": "training_step", "timestamp": 1782399631.294472, "step": 541, "max_steps": 875, "loss": 5.075046539306641, "lr": 0.02, "adamw_lr": 0.0005, "elapsed_time": 655.7927906513214, "prnt": false}
{"event": "training_step", "timestamp": 1782399632.2822258, "step": 542, "max_steps": 875, "loss": 5.073069095611572, "lr": 0.02, "adamw_lr": 0.0005, "elapsed_time": 656.7805438041687, "prnt": false}
{"event": "training_step", "timestamp": 1782399633.456779, "step": 543, "max_steps": 875, "loss": 4.997052192687988, "lr": 0.02, "adamw_lr": 0.0005, "elapsed_time": 657.9550976753235, "prnt": false}
{"event": "training_step", "timestamp": 1782399634.435392, "step": 544, "max_steps": 875, "loss": 5.044180393218994, "lr": 0.02, "adamw_lr": 0.0005, "elapsed_time": 658.9337108135223, "prnt": false}
{"event": "training_step", "timestamp": 1782399635.504562, "step": 545, "max_steps": 875, "loss": 5.040063858032227, "lr": 0.02, "adamw_lr": 0.0005, "elapsed_time": 660.002879858017, "prnt": false}
{"event": "training_step", "timestamp": 1782399636.582044, "step": 546, "max_steps": 875, "loss": 5.0386247634887695, "lr": 0.02, "adamw_lr": 0.0005, "elapsed_time": 661.0803618431091, "prnt": false}
{"event": "training_step", "timestamp": 1782399637.797332, "step": 547, "max_steps": 875, "loss": 5.017663955688477, "lr": 0.02, "adamw_lr": 0.0005, "elapsed_time": 662.2956507205963, "prnt": false}
{"event": "training_step", "timestamp": 1782399638.9541628, "step": 548, "max_steps": 875, "loss": 5.017029762268066, "lr": 0.02, "adamw_lr": 0.0005, "elapsed_time": 663.452479839325, "prnt": false}
{"event": "training_step", "timestamp": 1782399640.109987, "step": 549, "max_steps": 875, "loss": 4.974474906921387, "lr": 0.02, "adamw_lr": 0.0005, "elapsed_time": 664.6083047389984, "prnt": false}
{"event": "training_step", "timestamp": 1782399641.312754, "step": 550, "max_steps": 875, "loss": 5.046688079833984, "lr": 0.02, "adamw_lr": 0.0005, "elapsed_time": 665.8110718727112, "prnt": false}
{"event": "training_step", "timestamp": 1782399642.519041, "step": 551, "max_steps": 875, "loss": 5.034396171569824, "lr": 0.02, "adamw_lr": 0.0005, "elapsed_time": 667.0173597335815, "prnt": false}
{"event": "training_step", "timestamp": 1782399643.6957068, "step": 552, "max_steps": 875, "loss": 4.979630470275879, "lr": 0.02, "adamw_lr": 0.0005, "elapsed_time": 668.1940248012543, "prnt": false}
{"event": "training_step", "timestamp": 1782399644.8846772, "step": 553, "max_steps": 875, "loss": 5.053771018981934, "lr": 0.02, "adamw_lr": 0.0005, "elapsed_time": 669.382994890213, "prnt": false}
{"event": "training_step", "timestamp": 1782399646.09113, "step": 554, "max_steps": 875, "loss": 5.049960613250732, "lr": 0.02, "adamw_lr": 0.0005, "elapsed_time": 670.5894479751587, "prnt": false}
{"event": "training_step", "timestamp": 1782399647.2825449, "step": 555, "max_steps": 875, "loss": 4.9816389083862305, "lr": 0.02, "adamw_lr": 0.0005, "elapsed_time": 671.7808618545532, "prnt": false}
{"event": "training_step", "timestamp": 1782399648.531758, "step": 556, "max_steps": 875, "loss": 5.114344596862793, "lr": 0.02, "adamw_lr": 0.0005, "elapsed_time": 673.0300757884979, "prnt": false}
{"event": "training_step", "timestamp": 1782399649.6967711, "step": 557, "max_steps": 875, "loss": 5.006158828735352, "lr": 0.02, "adamw_lr": 0.0005, "elapsed_time": 674.1950888633728, "prnt": false}
{"event": "training_step", "timestamp": 1782399650.907858, "step": 558, "max_steps": 875, "loss": 5.001605033874512, "lr": 0.02, "adamw_lr": 0.0005, "elapsed_time": 675.4061758518219, "prnt": false}
{"event": "training_step", "timestamp": 1782399652.118026, "step": 559, "max_steps": 875, "loss": 4.980146408081055, "lr": 0.02, "adamw_lr": 0.0005, "elapsed_time": 676.6163437366486, "prnt": false}
{"event": "training_step", "timestamp": 1782399653.291444, "step": 560, "max_steps": 875, "loss": 4.979269981384277, "lr": 0.02, "adamw_lr": 0.0005, "elapsed_time": 677.7897636890411, "prnt": false}
{"event": "training_step", "timestamp": 1782399654.3574898, "step": 561, "max_steps": 875, "loss": 4.959580898284912, "lr": 0.02, "adamw_lr": 0.0005, "elapsed_time": 678.8558089733124, "prnt": false}
{"event": "training_step", "timestamp": 1782399655.5574589, "step": 562, "max_steps": 875, "loss": 4.971438407897949, "lr": 0.02, "adamw_lr": 0.0005, "elapsed_time": 680.0557777881622, "prnt": false}
{"event": "training_step", "timestamp": 1782399656.754278, "step": 563, "max_steps": 875, "loss": 5.0576019287109375, "lr": 0.02, "adamw_lr": 0.0005, "elapsed_time": 681.2525959014893, "prnt": false}
{"event": "training_step", "timestamp": 1782399657.9018722, "step": 564, "max_steps": 875, "loss": 4.978392601013184, "lr": 0.02, "adamw_lr": 0.0005, "elapsed_time": 682.4001898765564, "prnt": false}
{"event": "training_step", "timestamp": 1782399659.041566, "step": 565, "max_steps": 875, "loss": 4.977984428405762, "lr": 0.02, "adamw_lr": 0.0005, "elapsed_time": 683.5398836135864, "prnt": false}
{"event": "training_step", "timestamp": 1782399660.230089, "step": 566, "max_steps": 875, "loss": 4.9967732429504395, "lr": 0.02, "adamw_lr": 0.0005, "elapsed_time": 684.7284076213837, "prnt": false}
{"event": "training_step", "timestamp": 1782399661.4083729, "step": 567, "max_steps": 875, "loss": 5.0327467918396, "lr": 0.02, "adamw_lr": 0.0005, "elapsed_time": 685.9066896438599, "prnt": false}
{"event": "training_step", "timestamp": 1782399662.6002991, "step": 568, "max_steps": 875, "loss": 4.962978363037109, "lr": 0.02, "adamw_lr": 0.0005, "elapsed_time": 687.0986168384552, "prnt": false}
{"event": "training_step", "timestamp": 1782399663.721578, "step": 569, "max_steps": 875, "loss": 4.983504295349121, "lr": 0.02, "adamw_lr": 0.0005, "elapsed_time": 688.2198958396912, "prnt": false}
{"event": "training_step", "timestamp": 1782399664.9196959, "step": 570, "max_steps": 875, "loss": 4.990016937255859, "lr": 0.02, "adamw_lr": 0.0005, "elapsed_time": 689.4180138111115, "prnt": false}
{"event": "training_step", "timestamp": 1782399666.125022, "step": 571, "max_steps": 875, "loss": 4.9977827072143555, "lr": 0.02, "adamw_lr": 0.0005, "elapsed_time": 690.6233396530151, "prnt": false}
{"event": "training_step", "timestamp": 1782399667.327584, "step": 572, "max_steps": 875, "loss": 5.020850658416748, "lr": 0.02, "adamw_lr": 0.0005, "elapsed_time": 691.8259017467499, "prnt": false}
{"event": "training_step", "timestamp": 1782399668.522371, "step": 573, "max_steps": 875, "loss": 4.98179817199707, "lr": 0.02, "adamw_lr": 0.0005, "elapsed_time": 693.0206887722015, "prnt": false}
{"event": "training_step", "timestamp": 1782399669.7120051, "step": 574, "max_steps": 875, "loss": 5.040398120880127, "lr": 0.02, "adamw_lr": 0.0005, "elapsed_time": 694.2103228569031, "prnt": false}
{"event": "validation_step", "timestamp": 1782399673.710695, "step": 574, "max_steps": 875, "loss": 0.9800257312778656, "ema": true, "elapsed_time": 694.2103228569031}
{"event": "training_step", "timestamp": 1782399674.623622, "step": 575, "max_steps": 875, "loss": 5.001404762268066, "lr": 0.02, "adamw_lr": 0.0005, "elapsed_time": 699.1219398975372, "prnt": false}
{"event": "training_step", "timestamp": 1782399675.689276, "step": 576, "max_steps": 875, "loss": 4.944354057312012, "lr": 0.02, "adamw_lr": 0.0005, "elapsed_time": 700.1875948905945, "prnt": false}
{"event": "training_step", "timestamp": 1782399676.8972192, "step": 577, "max_steps": 875, "loss": 5.0098490715026855, "lr": 0.02, "adamw_lr": 0.0005, "elapsed_time": 701.395537853241, "prnt": false}
{"event": "training_step", "timestamp": 1782399677.920502, "step": 578, "max_steps": 875, "loss": 4.977032661437988, "lr": 0.02, "adamw_lr": 0.0005, "elapsed_time": 702.4188208580017, "prnt": false}
{"event": "training_step", "timestamp": 1782399679.006334, "step": 579, "max_steps": 875, "loss": 4.973870277404785, "lr": 0.02, "adamw_lr": 0.0005, "elapsed_time": 703.5046527385712, "prnt": false}
{"event": "training_step", "timestamp": 1782399680.043255, "step": 580, "max_steps": 875, "loss": 4.991717338562012, "lr": 0.02, "adamw_lr": 0.0005, "elapsed_time": 704.5415737628937, "prnt": false}
{"event": "training_step", "timestamp": 1782399681.081123, "step": 581, "max_steps": 875, "loss": 5.056185722351074, "lr": 0.02, "adamw_lr": 0.0005, "elapsed_time": 705.5794417858124, "prnt": false}
{"event": "training_step", "timestamp": 1782399682.125279, "step": 582, "max_steps": 875, "loss": 5.000656604766846, "lr": 0.02, "adamw_lr": 0.0005, "elapsed_time": 706.6235978603363, "prnt": false}
{"event": "training_step", "timestamp": 1782399683.168536, "step": 583, "max_steps": 875, "loss": 4.976304054260254, "lr": 0.02, "adamw_lr": 0.0005, "elapsed_time": 707.6668548583984, "prnt": false}
{"event": "training_step", "timestamp": 1782399684.219711, "step": 584, "max_steps": 875, "loss": 4.967103958129883, "lr": 0.02, "adamw_lr": 0.0005, "elapsed_time": 708.7180297374725, "prnt": false}
{"event": "training_step", "timestamp": 1782399685.263967, "step": 585, "max_steps": 875, "loss": 4.976110458374023, "lr": 0.02, "adamw_lr": 0.0005, "elapsed_time": 709.7622857093811, "prnt": false}
{"event": "training_step", "timestamp": 1782399686.327987, "step": 586, "max_steps": 875, "loss": 4.9216437339782715, "lr": 0.02, "adamw_lr": 0.0005, "elapsed_time": 710.8263049125671, "prnt": false}
{"event": "training_step", "timestamp": 1782399687.33723, "step": 587, "max_steps": 875, "loss": 4.925772666931152, "lr": 0.02, "adamw_lr": 0.0005, "elapsed_time": 711.8355479240417, "prnt": false}
{"event": "training_step", "timestamp": 1782399688.35054, "step": 588, "max_steps": 875, "loss": 4.95248556137085, "lr": 0.02, "adamw_lr": 0.0005, "elapsed_time": 712.8488578796387, "prnt": false}
{"event": "training_step", "timestamp": 1782399689.502212, "step": 589, "max_steps": 875, "loss": 4.943180561065674, "lr": 0.02, "adamw_lr": 0.0005, "elapsed_time": 714.0005297660828, "prnt": false}
{"event": "training_step", "timestamp": 1782399690.598318, "step": 590, "max_steps": 875, "loss": 4.933067321777344, "lr": 0.02, "adamw_lr": 0.0005, "elapsed_time": 715.0966367721558, "prnt": false}
{"event": "training_step", "timestamp": 1782399691.703451, "step": 591, "max_steps": 875, "loss": 4.984437465667725, "lr": 0.02, "adamw_lr": 0.0005, "elapsed_time": 716.2017698287964, "prnt": false}
{"event": "training_step", "timestamp": 1782399692.742788, "step": 592, "max_steps": 875, "loss": 4.988401412963867, "lr": 0.02, "adamw_lr": 0.0005, "elapsed_time": 717.2411067485809, "prnt": false}
{"event": "training_step", "timestamp": 1782399693.820609, "step": 593, "max_steps": 875, "loss": 4.943853378295898, "lr": 0.02, "adamw_lr": 0.0005, "elapsed_time": 718.3189268112183, "prnt": false}
{"event": "training_step", "timestamp": 1782399694.869162, "step": 594, "max_steps": 875, "loss": 4.930902481079102, "lr": 0.02, "adamw_lr": 0.0005, "elapsed_time": 719.3674807548523, "prnt": false}
{"event": "training_step", "timestamp": 1782399695.9281101, "step": 595, "max_steps": 875, "loss": 4.959962368011475, "lr": 0.02, "adamw_lr": 0.0005, "elapsed_time": 720.4264278411865, "prnt": false}
{"event": "training_step", "timestamp": 1782399696.976553, "step": 596, "max_steps": 875, "loss": 4.930706977844238, "lr": 0.02, "adamw_lr": 0.0005, "elapsed_time": 721.474871635437, "prnt": false}
{"event": "training_step", "timestamp": 1782399698.0431721, "step": 597, "max_steps": 875, "loss": 4.937554359436035, "lr": 0.02, "adamw_lr": 0.0005, "elapsed_time": 722.5414898395538, "prnt": false}
{"event": "training_step", "timestamp": 1782399699.098061, "step": 598, "max_steps": 875, "loss": 4.943421363830566, "lr": 0.02, "adamw_lr": 0.0005, "elapsed_time": 723.5963797569275, "prnt": false}
{"event": "training_step", "timestamp": 1782399700.192307, "step": 599, "max_steps": 875, "loss": 4.996404647827148, "lr": 0.02, "adamw_lr": 0.0005, "elapsed_time": 724.690625667572, "prnt": false}
{"event": "training_step", "timestamp": 1782399701.254794, "step": 600, "max_steps": 875, "loss": 4.930447101593018, "lr": 0.02, "adamw_lr": 0.0005, "elapsed_time": 725.7531127929688, "prnt": false}
{"event": "training_step", "timestamp": 1782399702.318462, "step": 601, "max_steps": 875, "loss": 4.967317581176758, "lr": 0.02, "adamw_lr": 0.0005, "elapsed_time": 726.8167808055878, "prnt": false}
{"event": "training_step", "timestamp": 1782399703.370118, "step": 602, "max_steps": 875, "loss": 4.962482929229736, "lr": 0.02, "adamw_lr": 0.0005, "elapsed_time": 727.8684368133545, "prnt": false}
{"event": "training_step", "timestamp": 1782399704.5848079, "step": 603, "max_steps": 875, "loss": 5.01650333404541, "lr": 0.02, "adamw_lr": 0.0005, "elapsed_time": 729.083126783371, "prnt": false}
{"event": "training_step", "timestamp": 1782399705.6115708, "step": 604, "max_steps": 875, "loss": 4.9174418449401855, "lr": 0.02, "adamw_lr": 0.0005, "elapsed_time": 730.1098897457123, "prnt": false}
{"event": "training_step", "timestamp": 1782399706.62154, "step": 605, "max_steps": 875, "loss": 4.986874580383301, "lr": 0.02, "adamw_lr": 0.0005, "elapsed_time": 731.1198589801788, "prnt": false}
{"event": "training_step", "timestamp": 1782399707.768595, "step": 606, "max_steps": 875, "loss": 4.895938396453857, "lr": 0.02, "adamw_lr": 0.0005, "elapsed_time": 732.2669126987457, "prnt": false}
{"event": "training_step", "timestamp": 1782399708.749892, "step": 607, "max_steps": 875, "loss": 4.996307373046875, "lr": 0.02, "adamw_lr": 0.0005, "elapsed_time": 733.2482109069824, "prnt": false}
{"event": "training_step", "timestamp": 1782399709.862844, "step": 608, "max_steps": 875, "loss": 4.952725410461426, "lr": 0.02, "adamw_lr": 0.0005, "elapsed_time": 734.3611629009247, "prnt": false}
{"event": "training_step", "timestamp": 1782399710.889125, "step": 609, "max_steps": 875, "loss": 4.9509735107421875, "lr": 0.02, "adamw_lr": 0.0005, "elapsed_time": 735.387443780899, "prnt": false}
{"event": "training_step", "timestamp": 1782399711.8820941, "step": 610, "max_steps": 875, "loss": 4.890584945678711, "lr": 0.02, "adamw_lr": 0.0005, "elapsed_time": 736.380411863327, "prnt": false}
{"event": "training_step", "timestamp": 1782399713.036479, "step": 611, "max_steps": 875, "loss": 4.943051338195801, "lr": 0.02, "adamw_lr": 0.0005, "elapsed_time": 737.5347967147827, "prnt": false}
{"event": "training_step", "timestamp": 1782399714.025493, "step": 612, "max_steps": 875, "loss": 4.9630632400512695, "lr": 0.02, "adamw_lr": 0.0005, "elapsed_time": 738.5238118171692, "prnt": false}
{"event": "training_step", "timestamp": 1782399715.012188, "step": 613, "max_steps": 875, "loss": 4.887681007385254, "lr": 0.02, "adamw_lr": 0.0005, "elapsed_time": 739.5105059146881, "prnt": false}
{"event": "training_step", "timestamp": 1782399716.002501, "step": 614, "max_steps": 875, "loss": 4.939479827880859, "lr": 0.02, "adamw_lr": 0.0005, "elapsed_time": 740.5008199214935, "prnt": false}
{"event": "training_step", "timestamp": 1782399716.989415, "step": 615, "max_steps": 875, "loss": 4.910605430603027, "lr": 0.02, "adamw_lr": 0.0005, "elapsed_time": 741.4877338409424, "prnt": false}
{"event": "validation_step", "timestamp": 1782399720.555308, "step": 615, "max_steps": 875, "loss": 0.9783609139918645, "ema": true, "elapsed_time": 741.4877338409424}
{"event": "training_step", "timestamp": 1782399721.39441, "step": 616, "max_steps": 875, "loss": 4.937438011169434, "lr": 0.02, "adamw_lr": 0.0005, "elapsed_time": 745.892728805542, "prnt": false}
{"event": "training_step", "timestamp": 1782399722.376447, "step": 617, "max_steps": 875, "loss": 4.990052223205566, "lr": 0.02, "adamw_lr": 0.0005, "elapsed_time": 746.8747646808624, "prnt": false}
{"event": "training_step", "timestamp": 1782399723.360252, "step": 618, "max_steps": 875, "loss": 4.945619583129883, "lr": 0.02, "adamw_lr": 0.0005, "elapsed_time": 747.8585698604584, "prnt": false}
{"event": "training_step", "timestamp": 1782399724.344125, "step": 619, "max_steps": 875, "loss": 4.931521415710449, "lr": 0.02, "adamw_lr": 0.0005, "elapsed_time": 748.8424429893494, "prnt": false}
{"event": "training_step", "timestamp": 1782399725.4547908, "step": 620, "max_steps": 875, "loss": 4.922012805938721, "lr": 0.02, "adamw_lr": 0.0005, "elapsed_time": 749.9531099796295, "prnt": false}
{"event": "training_step", "timestamp": 1782399726.5103722, "step": 621, "max_steps": 875, "loss": 4.86016321182251, "lr": 0.02, "adamw_lr": 0.0005, "elapsed_time": 751.0086908340454, "prnt": false}
{"event": "training_step", "timestamp": 1782399727.4886668, "step": 622, "max_steps": 875, "loss": 4.9188361167907715, "lr": 0.02, "adamw_lr": 0.0005, "elapsed_time": 751.9869849681854, "prnt": false}
{"event": "training_step", "timestamp": 1782399728.6311, "step": 623, "max_steps": 875, "loss": 4.961146354675293, "lr": 0.02, "adamw_lr": 0.0005, "elapsed_time": 753.1294188499451, "prnt": false}
{"event": "training_step", "timestamp": 1782399729.6391602, "step": 624, "max_steps": 875, "loss": 4.913056373596191, "lr": 0.02, "adamw_lr": 0.0005, "elapsed_time": 754.1374778747559, "prnt": false}
{"event": "training_step", "timestamp": 1782399730.640509, "step": 625, "max_steps": 875, "loss": 4.881649017333984, "lr": 0.02, "adamw_lr": 0.0005, "elapsed_time": 755.1388268470764, "prnt": false}
{"event": "training_step", "timestamp": 1782399731.792215, "step": 626, "max_steps": 875, "loss": 4.867794513702393, "lr": 0.02, "adamw_lr": 0.0005, "elapsed_time": 756.2905337810516, "prnt": false}
{"event": "training_step", "timestamp": 1782399732.773769, "step": 627, "max_steps": 875, "loss": 4.884035110473633, "lr": 0.02, "adamw_lr": 0.0005, "elapsed_time": 757.2720878124237, "prnt": false}
{"event": "training_step", "timestamp": 1782399733.801711, "step": 628, "max_steps": 875, "loss": 4.921473979949951, "lr": 0.02, "adamw_lr": 0.0005, "elapsed_time": 758.3000288009644, "prnt": false}
{"event": "training_step", "timestamp": 1782399734.931148, "step": 629, "max_steps": 875, "loss": 4.864531517028809, "lr": 0.02, "adamw_lr": 0.0005, "elapsed_time": 759.4294667243958, "prnt": false}
{"event": "training_step", "timestamp": 1782399736.0086951, "step": 630, "max_steps": 875, "loss": 4.958362579345703, "lr": 0.02, "adamw_lr": 0.0005, "elapsed_time": 760.5070128440857, "prnt": false}
{"event": "training_step", "timestamp": 1782399737.088947, "step": 631, "max_steps": 875, "loss": 4.874492645263672, "lr": 0.02, "adamw_lr": 0.0005, "elapsed_time": 761.5872657299042, "prnt": false}
{"event": "training_step", "timestamp": 1782399738.0740638, "step": 632, "max_steps": 875, "loss": 4.988924026489258, "lr": 0.02, "adamw_lr": 0.0005, "elapsed_time": 762.5723719596863, "prnt": false}
{"event": "training_step", "timestamp": 1782399739.176669, "step": 633, "max_steps": 875, "loss": 4.890931129455566, "lr": 0.02, "adamw_lr": 0.0005, "elapsed_time": 763.6749877929688, "prnt": false}
{"event": "training_step", "timestamp": 1782399740.226929, "step": 634, "max_steps": 875, "loss": 4.956408500671387, "lr": 0.02, "adamw_lr": 0.0005, "elapsed_time": 764.7252478599548, "prnt": false}
{"event": "training_step", "timestamp": 1782399741.211725, "step": 635, "max_steps": 875, "loss": 4.883930206298828, "lr": 0.02, "adamw_lr": 0.0005, "elapsed_time": 765.7100439071655, "prnt": false}
{"event": "training_step", "timestamp": 1782399742.2006242, "step": 636, "max_steps": 875, "loss": 4.885077953338623, "lr": 0.02, "adamw_lr": 0.0005, "elapsed_time": 766.698942899704, "prnt": false}
{"event": "training_step", "timestamp": 1782399743.189566, "step": 637, "max_steps": 875, "loss": 4.933269500732422, "lr": 0.02, "adamw_lr": 0.0005, "elapsed_time": 767.6878848075867, "prnt": false}
{"event": "training_step", "timestamp": 1782399744.176045, "step": 638, "max_steps": 875, "loss": 4.902175426483154, "lr": 0.02, "adamw_lr": 0.0005, "elapsed_time": 768.6743638515472, "prnt": false}
{"event": "training_step", "timestamp": 1782399745.160643, "step": 639, "max_steps": 875, "loss": 4.874833106994629, "lr": 0.02, "adamw_lr": 0.0005, "elapsed_time": 769.6589617729187, "prnt": false}
{"event": "training_step", "timestamp": 1782399746.156363, "step": 640, "max_steps": 875, "loss": 4.839633464813232, "lr": 0.02, "adamw_lr": 0.0005, "elapsed_time": 770.6546816825867, "prnt": false}
{"event": "training_step", "timestamp": 1782399747.306874, "step": 641, "max_steps": 875, "loss": 4.926762580871582, "lr": 0.02, "adamw_lr": 0.0005, "elapsed_time": 771.8051929473877, "prnt": false}
{"event": "training_step", "timestamp": 1782399748.292093, "step": 642, "max_steps": 875, "loss": 4.88526725769043, "lr": 0.02, "adamw_lr": 0.0005, "elapsed_time": 772.7904117107391, "prnt": false}
{"event": "training_step", "timestamp": 1782399749.282541, "step": 643, "max_steps": 875, "loss": 4.790620803833008, "lr": 0.02, "adamw_lr": 0.0005, "elapsed_time": 773.7808587551117, "prnt": false}
{"event": "training_step", "timestamp": 1782399750.425903, "step": 644, "max_steps": 875, "loss": 4.8597540855407715, "lr": 0.02, "adamw_lr": 0.0005, "elapsed_time": 774.9242208003998, "prnt": false}
{"event": "training_step", "timestamp": 1782399751.4056032, "step": 645, "max_steps": 875, "loss": 4.887053489685059, "lr": 0.02, "adamw_lr": 0.0005, "elapsed_time": 775.9039218425751, "prnt": false}
{"event": "training_step", "timestamp": 1782399752.513667, "step": 646, "max_steps": 875, "loss": 4.859789848327637, "lr": 0.02, "adamw_lr": 0.0005, "elapsed_time": 777.0119848251343, "prnt": false}
{"event": "training_step", "timestamp": 1782399753.577656, "step": 647, "max_steps": 875, "loss": 4.862280368804932, "lr": 0.02, "adamw_lr": 0.0005, "elapsed_time": 778.0759749412537, "prnt": false}
{"event": "training_step", "timestamp": 1782399754.573026, "step": 648, "max_steps": 875, "loss": 4.826052188873291, "lr": 0.02, "adamw_lr": 0.0005, "elapsed_time": 779.0713448524475, "prnt": false}
{"event": "training_step", "timestamp": 1782399755.718621, "step": 649, "max_steps": 875, "loss": 4.8859405517578125, "lr": 0.02, "adamw_lr": 0.0005, "elapsed_time": 780.2169349193573, "prnt": false}
{"event": "training_step", "timestamp": 1782399756.708874, "step": 650, "max_steps": 875, "loss": 4.890546798706055, "lr": 0.02, "adamw_lr": 0.0005, "elapsed_time": 781.207192659378, "prnt": false}
{"event": "training_step", "timestamp": 1782399757.69738, "step": 651, "max_steps": 875, "loss": 4.9078192710876465, "lr": 0.02, "adamw_lr": 0.0005, "elapsed_time": 782.1956989765167, "prnt": false}
{"event": "training_step", "timestamp": 1782399758.681399, "step": 652, "max_steps": 875, "loss": 4.860052108764648, "lr": 0.02, "adamw_lr": 0.0005, "elapsed_time": 783.1797177791595, "prnt": false}
{"event": "training_step", "timestamp": 1782399759.860471, "step": 653, "max_steps": 875, "loss": 4.864657402038574, "lr": 0.02, "adamw_lr": 0.0005, "elapsed_time": 784.3587899208069, "prnt": false}
{"event": "training_step", "timestamp": 1782399760.8432698, "step": 654, "max_steps": 875, "loss": 4.866327285766602, "lr": 0.02, "adamw_lr": 0.0005, "elapsed_time": 785.341588973999, "prnt": false}
{"event": "training_step", "timestamp": 1782399761.82418, "step": 655, "max_steps": 875, "loss": 4.815533638000488, "lr": 0.02, "adamw_lr": 0.0005, "elapsed_time": 786.3224976062775, "prnt": false}
{"event": "training_step", "timestamp": 1782399762.998048, "step": 656, "max_steps": 875, "loss": 4.866283416748047, "lr": 0.02, "adamw_lr": 0.0005, "elapsed_time": 787.4963648319244, "prnt": false}
{"event": "validation_step", "timestamp": 1782399766.9158678, "step": 656, "max_steps": 875, "loss": 0.9769760572277386, "ema": true, "elapsed_time": 787.4963648319244}
{"event": "training_step", "timestamp": 1782399767.753026, "step": 657, "max_steps": 875, "loss": 4.848156452178955, "lr": 0.02, "adamw_lr": 0.0005, "elapsed_time": 792.2513437271118, "prnt": false}
{"event": "training_step", "timestamp": 1782399768.7629938, "step": 658, "max_steps": 875, "loss": 4.863770484924316, "lr": 0.02, "adamw_lr": 0.0005, "elapsed_time": 793.2613108158112, "prnt": false}
{"event": "training_step", "timestamp": 1782399769.900734, "step": 659, "max_steps": 875, "loss": 4.869870662689209, "lr": 0.02, "adamw_lr": 0.0005, "elapsed_time": 794.3990516662598, "prnt": false}
{"event": "training_step", "timestamp": 1782399770.8995168, "step": 660, "max_steps": 875, "loss": 4.8353986740112305, "lr": 0.02, "adamw_lr": 0.0005, "elapsed_time": 795.3978357315063, "prnt": false}
{"event": "training_step", "timestamp": 1782399771.9614432, "step": 661, "max_steps": 875, "loss": 4.926869869232178, "lr": 0.02, "adamw_lr": 0.0005, "elapsed_time": 796.4597618579865, "prnt": false}
{"event": "training_step", "timestamp": 1782399773.062939, "step": 662, "max_steps": 875, "loss": 4.833626747131348, "lr": 0.02, "adamw_lr": 0.0005, "elapsed_time": 797.5612568855286, "prnt": false}
{"event": "training_step", "timestamp": 1782399774.05008, "step": 663, "max_steps": 875, "loss": 4.855541229248047, "lr": 0.02, "adamw_lr": 0.0005, "elapsed_time": 798.548398733139, "prnt": false}
{"event": "training_step", "timestamp": 1782399775.199691, "step": 664, "max_steps": 875, "loss": 4.832447052001953, "lr": 0.02, "adamw_lr": 0.0005, "elapsed_time": 799.6980097293854, "prnt": false}
{"event": "training_step", "timestamp": 1782399776.209146, "step": 665, "max_steps": 875, "loss": 4.783186912536621, "lr": 0.02, "adamw_lr": 0.0005, "elapsed_time": 800.7074649333954, "prnt": false}
{"event": "training_step", "timestamp": 1782399777.200053, "step": 666, "max_steps": 875, "loss": 4.856575965881348, "lr": 0.02, "adamw_lr": 0.0005, "elapsed_time": 801.6983716487885, "prnt": false}
{"event": "training_step", "timestamp": 1782399778.377889, "step": 667, "max_steps": 875, "loss": 4.842508316040039, "lr": 0.02, "adamw_lr": 0.0005, "elapsed_time": 802.8762078285217, "prnt": false}
{"event": "training_step", "timestamp": 1782399779.373718, "step": 668, "max_steps": 875, "loss": 4.797691345214844, "lr": 0.02, "adamw_lr": 0.0005, "elapsed_time": 803.8720366954803, "prnt": false}
{"event": "training_step", "timestamp": 1782399780.362315, "step": 669, "max_steps": 875, "loss": 4.822420120239258, "lr": 0.02, "adamw_lr": 0.0005, "elapsed_time": 804.8606338500977, "prnt": false}
{"event": "training_step", "timestamp": 1782399781.347042, "step": 670, "max_steps": 875, "loss": 4.806882858276367, "lr": 0.02, "adamw_lr": 0.0005, "elapsed_time": 805.8453598022461, "prnt": false}
{"event": "training_step", "timestamp": 1782399782.331007, "step": 671, "max_steps": 875, "loss": 4.811700344085693, "lr": 0.02, "adamw_lr": 0.0005, "elapsed_time": 806.8293256759644, "prnt": false}
{"event": "training_step", "timestamp": 1782399783.318221, "step": 672, "max_steps": 875, "loss": 4.806201934814453, "lr": 0.02, "adamw_lr": 0.0005, "elapsed_time": 807.8165397644043, "prnt": false}
{"event": "training_step", "timestamp": 1782399784.3091369, "step": 673, "max_steps": 875, "loss": 4.8102827072143555, "lr": 0.02, "adamw_lr": 0.0005, "elapsed_time": 808.8074560165405, "prnt": false}
{"event": "training_step", "timestamp": 1782399785.295265, "step": 674, "max_steps": 875, "loss": 4.754764556884766, "lr": 0.02, "adamw_lr": 0.0005, "elapsed_time": 809.7935826778412, "prnt": false}
{"event": "training_step", "timestamp": 1782399786.2826188, "step": 675, "max_steps": 875, "loss": 4.830978870391846, "lr": 0.02, "adamw_lr": 0.0005, "elapsed_time": 810.78093791008, "prnt": false}
{"event": "training_step", "timestamp": 1782399787.2792919, "step": 676, "max_steps": 875, "loss": 4.815845489501953, "lr": 0.02, "adamw_lr": 0.0005, "elapsed_time": 811.7776110172272, "prnt": false}
{"event": "training_step", "timestamp": 1782399788.2728808, "step": 677, "max_steps": 875, "loss": 4.773590087890625, "lr": 0.02, "adamw_lr": 0.0005, "elapsed_time": 812.7711989879608, "prnt": false}
{"event": "training_step", "timestamp": 1782399789.26087, "step": 678, "max_steps": 875, "loss": 4.82729434967041, "lr": 0.02, "adamw_lr": 0.0005, "elapsed_time": 813.7591879367828, "prnt": false}
{"event": "training_step", "timestamp": 1782399790.324022, "step": 679, "max_steps": 875, "loss": 4.82634973526001, "lr": 0.02, "adamw_lr": 0.0005, "elapsed_time": 814.8223397731781, "prnt": false}
{"event": "training_step", "timestamp": 1782399791.419863, "step": 680, "max_steps": 875, "loss": 4.765350818634033, "lr": 0.02, "adamw_lr": 0.0005, "elapsed_time": 815.9181818962097, "prnt": false}
{"event": "training_step", "timestamp": 1782399792.400157, "step": 681, "max_steps": 875, "loss": 4.89402961730957, "lr": 0.02, "adamw_lr": 0.0005, "elapsed_time": 816.8984756469727, "prnt": false}
{"event": "training_step", "timestamp": 1782399793.484072, "step": 682, "max_steps": 875, "loss": 4.787045478820801, "lr": 0.02, "adamw_lr": 0.0005, "elapsed_time": 817.9823906421661, "prnt": false}
{"event": "training_step", "timestamp": 1782399794.555611, "step": 683, "max_steps": 875, "loss": 4.785350799560547, "lr": 0.02, "adamw_lr": 0.0005, "elapsed_time": 819.0539298057556, "prnt": false}
{"event": "training_step", "timestamp": 1782399795.541016, "step": 684, "max_steps": 875, "loss": 4.7688140869140625, "lr": 0.02, "adamw_lr": 0.0005, "elapsed_time": 820.0393347740173, "prnt": false}
{"event": "training_step", "timestamp": 1782399796.527128, "step": 685, "max_steps": 875, "loss": 4.7590460777282715, "lr": 0.02, "adamw_lr": 0.0005, "elapsed_time": 821.0254456996918, "prnt": false}
{"event": "training_step", "timestamp": 1782399797.507742, "step": 686, "max_steps": 875, "loss": 4.751302719116211, "lr": 0.02, "adamw_lr": 0.0005, "elapsed_time": 822.0060608386993, "prnt": false}
{"event": "training_step", "timestamp": 1782399798.492244, "step": 687, "max_steps": 875, "loss": 4.746798515319824, "lr": 0.02, "adamw_lr": 0.0005, "elapsed_time": 822.9905617237091, "prnt": false}
{"event": "training_step", "timestamp": 1782399799.4755871, "step": 688, "max_steps": 875, "loss": 4.817618370056152, "lr": 0.02, "adamw_lr": 0.0005, "elapsed_time": 823.9739048480988, "prnt": false}
{"event": "training_step", "timestamp": 1782399800.4663382, "step": 689, "max_steps": 875, "loss": 4.764322280883789, "lr": 0.02, "adamw_lr": 0.0005, "elapsed_time": 824.964656829834, "prnt": false}
{"event": "training_step", "timestamp": 1782399801.447499, "step": 690, "max_steps": 875, "loss": 4.763949394226074, "lr": 0.02, "adamw_lr": 0.0005, "elapsed_time": 825.9458177089691, "prnt": false}
{"event": "training_step", "timestamp": 1782399802.427357, "step": 691, "max_steps": 875, "loss": 4.778033256530762, "lr": 0.02, "adamw_lr": 0.0005, "elapsed_time": 826.9256756305695, "prnt": false}
{"event": "training_step", "timestamp": 1782399803.407177, "step": 692, "max_steps": 875, "loss": 4.812465667724609, "lr": 0.02, "adamw_lr": 0.0005, "elapsed_time": 827.9054956436157, "prnt": false}
{"event": "training_step", "timestamp": 1782399804.386292, "step": 693, "max_steps": 875, "loss": 4.748465538024902, "lr": 0.02, "adamw_lr": 0.0005, "elapsed_time": 828.8846106529236, "prnt": false}
{"event": "training_step", "timestamp": 1782399805.368962, "step": 694, "max_steps": 875, "loss": 4.761208534240723, "lr": 0.02, "adamw_lr": 0.0005, "elapsed_time": 829.8672807216644, "prnt": false}
{"event": "training_step", "timestamp": 1782399806.512386, "step": 695, "max_steps": 875, "loss": 4.773129463195801, "lr": 0.02, "adamw_lr": 0.0005, "elapsed_time": 831.0107038021088, "prnt": false}
{"event": "training_step", "timestamp": 1782399807.515367, "step": 696, "max_steps": 875, "loss": 4.785190582275391, "lr": 0.02, "adamw_lr": 0.0005, "elapsed_time": 832.0136859416962, "prnt": false}
{"event": "training_step", "timestamp": 1782399808.5017228, "step": 697, "max_steps": 875, "loss": 4.806463718414307, "lr": 0.02, "adamw_lr": 0.0005, "elapsed_time": 833.0000419616699, "prnt": false}
{"event": "validation_step", "timestamp": 1782399812.2519062, "step": 697, "max_steps": 875, "loss": 0.9767658717382809, "ema": true, "elapsed_time": 833.0000419616699}
{"event": "training_step", "timestamp": 1782399813.09967, "step": 698, "max_steps": 875, "loss": 4.766737937927246, "lr": 0.02, "adamw_lr": 0.0005, "elapsed_time": 837.597987651825, "prnt": false}
{"event": "training_step", "timestamp": 1782399814.086735, "step": 699, "max_steps": 875, "loss": 4.814526557922363, "lr": 0.02, "adamw_lr": 0.0005, "elapsed_time": 838.5850539207458, "prnt": false}
{"event": "training_step", "timestamp": 1782399815.071609, "step": 700, "max_steps": 875, "loss": 4.785060882568359, "lr": 0.019885714285714288, "adamw_lr": 0.0004971428571428571, "elapsed_time": 839.5699279308319, "prnt": false}
{"event": "training_step", "timestamp": 1782399816.059027, "step": 701, "max_steps": 875, "loss": 4.724736213684082, "lr": 0.019771428571428572, "adamw_lr": 0.0004942857142857143, "elapsed_time": 840.5573456287384, "prnt": false}
{"event": "training_step", "timestamp": 1782399817.047795, "step": 702, "max_steps": 875, "loss": 4.798153877258301, "lr": 0.01965714285714286, "adamw_lr": 0.0004914285714285715, "elapsed_time": 841.5461137294769, "prnt": false}
{"event": "training_step", "timestamp": 1782399818.038751, "step": 703, "max_steps": 875, "loss": 4.780560493469238, "lr": 0.019542857142857143, "adamw_lr": 0.0004885714285714286, "elapsed_time": 842.5370697975159, "prnt": false}
{"event": "training_step", "timestamp": 1782399819.0260942, "step": 704, "max_steps": 875, "loss": 4.754425525665283, "lr": 0.01942857142857143, "adamw_lr": 0.0004857142857142857, "elapsed_time": 843.5244128704071, "prnt": false}
{"event": "training_step", "timestamp": 1782399820.012334, "step": 705, "max_steps": 875, "loss": 4.7731475830078125, "lr": 0.019314285714285714, "adamw_lr": 0.0004828571428571429, "elapsed_time": 844.5106539726257, "prnt": false}
{"event": "training_step", "timestamp": 1782399821.0057442, "step": 706, "max_steps": 875, "loss": 4.848448753356934, "lr": 0.0192, "adamw_lr": 0.00048, "elapsed_time": 845.5040628910065, "prnt": false}
{"event": "training_step", "timestamp": 1782399821.992904, "step": 707, "max_steps": 875, "loss": 4.783158779144287, "lr": 0.019085714285714286, "adamw_lr": 0.00047714285714285713, "elapsed_time": 846.4912226200104, "prnt": false}
{"event": "training_step", "timestamp": 1782399822.9789429, "step": 708, "max_steps": 875, "loss": 4.7709455490112305, "lr": 0.018971428571428573, "adamw_lr": 0.0004742857142857143, "elapsed_time": 847.4772608280182, "prnt": false}
{"event": "training_step", "timestamp": 1782399823.9714072, "step": 709, "max_steps": 875, "loss": 4.768723487854004, "lr": 0.018857142857142857, "adamw_lr": 0.0004714285714285714, "elapsed_time": 848.4697258472443, "prnt": false}
{"event": "training_step", "timestamp": 1782399824.9577112, "step": 710, "max_steps": 875, "loss": 4.769560813903809, "lr": 0.018742857142857144, "adamw_lr": 0.0004685714285714286, "elapsed_time": 849.4560298919678, "prnt": false}
{"event": "training_step", "timestamp": 1782399825.950527, "step": 711, "max_steps": 875, "loss": 4.708244323730469, "lr": 0.01862857142857143, "adamw_lr": 0.0004657142857142857, "elapsed_time": 850.4488458633423, "prnt": false}
{"event": "training_step", "timestamp": 1782399826.951061, "step": 712, "max_steps": 875, "loss": 4.714582443237305, "lr": 0.018514285714285716, "adamw_lr": 0.00046285714285714284, "elapsed_time": 851.4493787288666, "prnt": false}
{"event": "training_step", "timestamp": 1782399827.943415, "step": 713, "max_steps": 875, "loss": 4.738248348236084, "lr": 0.0184, "adamw_lr": 0.00046, "elapsed_time": 852.4417338371277, "prnt": false}
{"event": "training_step", "timestamp": 1782399828.931345, "step": 714, "max_steps": 875, "loss": 4.728852272033691, "lr": 0.018285714285714287, "adamw_lr": 0.00045714285714285713, "elapsed_time": 853.4296638965607, "prnt": false}
{"event": "training_step", "timestamp": 1782399829.919017, "step": 715, "max_steps": 875, "loss": 4.71530818939209, "lr": 0.01817142857142857, "adamw_lr": 0.0004542857142857143, "elapsed_time": 854.4173357486725, "prnt": false}
{"event": "training_step", "timestamp": 1782399830.904995, "step": 716, "max_steps": 875, "loss": 4.75850248336792, "lr": 0.018057142857142855, "adamw_lr": 0.00045142857142857143, "elapsed_time": 855.4033138751984, "prnt": false}
{"event": "training_step", "timestamp": 1782399831.8958862, "step": 717, "max_steps": 875, "loss": 4.768365383148193, "lr": 0.017942857142857142, "adamw_lr": 0.0004485714285714286, "elapsed_time": 856.3942048549652, "prnt": false}
{"event": "training_step", "timestamp": 1782399832.880599, "step": 718, "max_steps": 875, "loss": 4.726201057434082, "lr": 0.01782857142857143, "adamw_lr": 0.0004457142857142857, "elapsed_time": 857.3789176940918, "prnt": false}
{"event": "training_step", "timestamp": 1782399833.862433, "step": 719, "max_steps": 875, "loss": 4.709817886352539, "lr": 0.017714285714285714, "adamw_lr": 0.00044285714285714284, "elapsed_time": 858.3607518672943, "prnt": false}
{"event": "training_step", "timestamp": 1782399834.84608, "step": 720, "max_steps": 875, "loss": 4.750087738037109, "lr": 0.0176, "adamw_lr": 0.00044, "elapsed_time": 859.3443987369537, "prnt": false}
{"event": "training_step", "timestamp": 1782399835.82659, "step": 721, "max_steps": 875, "loss": 4.722038745880127, "lr": 0.01748571428571429, "adamw_lr": 0.0004371428571428572, "elapsed_time": 860.3249087333679, "prnt": false}
{"event": "training_step", "timestamp": 1782399836.910898, "step": 722, "max_steps": 875, "loss": 4.73000955581665, "lr": 0.017371428571428572, "adamw_lr": 0.0004342857142857143, "elapsed_time": 861.409215927124, "prnt": false}
{"event": "training_step", "timestamp": 1782399837.986163, "step": 723, "max_steps": 875, "loss": 4.7259416580200195, "lr": 0.017257142857142856, "adamw_lr": 0.00043142857142857143, "elapsed_time": 862.4844827651978, "prnt": false}
{"event": "training_step", "timestamp": 1782399838.981099, "step": 724, "max_steps": 875, "loss": 4.766119956970215, "lr": 0.017142857142857144, "adamw_lr": 0.0004285714285714286, "elapsed_time": 863.4794178009033, "prnt": false}
{"event": "training_step", "timestamp": 1782399840.10943, "step": 725, "max_steps": 875, "loss": 4.713316917419434, "lr": 0.017028571428571428, "adamw_lr": 0.0004257142857142857, "elapsed_time": 864.6077477931976, "prnt": false}
{"event": "training_step", "timestamp": 1782399841.112968, "step": 726, "max_steps": 875, "loss": 4.739336967468262, "lr": 0.016914285714285715, "adamw_lr": 0.0004228571428571429, "elapsed_time": 865.6112866401672, "prnt": false}
{"event": "training_step", "timestamp": 1782399842.1029508, "step": 727, "max_steps": 875, "loss": 4.734421730041504, "lr": 0.0168, "adamw_lr": 0.00042, "elapsed_time": 866.6012699604034, "prnt": false}
{"event": "training_step", "timestamp": 1782399843.251352, "step": 728, "max_steps": 875, "loss": 4.773560523986816, "lr": 0.016685714285714286, "adamw_lr": 0.00041714285714285714, "elapsed_time": 867.7496707439423, "prnt": false}
{"event": "training_step", "timestamp": 1782399844.2401202, "step": 729, "max_steps": 875, "loss": 4.687880516052246, "lr": 0.01657142857142857, "adamw_lr": 0.00041428571428571426, "elapsed_time": 868.7384378910065, "prnt": false}
{"event": "training_step", "timestamp": 1782399845.2656791, "step": 730, "max_steps": 875, "loss": 4.7642951011657715, "lr": 0.016457142857142858, "adamw_lr": 0.00041142857142857143, "elapsed_time": 869.7639977931976, "prnt": false}
{"event": "training_step", "timestamp": 1782399846.394051, "step": 731, "max_steps": 875, "loss": 4.672170639038086, "lr": 0.016342857142857145, "adamw_lr": 0.0004085714285714286, "elapsed_time": 870.8923697471619, "prnt": false}
{"event": "training_step", "timestamp": 1782399847.377229, "step": 732, "max_steps": 875, "loss": 4.762331008911133, "lr": 0.01622857142857143, "adamw_lr": 0.0004057142857142857, "elapsed_time": 871.8755478858948, "prnt": false}
{"event": "training_step", "timestamp": 1782399848.370384, "step": 733, "max_steps": 875, "loss": 4.718769073486328, "lr": 0.016114285714285713, "adamw_lr": 0.00040285714285714285, "elapsed_time": 872.8687028884888, "prnt": false}
{"event": "training_step", "timestamp": 1782399849.356918, "step": 734, "max_steps": 875, "loss": 4.701873779296875, "lr": 0.016, "adamw_lr": 0.0004, "elapsed_time": 873.8552367687225, "prnt": false}
{"event": "training_step", "timestamp": 1782399850.34031, "step": 735, "max_steps": 875, "loss": 4.664341926574707, "lr": 0.015885714285714284, "adamw_lr": 0.00039714285714285714, "elapsed_time": 874.8386278152466, "prnt": false}
{"event": "training_step", "timestamp": 1782399851.325453, "step": 736, "max_steps": 875, "loss": 4.702066421508789, "lr": 0.01577142857142857, "adamw_lr": 0.0003942857142857143, "elapsed_time": 875.8237707614899, "prnt": false}
{"event": "training_step", "timestamp": 1782399852.3126569, "step": 737, "max_steps": 875, "loss": 4.716456413269043, "lr": 0.01565714285714286, "adamw_lr": 0.0003914285714285715, "elapsed_time": 876.8109760284424, "prnt": false}
{"event": "training_step", "timestamp": 1782399853.298869, "step": 738, "max_steps": 875, "loss": 4.641415596008301, "lr": 0.015542857142857143, "adamw_lr": 0.00038857142857142855, "elapsed_time": 877.7971878051758, "prnt": false}
{"event": "validation_step", "timestamp": 1782399856.8700328, "step": 738, "max_steps": 875, "loss": 0.9768311782821465, "ema": true, "elapsed_time": 877.7971878051758}
{"event": "training_step", "timestamp": 1782399857.709617, "step": 739, "max_steps": 875, "loss": 4.679884910583496, "lr": 0.01542857142857143, "adamw_lr": 0.0003857142857142857, "elapsed_time": 882.2079348564148, "prnt": false}
{"event": "training_step", "timestamp": 1782399858.8857758, "step": 740, "max_steps": 875, "loss": 4.6645660400390625, "lr": 0.015314285714285714, "adamw_lr": 0.00038285714285714285, "elapsed_time": 883.384094953537, "prnt": false}
{"event": "training_step", "timestamp": 1782399859.8671958, "step": 741, "max_steps": 875, "loss": 4.706307888031006, "lr": 0.0152, "adamw_lr": 0.00038, "elapsed_time": 884.3655138015747, "prnt": false}
{"event": "training_step", "timestamp": 1782399860.871853, "step": 742, "max_steps": 875, "loss": 4.745745658874512, "lr": 0.015085714285714286, "adamw_lr": 0.00037714285714285714, "elapsed_time": 885.3701717853546, "prnt": false}
{"event": "training_step", "timestamp": 1782399861.999586, "step": 743, "max_steps": 875, "loss": 4.701446533203125, "lr": 0.014971428571428571, "adamw_lr": 0.00037428571428571426, "elapsed_time": 886.4979038238525, "prnt": false}
{"event": "training_step", "timestamp": 1782399862.989121, "step": 744, "max_steps": 875, "loss": 4.673973083496094, "lr": 0.014857142857142859, "adamw_lr": 0.00037142857142857143, "elapsed_time": 887.4874398708344, "prnt": false}
{"event": "training_step", "timestamp": 1782399864.1136808, "step": 745, "max_steps": 875, "loss": 4.672136306762695, "lr": 0.014742857142857143, "adamw_lr": 0.00036857142857142855, "elapsed_time": 888.611998796463, "prnt": false}
{"event": "training_step", "timestamp": 1782399865.130271, "step": 746, "max_steps": 875, "loss": 4.608920097351074, "lr": 0.014628571428571428, "adamw_lr": 0.00036571428571428573, "elapsed_time": 889.628589630127, "prnt": false}
{"event": "training_step", "timestamp": 1782399866.1145542, "step": 747, "max_steps": 875, "loss": 4.657166481018066, "lr": 0.014514285714285716, "adamw_lr": 0.0003628571428571429, "elapsed_time": 890.6128737926483, "prnt": false}
{"event": "training_step", "timestamp": 1782399867.2735722, "step": 748, "max_steps": 875, "loss": 4.700318813323975, "lr": 0.0144, "adamw_lr": 0.00035999999999999997, "elapsed_time": 891.7718908786774, "prnt": false}
{"event": "training_step", "timestamp": 1782399868.2728581, "step": 749, "max_steps": 875, "loss": 4.643134117126465, "lr": 0.014285714285714287, "adamw_lr": 0.00035714285714285714, "elapsed_time": 892.771176815033, "prnt": false}
{"event": "training_step", "timestamp": 1782399869.440033, "step": 750, "max_steps": 875, "loss": 4.608301162719727, "lr": 0.014171428571428573, "adamw_lr": 0.0003542857142857143, "elapsed_time": 893.9383518695831, "prnt": false}
{"event": "training_step", "timestamp": 1782399870.420097, "step": 751, "max_steps": 875, "loss": 4.6158318519592285, "lr": 0.014057142857142857, "adamw_lr": 0.00035142857142857144, "elapsed_time": 894.9184167385101, "prnt": false}
{"event": "training_step", "timestamp": 1782399871.399539, "step": 752, "max_steps": 875, "loss": 4.620386600494385, "lr": 0.013942857142857142, "adamw_lr": 0.00034857142857142856, "elapsed_time": 895.8978576660156, "prnt": false}
{"event": "training_step", "timestamp": 1782399872.556279, "step": 753, "max_steps": 875, "loss": 4.651876449584961, "lr": 0.01382857142857143, "adamw_lr": 0.0003457142857142858, "elapsed_time": 897.0545978546143, "prnt": false}
{"event": "training_step", "timestamp": 1782399873.537143, "step": 754, "max_steps": 875, "loss": 4.604252815246582, "lr": 0.013714285714285715, "adamw_lr": 0.00034285714285714285, "elapsed_time": 898.0354619026184, "prnt": false}
{"event": "training_step", "timestamp": 1782399874.5246599, "step": 755, "max_steps": 875, "loss": 4.668800354003906, "lr": 0.0136, "adamw_lr": 0.00033999999999999997, "elapsed_time": 899.0229787826538, "prnt": false}
{"event": "training_step", "timestamp": 1782399875.505291, "step": 756, "max_steps": 875, "loss": 4.571115970611572, "lr": 0.013485714285714285, "adamw_lr": 0.00033714285714285714, "elapsed_time": 900.0036098957062, "prnt": false}
{"event": "training_step", "timestamp": 1782399876.579205, "step": 757, "max_steps": 875, "loss": 4.685943603515625, "lr": 0.013371428571428572, "adamw_lr": 0.0003342857142857143, "elapsed_time": 901.0775239467621, "prnt": false}
{"event": "training_step", "timestamp": 1782399877.6103601, "step": 758, "max_steps": 875, "loss": 4.6174116134643555, "lr": 0.013257142857142856, "adamw_lr": 0.00033142857142857144, "elapsed_time": 902.108678817749, "prnt": false}
{"event": "training_step", "timestamp": 1782399878.766662, "step": 759, "max_steps": 875, "loss": 4.676870822906494, "lr": 0.013142857142857144, "adamw_lr": 0.00032857142857142856, "elapsed_time": 903.2649788856506, "prnt": false}
{"event": "training_step", "timestamp": 1782399879.81359, "step": 760, "max_steps": 875, "loss": 4.612110137939453, "lr": 0.01302857142857143, "adamw_lr": 0.00032571428571428573, "elapsed_time": 904.3119087219238, "prnt": false}
{"event": "training_step", "timestamp": 1782399880.847615, "step": 761, "max_steps": 875, "loss": 4.588207721710205, "lr": 0.012914285714285713, "adamw_lr": 0.00032285714285714285, "elapsed_time": 905.3459327220917, "prnt": false}
{"event": "training_step", "timestamp": 1782399881.932401, "step": 762, "max_steps": 875, "loss": 4.638411521911621, "lr": 0.0128, "adamw_lr": 0.00032, "elapsed_time": 906.4307179450989, "prnt": false}
{"event": "training_step", "timestamp": 1782399883.269353, "step": 763, "max_steps": 875, "loss": 4.6204729080200195, "lr": 0.012685714285714286, "adamw_lr": 0.0003171428571428572, "elapsed_time": 907.7676706314087, "prnt": false}
{"event": "training_step", "timestamp": 1782399884.669782, "step": 764, "max_steps": 875, "loss": 4.584054946899414, "lr": 0.012571428571428572, "adamw_lr": 0.00031428571428571427, "elapsed_time": 909.1680998802185, "prnt": false}
{"event": "training_step", "timestamp": 1782399886.042075, "step": 765, "max_steps": 875, "loss": 4.554187774658203, "lr": 0.012457142857142856, "adamw_lr": 0.0003114285714285714, "elapsed_time": 910.5403938293457, "prnt": false}
{"event": "training_step", "timestamp": 1782399887.434288, "step": 766, "max_steps": 875, "loss": 4.614414215087891, "lr": 0.012342857142857145, "adamw_lr": 0.0003085714285714286, "elapsed_time": 911.9326047897339, "prnt": false}
{"event": "training_step", "timestamp": 1782399888.843162, "step": 767, "max_steps": 875, "loss": 4.581480979919434, "lr": 0.012228571428571429, "adamw_lr": 0.00030571428571428573, "elapsed_time": 913.3414797782898, "prnt": false}
{"event": "training_step", "timestamp": 1782399890.227032, "step": 768, "max_steps": 875, "loss": 4.49257755279541, "lr": 0.012114285714285713, "adamw_lr": 0.00030285714285714285, "elapsed_time": 914.725350856781, "prnt": false}
{"event": "training_step", "timestamp": 1782399891.627816, "step": 769, "max_steps": 875, "loss": 4.558974742889404, "lr": 0.012, "adamw_lr": 0.0003, "elapsed_time": 916.1261339187622, "prnt": false}
{"event": "training_step", "timestamp": 1782399893.035299, "step": 770, "max_steps": 875, "loss": 4.582514762878418, "lr": 0.011885714285714286, "adamw_lr": 0.00029714285714285715, "elapsed_time": 917.5336167812347, "prnt": false}
{"event": "training_step", "timestamp": 1782399894.1517172, "step": 771, "max_steps": 875, "loss": 4.536407470703125, "lr": 0.011771428571428572, "adamw_lr": 0.00029428571428571427, "elapsed_time": 918.65003490448, "prnt": false}
{"event": "training_step", "timestamp": 1782399895.232534, "step": 772, "max_steps": 875, "loss": 4.547855377197266, "lr": 0.011657142857142857, "adamw_lr": 0.00029142857142857144, "elapsed_time": 919.7308528423309, "prnt": false}
{"event": "training_step", "timestamp": 1782399896.56821, "step": 773, "max_steps": 875, "loss": 4.495323657989502, "lr": 0.011542857142857145, "adamw_lr": 0.0002885714285714286, "elapsed_time": 921.0665278434753, "prnt": false}
{"event": "training_step", "timestamp": 1782399897.9117398, "step": 774, "max_steps": 875, "loss": 4.548109531402588, "lr": 0.011428571428571429, "adamw_lr": 0.0002857142857142857, "elapsed_time": 922.4100580215454, "prnt": false}
{"event": "training_step", "timestamp": 1782399899.285868, "step": 775, "max_steps": 875, "loss": 4.545619010925293, "lr": 0.011314285714285714, "adamw_lr": 0.00028285714285714286, "elapsed_time": 923.7841868400574, "prnt": false}
{"event": "training_step", "timestamp": 1782399900.6413598, "step": 776, "max_steps": 875, "loss": 4.5638041496276855, "lr": 0.011200000000000002, "adamw_lr": 0.00028000000000000003, "elapsed_time": 925.1396777629852, "prnt": false}
{"event": "training_step", "timestamp": 1782399901.951037, "step": 777, "max_steps": 875, "loss": 4.526080131530762, "lr": 0.011085714285714286, "adamw_lr": 0.00027714285714285715, "elapsed_time": 926.4493556022644, "prnt": false}
{"event": "training_step", "timestamp": 1782399903.275361, "step": 778, "max_steps": 875, "loss": 4.516589164733887, "lr": 0.010971428571428573, "adamw_lr": 0.0002742857142857143, "elapsed_time": 927.773678779602, "prnt": false}
{"event": "training_step", "timestamp": 1782399904.599817, "step": 779, "max_steps": 875, "loss": 4.512732028961182, "lr": 0.010857142857142859, "adamw_lr": 0.00027142857142857144, "elapsed_time": 929.0981357097626, "prnt": false}
{"event": "validation_step", "timestamp": 1782399909.4626718, "step": 779, "max_steps": 875, "loss": 0.9763926696804448, "ema": true, "elapsed_time": 929.0981357097626}
{"event": "training_step", "timestamp": 1782399910.5973299, "step": 780, "max_steps": 875, "loss": 4.482701301574707, "lr": 0.010742857142857143, "adamw_lr": 0.00026857142857142856, "elapsed_time": 935.0956478118896, "prnt": false}
{"event": "training_step", "timestamp": 1782399911.8731468, "step": 781, "max_steps": 875, "loss": 4.509544372558594, "lr": 0.010628571428571428, "adamw_lr": 0.0002657142857142857, "elapsed_time": 936.371465921402, "prnt": false}
{"event": "training_step", "timestamp": 1782399913.186521, "step": 782, "max_steps": 875, "loss": 4.490637302398682, "lr": 0.010514285714285714, "adamw_lr": 0.00026285714285714286, "elapsed_time": 937.684839963913, "prnt": false}
{"event": "training_step", "timestamp": 1782399914.476558, "step": 783, "max_steps": 875, "loss": 4.505025863647461, "lr": 0.010400000000000001, "adamw_lr": 0.00026000000000000003, "elapsed_time": 938.9748747348785, "prnt": false}
{"event": "training_step", "timestamp": 1782399915.769309, "step": 784, "max_steps": 875, "loss": 4.527582168579102, "lr": 0.010285714285714285, "adamw_lr": 0.0002571428571428571, "elapsed_time": 940.2676258087158, "prnt": false}
{"event": "training_step", "timestamp": 1782399917.087204, "step": 785, "max_steps": 875, "loss": 4.483750343322754, "lr": 0.01017142857142857, "adamw_lr": 0.00025428571428571427, "elapsed_time": 941.5855197906494, "prnt": false}
{"event": "training_step", "timestamp": 1782399918.3907871, "step": 786, "max_steps": 875, "loss": 4.575841903686523, "lr": 0.010057142857142858, "adamw_lr": 0.00025142857142857145, "elapsed_time": 942.8891048431396, "prnt": false}
{"event": "training_step", "timestamp": 1782399919.7331672, "step": 787, "max_steps": 875, "loss": 4.474303245544434, "lr": 0.009942857142857142, "adamw_lr": 0.00024857142857142857, "elapsed_time": 944.2314848899841, "prnt": false}
{"event": "training_step", "timestamp": 1782399921.090357, "step": 788, "max_steps": 875, "loss": 4.485230445861816, "lr": 0.00982857142857143, "adamw_lr": 0.00024571428571428574, "elapsed_time": 945.5886747837067, "prnt": false}
{"event": "training_step", "timestamp": 1782399922.412061, "step": 789, "max_steps": 875, "loss": 4.466330528259277, "lr": 0.009714285714285715, "adamw_lr": 0.00024285714285714289, "elapsed_time": 946.9103796482086, "prnt": false}
{"event": "training_step", "timestamp": 1782399923.7527418, "step": 790, "max_steps": 875, "loss": 4.417654991149902, "lr": 0.0096, "adamw_lr": 0.00024, "elapsed_time": 948.251060962677, "prnt": false}
{"event": "training_step", "timestamp": 1782399925.075876, "step": 791, "max_steps": 875, "loss": 4.48396110534668, "lr": 0.009485714285714287, "adamw_lr": 0.00023714285714285715, "elapsed_time": 949.5741949081421, "prnt": false}
{"event": "training_step", "timestamp": 1782399926.404452, "step": 792, "max_steps": 875, "loss": 4.459808349609375, "lr": 0.00937142857142857, "adamw_lr": 0.00023428571428571427, "elapsed_time": 950.9027698040009, "prnt": false}
{"event": "training_step", "timestamp": 1782399927.737655, "step": 793, "max_steps": 875, "loss": 4.408622741699219, "lr": 0.009257142857142858, "adamw_lr": 0.00023142857142857142, "elapsed_time": 952.2359728813171, "prnt": false}
{"event": "training_step", "timestamp": 1782399929.062568, "step": 794, "max_steps": 875, "loss": 4.430582046508789, "lr": 0.009142857142857144, "adamw_lr": 0.0002285714285714286, "elapsed_time": 953.5608866214752, "prnt": false}
{"event": "training_step", "timestamp": 1782399930.390629, "step": 795, "max_steps": 875, "loss": 4.419439792633057, "lr": 0.009028571428571427, "adamw_lr": 0.00022571428571428571, "elapsed_time": 954.8889467716217, "prnt": false}
{"event": "training_step", "timestamp": 1782399931.7316842, "step": 796, "max_steps": 875, "loss": 4.405848503112793, "lr": 0.008914285714285715, "adamw_lr": 0.00022285714285714286, "elapsed_time": 956.2300028800964, "prnt": false}
{"event": "training_step", "timestamp": 1782399933.073462, "step": 797, "max_steps": 875, "loss": 4.40185546875, "lr": 0.008799999999999999, "adamw_lr": 0.00021999999999999998, "elapsed_time": 957.5717797279358, "prnt": false}
{"event": "training_step", "timestamp": 1782399934.424684, "step": 798, "max_steps": 875, "loss": 4.412448883056641, "lr": 0.008685714285714286, "adamw_lr": 0.00021714285714285715, "elapsed_time": 958.9230027198792, "prnt": false}
{"event": "training_step", "timestamp": 1782399935.691482, "step": 799, "max_steps": 875, "loss": 4.365604400634766, "lr": 0.008571428571428572, "adamw_lr": 0.0002142857142857143, "elapsed_time": 960.1898009777069, "prnt": false}
{"event": "training_step", "timestamp": 1782399936.788398, "step": 800, "max_steps": 875, "loss": 4.417839527130127, "lr": 0.008457142857142856, "adamw_lr": 0.00021142857142857142, "elapsed_time": 961.2867157459259, "prnt": false}
{"event": "training_step", "timestamp": 1782399938.128107, "step": 801, "max_steps": 875, "loss": 4.399734020233154, "lr": 0.008342857142857143, "adamw_lr": 0.00020857142857142857, "elapsed_time": 962.626425743103, "prnt": false}
{"event": "training_step", "timestamp": 1782399939.473105, "step": 802, "max_steps": 875, "loss": 4.345065116882324, "lr": 0.008228571428571429, "adamw_lr": 0.00020571428571428574, "elapsed_time": 963.9714229106903, "prnt": false}
{"event": "training_step", "timestamp": 1782399940.8220952, "step": 803, "max_steps": 875, "loss": 4.410958766937256, "lr": 0.008114285714285715, "adamw_lr": 0.00020285714285714286, "elapsed_time": 965.3204128742218, "prnt": false}
{"event": "training_step", "timestamp": 1782399942.17524, "step": 804, "max_steps": 875, "loss": 4.375385284423828, "lr": 0.008, "adamw_lr": 0.0002, "elapsed_time": 966.6735587120056, "prnt": false}
{"event": "training_step", "timestamp": 1782399943.537199, "step": 805, "max_steps": 875, "loss": 4.321384429931641, "lr": 0.007885714285714284, "adamw_lr": 0.00019714285714285713, "elapsed_time": 968.0355179309845, "prnt": false}
{"event": "training_step", "timestamp": 1782399944.899988, "step": 806, "max_steps": 875, "loss": 4.4409942626953125, "lr": 0.0077714285714285715, "adamw_lr": 0.00019428571428571428, "elapsed_time": 969.3983056545258, "prnt": false}
{"event": "training_step", "timestamp": 1782399946.274893, "step": 807, "max_steps": 875, "loss": 4.336921691894531, "lr": 0.007657142857142858, "adamw_lr": 0.00019142857142857145, "elapsed_time": 970.7732107639313, "prnt": false}
{"event": "training_step", "timestamp": 1782399947.561173, "step": 808, "max_steps": 875, "loss": 4.339251518249512, "lr": 0.007542857142857143, "adamw_lr": 0.00018857142857142857, "elapsed_time": 972.059488773346, "prnt": false}
{"event": "training_step", "timestamp": 1782399948.883997, "step": 809, "max_steps": 875, "loss": 4.316409111022949, "lr": 0.007428571428571429, "adamw_lr": 0.00018571428571428572, "elapsed_time": 973.3823156356812, "prnt": false}
{"event": "training_step", "timestamp": 1782399950.19723, "step": 810, "max_steps": 875, "loss": 4.310948371887207, "lr": 0.007314285714285716, "adamw_lr": 0.0001828571428571429, "elapsed_time": 974.6955478191376, "prnt": false}
{"event": "training_step", "timestamp": 1782399951.510905, "step": 811, "max_steps": 875, "loss": 4.292264461517334, "lr": 0.0072, "adamw_lr": 0.00017999999999999998, "elapsed_time": 976.0092227458954, "prnt": false}
{"event": "training_step", "timestamp": 1782399952.87166, "step": 812, "max_steps": 875, "loss": 4.2966814041137695, "lr": 0.007085714285714286, "adamw_lr": 0.00017714285714285716, "elapsed_time": 977.3699767589569, "prnt": false}
{"event": "training_step", "timestamp": 1782399954.212755, "step": 813, "max_steps": 875, "loss": 4.355879783630371, "lr": 0.006971428571428571, "adamw_lr": 0.00017428571428571428, "elapsed_time": 978.7110726833344, "prnt": false}
{"event": "training_step", "timestamp": 1782399955.573047, "step": 814, "max_steps": 875, "loss": 4.307578086853027, "lr": 0.006857142857142858, "adamw_lr": 0.00017142857142857143, "elapsed_time": 980.0713648796082, "prnt": false}
{"event": "training_step", "timestamp": 1782399956.805844, "step": 815, "max_steps": 875, "loss": 4.310214042663574, "lr": 0.006742857142857144, "adamw_lr": 0.0001685714285714286, "elapsed_time": 981.3041617870331, "prnt": false}
{"event": "training_step", "timestamp": 1782399957.998668, "step": 816, "max_steps": 875, "loss": 4.310048580169678, "lr": 0.006628571428571428, "adamw_lr": 0.00016571428571428572, "elapsed_time": 982.4969856739044, "prnt": false}
{"event": "training_step", "timestamp": 1782399959.322798, "step": 817, "max_steps": 875, "loss": 4.331186294555664, "lr": 0.006514285714285715, "adamw_lr": 0.00016285714285714287, "elapsed_time": 983.821115732193, "prnt": false}
{"event": "training_step", "timestamp": 1782399960.662156, "step": 818, "max_steps": 875, "loss": 4.264166831970215, "lr": 0.0063999999999999994, "adamw_lr": 0.00015999999999999999, "elapsed_time": 985.1604738235474, "prnt": false}
{"event": "training_step", "timestamp": 1782399961.993033, "step": 819, "max_steps": 875, "loss": 4.268777847290039, "lr": 0.006285714285714286, "adamw_lr": 0.00015714285714285713, "elapsed_time": 986.4913518428802, "prnt": false}
{"event": "training_step", "timestamp": 1782399963.322575, "step": 820, "max_steps": 875, "loss": 4.270720481872559, "lr": 0.0061714285714285725, "adamw_lr": 0.0001542857142857143, "elapsed_time": 987.8208928108215, "prnt": false}
{"event": "validation_step", "timestamp": 1782399968.188669, "step": 820, "max_steps": 875, "loss": 0.9768914196138337, "ema": true, "elapsed_time": 987.8208928108215}
{"event": "training_step", "timestamp": 1782399969.383606, "step": 821, "max_steps": 875, "loss": 4.294561386108398, "lr": 0.006057142857142856, "adamw_lr": 0.00015142857142857143, "elapsed_time": 993.8819227218628, "prnt": false}
{"event": "training_step", "timestamp": 1782399970.723996, "step": 822, "max_steps": 875, "loss": 4.307982444763184, "lr": 0.005942857142857143, "adamw_lr": 0.00014857142857142857, "elapsed_time": 995.2223138809204, "prnt": false}
{"event": "training_step", "timestamp": 1782399972.1009421, "step": 823, "max_steps": 875, "loss": 4.256506443023682, "lr": 0.0058285714285714295, "adamw_lr": 0.00014571428571428575, "elapsed_time": 996.599259853363, "prnt": false}
{"event": "training_step", "timestamp": 1782399973.433362, "step": 824, "max_steps": 875, "loss": 4.288317680358887, "lr": 0.005714285714285714, "adamw_lr": 0.00014285714285714284, "elapsed_time": 997.9316799640656, "prnt": false}
{"event": "training_step", "timestamp": 1782399974.708143, "step": 825, "max_steps": 875, "loss": 4.2946977615356445, "lr": 0.005600000000000001, "adamw_lr": 0.00014000000000000001, "elapsed_time": 999.2064619064331, "prnt": false}
{"event": "training_step", "timestamp": 1782399975.9943192, "step": 826, "max_steps": 875, "loss": 4.200385093688965, "lr": 0.005485714285714285, "adamw_lr": 0.00013714285714285713, "elapsed_time": 1000.4926378726959, "prnt": false}
{"event": "training_step", "timestamp": 1782399977.32127, "step": 827, "max_steps": 875, "loss": 4.291934013366699, "lr": 0.005371428571428571, "adamw_lr": 0.00013428571428571428, "elapsed_time": 1001.8195888996124, "prnt": false}
{"event": "training_step", "timestamp": 1782399978.622025, "step": 828, "max_steps": 875, "loss": 4.253990173339844, "lr": 0.005257142857142858, "adamw_lr": 0.00013142857142857146, "elapsed_time": 1003.1203427314758, "prnt": false}
{"event": "training_step", "timestamp": 1782399979.9374678, "step": 829, "max_steps": 875, "loss": 4.2373199462890625, "lr": 0.005142857142857143, "adamw_lr": 0.00012857142857142855, "elapsed_time": 1004.4357869625092, "prnt": false}
{"event": "training_step", "timestamp": 1782399981.267669, "step": 830, "max_steps": 875, "loss": 4.271206855773926, "lr": 0.005028571428571429, "adamw_lr": 0.00012571428571428572, "elapsed_time": 1005.7659857273102, "prnt": false}
{"event": "training_step", "timestamp": 1782399982.583331, "step": 831, "max_steps": 875, "loss": 4.328450679779053, "lr": 0.004914285714285713, "adamw_lr": 0.00012285714285714284, "elapsed_time": 1007.0816497802734, "prnt": false}
{"event": "training_step", "timestamp": 1782399983.8600378, "step": 832, "max_steps": 875, "loss": 4.269519329071045, "lr": 0.0048, "adamw_lr": 0.00012, "elapsed_time": 1008.3583569526672, "prnt": false}
{"event": "training_step", "timestamp": 1782399985.1882439, "step": 833, "max_steps": 875, "loss": 4.251949787139893, "lr": 0.004685714285714286, "adamw_lr": 0.00011714285714285716, "elapsed_time": 1009.6865627765656, "prnt": false}
{"event": "training_step", "timestamp": 1782399986.4596648, "step": 834, "max_steps": 875, "loss": 4.234125137329102, "lr": 0.004571428571428571, "adamw_lr": 0.00011428571428571427, "elapsed_time": 1010.9579830169678, "prnt": false}
{"event": "training_step", "timestamp": 1782399987.778792, "step": 835, "max_steps": 875, "loss": 4.246303558349609, "lr": 0.0044571428571428574, "adamw_lr": 0.00011142857142857143, "elapsed_time": 1012.2771108150482, "prnt": false}
{"event": "training_step", "timestamp": 1782399989.056793, "step": 836, "max_steps": 875, "loss": 4.189906120300293, "lr": 0.004342857142857144, "adamw_lr": 0.0001085714285714286, "elapsed_time": 1013.5551118850708, "prnt": false}
{"event": "training_step", "timestamp": 1782399990.354903, "step": 837, "max_steps": 875, "loss": 4.19231653213501, "lr": 0.004228571428571428, "adamw_lr": 0.00010571428571428571, "elapsed_time": 1014.8532207012177, "prnt": false}
{"event": "training_step", "timestamp": 1782399991.6281888, "step": 838, "max_steps": 875, "loss": 4.202118873596191, "lr": 0.004114285714285714, "adamw_lr": 0.00010285714285714287, "elapsed_time": 1016.1265070438385, "prnt": false}
{"event": "training_step", "timestamp": 1782399992.7531362, "step": 839, "max_steps": 875, "loss": 4.20048713684082, "lr": 0.003999999999999999, "adamw_lr": 9.999999999999998e-05, "elapsed_time": 1017.2514538764954, "prnt": false}
{"event": "training_step", "timestamp": 1782399993.978911, "step": 840, "max_steps": 875, "loss": 4.180572986602783, "lr": 0.0038857142857142857, "adamw_lr": 9.714285714285714e-05, "elapsed_time": 1018.47722864151, "prnt": false}
{"event": "training_step", "timestamp": 1782399995.3162692, "step": 841, "max_steps": 875, "loss": 4.221160888671875, "lr": 0.0037714285714285723, "adamw_lr": 9.428571428571431e-05, "elapsed_time": 1019.8145868778229, "prnt": false}
{"event": "training_step", "timestamp": 1782399996.63271, "step": 842, "max_steps": 875, "loss": 4.211514472961426, "lr": 0.0036571428571428566, "adamw_lr": 9.142857142857142e-05, "elapsed_time": 1021.1310279369354, "prnt": false}
{"event": "training_step", "timestamp": 1782399997.96073, "step": 843, "max_steps": 875, "loss": 4.179408073425293, "lr": 0.003542857142857143, "adamw_lr": 8.857142857142858e-05, "elapsed_time": 1022.4590489864349, "prnt": false}
{"event": "training_step", "timestamp": 1782399999.306547, "step": 844, "max_steps": 875, "loss": 4.168778419494629, "lr": 0.0034285714285714275, "adamw_lr": 8.571428571428569e-05, "elapsed_time": 1023.8048655986786, "prnt": false}
{"event": "training_step", "timestamp": 1782400000.660198, "step": 845, "max_steps": 875, "loss": 4.198722839355469, "lr": 0.003314285714285714, "adamw_lr": 8.285714285714286e-05, "elapsed_time": 1025.1585159301758, "prnt": false}
{"event": "training_step", "timestamp": 1782400001.9971058, "step": 846, "max_steps": 875, "loss": 4.17592716217041, "lr": 0.0032000000000000006, "adamw_lr": 8.000000000000002e-05, "elapsed_time": 1026.4954240322113, "prnt": false}
{"event": "training_step", "timestamp": 1782400003.343839, "step": 847, "max_steps": 875, "loss": 4.182562828063965, "lr": 0.003085714285714285, "adamw_lr": 7.714285714285713e-05, "elapsed_time": 1027.8421578407288, "prnt": false}
{"event": "training_step", "timestamp": 1782400004.6904042, "step": 848, "max_steps": 875, "loss": 4.182887077331543, "lr": 0.0029714285714285715, "adamw_lr": 7.428571428571429e-05, "elapsed_time": 1029.188721895218, "prnt": false}
{"event": "training_step", "timestamp": 1782400006.072769, "step": 849, "max_steps": 875, "loss": 4.223093032836914, "lr": 0.002857142857142858, "adamw_lr": 7.142857142857145e-05, "elapsed_time": 1030.571086883545, "prnt": false}
{"event": "training_step", "timestamp": 1782400007.430733, "step": 850, "max_steps": 875, "loss": 4.161304473876953, "lr": 0.0027428571428571424, "adamw_lr": 6.857142857142857e-05, "elapsed_time": 1031.9290518760681, "prnt": false}
{"event": "training_step", "timestamp": 1782400008.7920482, "step": 851, "max_steps": 875, "loss": 4.191351890563965, "lr": 0.002628571428571429, "adamw_lr": 6.571428571428573e-05, "elapsed_time": 1033.2903668880463, "prnt": false}
{"event": "training_step", "timestamp": 1782400010.158867, "step": 852, "max_steps": 875, "loss": 4.187455177307129, "lr": 0.0025142857142857133, "adamw_lr": 6.285714285714283e-05, "elapsed_time": 1034.65718460083, "prnt": false}
{"event": "training_step", "timestamp": 1782400011.531638, "step": 853, "max_steps": 875, "loss": 4.226125717163086, "lr": 0.0024, "adamw_lr": 6e-05, "elapsed_time": 1036.029956817627, "prnt": false}
{"event": "training_step", "timestamp": 1782400012.8779259, "step": 854, "max_steps": 875, "loss": 4.135163307189941, "lr": 0.0022857142857142863, "adamw_lr": 5.714285714285716e-05, "elapsed_time": 1037.37624502182, "prnt": false}
{"event": "training_step", "timestamp": 1782400014.2300532, "step": 855, "max_steps": 875, "loss": 4.191607475280762, "lr": 0.0021714285714285707, "adamw_lr": 5.428571428571427e-05, "elapsed_time": 1038.7283699512482, "prnt": false}
{"event": "training_step", "timestamp": 1782400015.577321, "step": 856, "max_steps": 875, "loss": 4.120343208312988, "lr": 0.002057142857142857, "adamw_lr": 5.1428571428571436e-05, "elapsed_time": 1040.0756397247314, "prnt": false}
{"event": "training_step", "timestamp": 1782400016.929898, "step": 857, "max_steps": 875, "loss": 4.197675704956055, "lr": 0.001942857142857144, "adamw_lr": 4.85714285714286e-05, "elapsed_time": 1041.4282166957855, "prnt": false}
{"event": "training_step", "timestamp": 1782400018.318632, "step": 858, "max_steps": 875, "loss": 4.158179759979248, "lr": 0.0018285714285714283, "adamw_lr": 4.571428571428571e-05, "elapsed_time": 1042.8169507980347, "prnt": false}
{"event": "training_step", "timestamp": 1782400019.6735308, "step": 859, "max_steps": 875, "loss": 4.148375511169434, "lr": 0.0017142857142857148, "adamw_lr": 4.285714285714287e-05, "elapsed_time": 1044.1718499660492, "prnt": false}
{"event": "training_step", "timestamp": 1782400021.032632, "step": 860, "max_steps": 875, "loss": 4.1138153076171875, "lr": 0.0015999999999999992, "adamw_lr": 3.999999999999998e-05, "elapsed_time": 1045.5309507846832, "prnt": false}
{"event": "training_step", "timestamp": 1782400022.384635, "step": 861, "max_steps": 875, "loss": 4.128628253936768, "lr": 0.0014857142857142857, "adamw_lr": 3.7142857142857143e-05, "elapsed_time": 1046.882952928543, "prnt": false}
{"event": "validation_step", "timestamp": 1782400027.187834, "step": 861, "max_steps": 875, "loss": 0.9781964958168287, "ema": true, "elapsed_time": 1046.882952928543}
{"event": "training_step", "timestamp": 1782400028.362571, "step": 862, "max_steps": 875, "loss": 4.172079086303711, "lr": 0.0013714285714285723, "adamw_lr": 3.428571428571431e-05, "elapsed_time": 1052.8608787059784, "prnt": false}
{"event": "training_step", "timestamp": 1782400029.674604, "step": 863, "max_steps": 875, "loss": 4.070206642150879, "lr": 0.0012571428571428566, "adamw_lr": 3.142857142857142e-05, "elapsed_time": 1054.1729218959808, "prnt": false}
{"event": "training_step", "timestamp": 1782400031.047325, "step": 864, "max_steps": 875, "loss": 4.125607490539551, "lr": 0.0011428571428571432, "adamw_lr": 2.857142857142858e-05, "elapsed_time": 1055.5456438064575, "prnt": false}
{"event": "training_step", "timestamp": 1782400032.420667, "step": 865, "max_steps": 875, "loss": 4.099365234375, "lr": 0.0010285714285714275, "adamw_lr": 2.571428571428569e-05, "elapsed_time": 1056.9189848899841, "prnt": false}
{"event": "training_step", "timestamp": 1782400033.802919, "step": 866, "max_steps": 875, "loss": 4.127939224243164, "lr": 0.0009142857142857142, "adamw_lr": 2.2857142857142855e-05, "elapsed_time": 1058.3012368679047, "prnt": false}
{"event": "training_step", "timestamp": 1782400035.2550368, "step": 867, "max_steps": 875, "loss": 4.184587478637695, "lr": 0.0008000000000000007, "adamw_lr": 2.000000000000002e-05, "elapsed_time": 1059.7533550262451, "prnt": false}
{"event": "training_step", "timestamp": 1782400036.708735, "step": 868, "max_steps": 875, "loss": 4.142177581787109, "lr": 0.000685714285714285, "adamw_lr": 1.7142857142857128e-05, "elapsed_time": 1061.2070527076721, "prnt": false}
{"event": "training_step", "timestamp": 1782400038.145777, "step": 869, "max_steps": 875, "loss": 4.126252174377441, "lr": 0.0005714285714285716, "adamw_lr": 1.428571428571429e-05, "elapsed_time": 1062.6440958976746, "prnt": false}
{"event": "training_step", "timestamp": 1782400039.6010199, "step": 870, "max_steps": 875, "loss": 4.10491943359375, "lr": 0.0004571428571428582, "adamw_lr": 1.1428571428571454e-05, "elapsed_time": 1064.0993378162384, "prnt": false}
{"event": "training_step", "timestamp": 1782400041.075244, "step": 871, "max_steps": 875, "loss": 4.043744087219238, "lr": 0.0003428571428571425, "adamw_lr": 8.571428571428564e-06, "elapsed_time": 1065.573562860489, "prnt": false}
{"event": "training_step", "timestamp": 1782400042.515533, "step": 872, "max_steps": 875, "loss": 4.090020656585693, "lr": 0.0002285714285714291, "adamw_lr": 5.714285714285727e-06, "elapsed_time": 1067.0138518810272, "prnt": false}
{"event": "training_step", "timestamp": 1782400043.938585, "step": 873, "max_steps": 875, "loss": 4.114110946655273, "lr": 0.00011428571428571344, "adamw_lr": 2.857142857142836e-06, "elapsed_time": 1068.4369027614594, "prnt": false}
{"event": "training_step", "timestamp": 1782400045.3822029, "step": 874, "max_steps": 875, "loss": 4.078646659851074, "lr": 0.0, "adamw_lr": 0.0, "elapsed_time": 1069.8805220127106, "prnt": false}
{"event": "training_step", "timestamp": 1782400046.82455, "step": 875, "max_steps": 875, "loss": 4.050660133361816, "lr": 0.0, "adamw_lr": 0.0, "elapsed_time": 1071.3228688240051, "prnt": false}
{"event": "validation_step", "timestamp": 1782400052.0748968, "step": 875, "max_steps": 875, "loss": 0.9787127172629092, "ema": true, "elapsed_time": 1071.3228688240051}
