{"event": "hyperparameters_configured", "timestamp": 1782396431.1324959, "block_size": 128, "batch_size": 64, "train_batch_size": 32, "vocab_size": 16000, "n_layer": 12, "n_head": 12, "d_model": 384, "dropout": 0.05, "qk_norm": true, "weight_decay": 0.1, "beta1": 0.9, "beta2": 0.95, "evals_per_epoch": 3, "gradient_accumulation_steps": 1, "epochs": 7, "seed": 1337, "num_titles": 100000, "val_frac": 0.1, "log_file": "./logs/mainrun.log", "run_tag": "v5_bs32_dropout05_evalfix", "muon_lr": 0.02, "adamw_lr": 0.0005, "muon_momentum": 0.95, "wsd_warmup_pct": 0.05, "wsd_decay_pct": 0.2, "rope_theta": 500.0, "label_smoothing": 0.0, "use_ema": true, "ema_target_decay": 0.999}
{"event": "device_info", "timestamp": 1782396431.1417868, "device": "mps"}
{"event": "dataset_info", "timestamp": 1782396439.6738582, "titles_count": 90000, "epochs": 7, "batches_per_epoch": 269, "opt_steps_per_epoch": 269, "tokens_per_epoch": 1102455, "vocab_size": 16000}
{"event": "model_info", "timestamp": 1782396440.1034298, "parameters_count": 27388032}
{"event": "optimizer_info", "timestamp": 1782396440.6033258, "muon_params": 60, "adamw_params": 50, "muon_lr": 0.02, "adamw_lr": 0.0005}
{"event": "training_step", "timestamp": 1782396441.0953338, "step": 1, "max_steps": 1883, "loss": 9.753289222717285, "lr": 0.000425531914893617, "adamw_lr": 1.0638297872340426e-05, "elapsed_time": 0.4913818836212158, "prnt": false}
{"event": "validation_step", "timestamp": 1782396444.7370932, "step": 1, "max_steps": 1883, "loss": 2.097418403239989, "ema": true, "elapsed_time": 0.4913818836212158}
{"event": "training_step", "timestamp": 1782396445.093235, "step": 2, "max_steps": 1883, "loss": 9.748503684997559, "lr": 0.0006382978723404255, "adamw_lr": 1.5957446808510637e-05, "elapsed_time": 4.489283084869385, "prnt": false}
{"event": "training_step", "timestamp": 1782396445.563234, "step": 3, "max_steps": 1883, "loss": 9.746973991394043, "lr": 0.000851063829787234, "adamw_lr": 2.1276595744680852e-05, "elapsed_time": 4.959282875061035, "prnt": false}
{"event": "training_step", "timestamp": 1782396446.036318, "step": 4, "max_steps": 1883, "loss": 9.720388412475586, "lr": 0.0010638297872340426, "adamw_lr": 2.6595744680851064e-05, "elapsed_time": 5.432365894317627, "prnt": false}
{"event": "training_step", "timestamp": 1782396446.4800289, "step": 5, "max_steps": 1883, "loss": 9.705423355102539, "lr": 0.001276595744680851, "adamw_lr": 3.1914893617021275e-05, "elapsed_time": 5.876076936721802, "prnt": false}
{"event": "training_step", "timestamp": 1782396447.011437, "step": 6, "max_steps": 1883, "loss": 9.661642074584961, "lr": 0.0014893617021276596, "adamw_lr": 3.723404255319149e-05, "elapsed_time": 6.407485008239746, "prnt": false}
{"event": "training_step", "timestamp": 1782396447.504697, "step": 7, "max_steps": 1883, "loss": 9.637429237365723, "lr": 0.001702127659574468, "adamw_lr": 4.2553191489361704e-05, "elapsed_time": 6.900745868682861, "prnt": false}
{"event": "training_step", "timestamp": 1782396447.937342, "step": 8, "max_steps": 1883, "loss": 9.581840515136719, "lr": 0.0019148936170212767, "adamw_lr": 4.787234042553191e-05, "elapsed_time": 7.333389759063721, "prnt": false}
{"event": "training_step", "timestamp": 1782396448.3621252, "step": 9, "max_steps": 1883, "loss": 9.523577690124512, "lr": 0.002127659574468085, "adamw_lr": 5.319148936170213e-05, "elapsed_time": 7.758172988891602, "prnt": false}
{"event": "training_step", "timestamp": 1782396448.7991009, "step": 10, "max_steps": 1883, "loss": 9.483238220214844, "lr": 0.002340425531914894, "adamw_lr": 5.851063829787234e-05, "elapsed_time": 8.19514799118042, "prnt": false}
{"event": "training_step", "timestamp": 1782396449.328383, "step": 11, "max_steps": 1883, "loss": 9.427852630615234, "lr": 0.002553191489361702, "adamw_lr": 6.382978723404255e-05, "elapsed_time": 8.724429845809937, "prnt": false}
{"event": "training_step", "timestamp": 1782396449.885973, "step": 12, "max_steps": 1883, "loss": 9.355658531188965, "lr": 0.0027659574468085106, "adamw_lr": 6.914893617021277e-05, "elapsed_time": 9.282020807266235, "prnt": false}
{"event": "training_step", "timestamp": 1782396450.3604438, "step": 13, "max_steps": 1883, "loss": 9.272886276245117, "lr": 0.0029787234042553193, "adamw_lr": 7.446808510638298e-05, "elapsed_time": 9.756491899490356, "prnt": false}
{"event": "training_step", "timestamp": 1782396450.830535, "step": 14, "max_steps": 1883, "loss": 9.209223747253418, "lr": 0.003191489361702128, "adamw_lr": 7.97872340425532e-05, "elapsed_time": 10.226583003997803, "prnt": false}
{"event": "training_step", "timestamp": 1782396451.2746508, "step": 15, "max_steps": 1883, "loss": 9.145788192749023, "lr": 0.003404255319148936, "adamw_lr": 8.510638297872341e-05, "elapsed_time": 10.670697927474976, "prnt": false}
{"event": "training_step", "timestamp": 1782396451.725821, "step": 16, "max_steps": 1883, "loss": 9.057632446289062, "lr": 0.003617021276595745, "adamw_lr": 9.042553191489363e-05, "elapsed_time": 11.121869802474976, "prnt": false}
{"event": "training_step", "timestamp": 1782396452.264504, "step": 17, "max_steps": 1883, "loss": 9.032112121582031, "lr": 0.0038297872340425534, "adamw_lr": 9.574468085106382e-05, "elapsed_time": 11.660552024841309, "prnt": false}
{"event": "training_step", "timestamp": 1782396452.802423, "step": 18, "max_steps": 1883, "loss": 8.957029342651367, "lr": 0.004042553191489362, "adamw_lr": 0.00010106382978723403, "elapsed_time": 12.198472023010254, "prnt": false}
{"event": "training_step", "timestamp": 1782396453.280332, "step": 19, "max_steps": 1883, "loss": 8.940103530883789, "lr": 0.00425531914893617, "adamw_lr": 0.00010638297872340425, "elapsed_time": 12.676379919052124, "prnt": false}
{"event": "training_step", "timestamp": 1782396453.8021069, "step": 20, "max_steps": 1883, "loss": 8.875333786010742, "lr": 0.004468085106382979, "adamw_lr": 0.00011170212765957446, "elapsed_time": 13.198154926300049, "prnt": false}
{"event": "training_step", "timestamp": 1782396454.3265579, "step": 21, "max_steps": 1883, "loss": 8.808238983154297, "lr": 0.004680851063829788, "adamw_lr": 0.00011702127659574468, "elapsed_time": 13.722606897354126, "prnt": false}
{"event": "training_step", "timestamp": 1782396454.824899, "step": 22, "max_steps": 1883, "loss": 8.757234573364258, "lr": 0.004893617021276595, "adamw_lr": 0.0001223404255319149, "elapsed_time": 14.220947027206421, "prnt": false}
{"event": "training_step", "timestamp": 1782396455.285894, "step": 23, "max_steps": 1883, "loss": 8.743640899658203, "lr": 0.005106382978723404, "adamw_lr": 0.0001276595744680851, "elapsed_time": 14.6819429397583, "prnt": false}
{"event": "training_step", "timestamp": 1782396455.723674, "step": 24, "max_steps": 1883, "loss": 8.717428207397461, "lr": 0.005319148936170213, "adamw_lr": 0.00013297872340425532, "elapsed_time": 15.119723081588745, "prnt": false}
{"event": "training_step", "timestamp": 1782396456.15853, "step": 25, "max_steps": 1883, "loss": 8.689718246459961, "lr": 0.005531914893617021, "adamw_lr": 0.00013829787234042554, "elapsed_time": 15.554579019546509, "prnt": false}
{"event": "training_step", "timestamp": 1782396456.636152, "step": 26, "max_steps": 1883, "loss": 8.616241455078125, "lr": 0.005744680851063831, "adamw_lr": 0.00014361702127659576, "elapsed_time": 16.03219985961914, "prnt": false}
{"event": "training_step", "timestamp": 1782396457.161195, "step": 27, "max_steps": 1883, "loss": 8.609271049499512, "lr": 0.005957446808510639, "adamw_lr": 0.00014893617021276596, "elapsed_time": 16.55724287033081, "prnt": false}
{"event": "training_step", "timestamp": 1782396457.597731, "step": 28, "max_steps": 1883, "loss": 8.552041053771973, "lr": 0.006170212765957447, "adamw_lr": 0.00015425531914893618, "elapsed_time": 16.993778944015503, "prnt": false}
{"event": "training_step", "timestamp": 1782396458.07213, "step": 29, "max_steps": 1883, "loss": 8.54771900177002, "lr": 0.006382978723404256, "adamw_lr": 0.0001595744680851064, "elapsed_time": 17.46817684173584, "prnt": false}
{"event": "training_step", "timestamp": 1782396458.613995, "step": 30, "max_steps": 1883, "loss": 8.456695556640625, "lr": 0.006595744680851064, "adamw_lr": 0.0001648936170212766, "elapsed_time": 18.010042905807495, "prnt": false}
{"event": "training_step", "timestamp": 1782396459.0975301, "step": 31, "max_steps": 1883, "loss": 8.429244995117188, "lr": 0.006808510638297872, "adamw_lr": 0.00017021276595744682, "elapsed_time": 18.49357795715332, "prnt": false}
{"event": "training_step", "timestamp": 1782396459.558548, "step": 32, "max_steps": 1883, "loss": 8.368173599243164, "lr": 0.007021276595744681, "adamw_lr": 0.00017553191489361704, "elapsed_time": 18.954596757888794, "prnt": false}
{"event": "training_step", "timestamp": 1782396460.039896, "step": 33, "max_steps": 1883, "loss": 8.420173645019531, "lr": 0.00723404255319149, "adamw_lr": 0.00018085106382978726, "elapsed_time": 19.435943841934204, "prnt": false}
{"event": "training_step", "timestamp": 1782396460.4947278, "step": 34, "max_steps": 1883, "loss": 8.250856399536133, "lr": 0.007446808510638297, "adamw_lr": 0.00018617021276595746, "elapsed_time": 19.89077615737915, "prnt": false}
{"event": "training_step", "timestamp": 1782396460.9683242, "step": 35, "max_steps": 1883, "loss": 8.272127151489258, "lr": 0.007659574468085107, "adamw_lr": 0.00019148936170212765, "elapsed_time": 20.36437201499939, "prnt": false}
{"event": "training_step", "timestamp": 1782396461.509082, "step": 36, "max_steps": 1883, "loss": 8.207372665405273, "lr": 0.007872340425531916, "adamw_lr": 0.00019680851063829787, "elapsed_time": 20.90512990951538, "prnt": false}
{"event": "training_step", "timestamp": 1782396461.989816, "step": 37, "max_steps": 1883, "loss": 8.162501335144043, "lr": 0.008085106382978723, "adamw_lr": 0.00020212765957446807, "elapsed_time": 21.38586401939392, "prnt": false}
{"event": "training_step", "timestamp": 1782396462.436629, "step": 38, "max_steps": 1883, "loss": 8.131757736206055, "lr": 0.008297872340425531, "adamw_lr": 0.0002074468085106383, "elapsed_time": 21.83267593383789, "prnt": false}
{"event": "training_step", "timestamp": 1782396462.969749, "step": 39, "max_steps": 1883, "loss": 8.154309272766113, "lr": 0.00851063829787234, "adamw_lr": 0.0002127659574468085, "elapsed_time": 22.3657968044281, "prnt": false}
{"event": "training_step", "timestamp": 1782396463.4768782, "step": 40, "max_steps": 1883, "loss": 8.041868209838867, "lr": 0.00872340425531915, "adamw_lr": 0.00021808510638297873, "elapsed_time": 22.872925996780396, "prnt": false}
{"event": "training_step", "timestamp": 1782396463.9802291, "step": 41, "max_steps": 1883, "loss": 7.963312149047852, "lr": 0.008936170212765958, "adamw_lr": 0.00022340425531914892, "elapsed_time": 23.376276969909668, "prnt": false}
{"event": "training_step", "timestamp": 1782396464.432981, "step": 42, "max_steps": 1883, "loss": 7.992650985717773, "lr": 0.009148936170212766, "adamw_lr": 0.00022872340425531915, "elapsed_time": 23.82902979850769, "prnt": false}
{"event": "training_step", "timestamp": 1782396464.884473, "step": 43, "max_steps": 1883, "loss": 7.882390975952148, "lr": 0.009361702127659575, "adamw_lr": 0.00023404255319148937, "elapsed_time": 24.28051996231079, "prnt": false}
{"event": "training_step", "timestamp": 1782396465.3190248, "step": 44, "max_steps": 1883, "loss": 7.890469551086426, "lr": 0.009574468085106383, "adamw_lr": 0.0002393617021276596, "elapsed_time": 24.715073108673096, "prnt": false}
{"event": "training_step", "timestamp": 1782396465.839759, "step": 45, "max_steps": 1883, "loss": 7.8067169189453125, "lr": 0.00978723404255319, "adamw_lr": 0.0002446808510638298, "elapsed_time": 25.235806941986084, "prnt": false}
{"event": "training_step", "timestamp": 1782396466.350145, "step": 46, "max_steps": 1883, "loss": 7.785836219787598, "lr": 0.01, "adamw_lr": 0.00025, "elapsed_time": 25.746192932128906, "prnt": false}
{"event": "training_step", "timestamp": 1782396466.824781, "step": 47, "max_steps": 1883, "loss": 7.692530632019043, "lr": 0.010212765957446808, "adamw_lr": 0.0002553191489361702, "elapsed_time": 26.220829010009766, "prnt": false}
{"event": "training_step", "timestamp": 1782396467.3468852, "step": 48, "max_steps": 1883, "loss": 7.7791643142700195, "lr": 0.010425531914893617, "adamw_lr": 0.00026063829787234045, "elapsed_time": 26.74293303489685, "prnt": false}
{"event": "training_step", "timestamp": 1782396467.882378, "step": 49, "max_steps": 1883, "loss": 7.723506927490234, "lr": 0.010638297872340425, "adamw_lr": 0.00026595744680851064, "elapsed_time": 27.278425931930542, "prnt": false}
{"event": "training_step", "timestamp": 1782396468.3593469, "step": 50, "max_steps": 1883, "loss": 7.5622239112854, "lr": 0.010851063829787233, "adamw_lr": 0.00027127659574468084, "elapsed_time": 27.75539517402649, "prnt": false}
{"event": "training_step", "timestamp": 1782396468.894494, "step": 51, "max_steps": 1883, "loss": 7.599200248718262, "lr": 0.011063829787234043, "adamw_lr": 0.0002765957446808511, "elapsed_time": 28.29054093360901, "prnt": false}
{"event": "training_step", "timestamp": 1782396469.394382, "step": 52, "max_steps": 1883, "loss": 7.590992450714111, "lr": 0.01127659574468085, "adamw_lr": 0.0002819148936170213, "elapsed_time": 28.790429830551147, "prnt": false}
{"event": "training_step", "timestamp": 1782396469.8617148, "step": 53, "max_steps": 1883, "loss": 7.522610664367676, "lr": 0.011489361702127662, "adamw_lr": 0.00028723404255319153, "elapsed_time": 29.257762908935547, "prnt": false}
{"event": "training_step", "timestamp": 1782396470.3962848, "step": 54, "max_steps": 1883, "loss": 7.489185333251953, "lr": 0.01170212765957447, "adamw_lr": 0.0002925531914893617, "elapsed_time": 29.792333126068115, "prnt": false}
{"event": "training_step", "timestamp": 1782396470.947318, "step": 55, "max_steps": 1883, "loss": 7.450845718383789, "lr": 0.011914893617021277, "adamw_lr": 0.0002978723404255319, "elapsed_time": 30.343365907669067, "prnt": false}
{"event": "training_step", "timestamp": 1782396471.461378, "step": 56, "max_steps": 1883, "loss": 7.461235046386719, "lr": 0.012127659574468087, "adamw_lr": 0.00030319148936170217, "elapsed_time": 30.857425928115845, "prnt": false}
{"event": "training_step", "timestamp": 1782396471.9420002, "step": 57, "max_steps": 1883, "loss": 7.38875675201416, "lr": 0.012340425531914894, "adamw_lr": 0.00030851063829787236, "elapsed_time": 31.338047981262207, "prnt": false}
{"event": "training_step", "timestamp": 1782396472.37794, "step": 58, "max_steps": 1883, "loss": 7.358413219451904, "lr": 0.012553191489361702, "adamw_lr": 0.00031382978723404256, "elapsed_time": 31.773988962173462, "prnt": false}
{"event": "training_step", "timestamp": 1782396472.822788, "step": 59, "max_steps": 1883, "loss": 7.388792037963867, "lr": 0.012765957446808512, "adamw_lr": 0.0003191489361702128, "elapsed_time": 32.21883702278137, "prnt": false}
{"event": "training_step", "timestamp": 1782396473.2731562, "step": 60, "max_steps": 1883, "loss": 7.435924530029297, "lr": 0.01297872340425532, "adamw_lr": 0.000324468085106383, "elapsed_time": 32.669203996658325, "prnt": false}
{"event": "training_step", "timestamp": 1782396473.7238941, "step": 61, "max_steps": 1883, "loss": 7.391483306884766, "lr": 0.013191489361702127, "adamw_lr": 0.0003297872340425532, "elapsed_time": 33.11994194984436, "prnt": false}
{"event": "training_step", "timestamp": 1782396474.2091131, "step": 62, "max_steps": 1883, "loss": 7.2913384437561035, "lr": 0.013404255319148937, "adamw_lr": 0.00033510638297872344, "elapsed_time": 33.60516095161438, "prnt": false}
{"event": "training_step", "timestamp": 1782396474.732049, "step": 63, "max_steps": 1883, "loss": 7.363872051239014, "lr": 0.013617021276595745, "adamw_lr": 0.00034042553191489364, "elapsed_time": 34.12809610366821, "prnt": false}
{"event": "training_step", "timestamp": 1782396475.261302, "step": 64, "max_steps": 1883, "loss": 7.261725902557373, "lr": 0.013829787234042554, "adamw_lr": 0.0003457446808510639, "elapsed_time": 34.65734887123108, "prnt": false}
{"event": "training_step", "timestamp": 1782396475.706419, "step": 65, "max_steps": 1883, "loss": 7.247612953186035, "lr": 0.014042553191489362, "adamw_lr": 0.0003510638297872341, "elapsed_time": 35.10246706008911, "prnt": false}
{"event": "training_step", "timestamp": 1782396476.146663, "step": 66, "max_steps": 1883, "loss": 7.352365016937256, "lr": 0.01425531914893617, "adamw_lr": 0.0003563829787234043, "elapsed_time": 35.54271101951599, "prnt": false}
{"event": "training_step", "timestamp": 1782396476.616992, "step": 67, "max_steps": 1883, "loss": 7.282398223876953, "lr": 0.01446808510638298, "adamw_lr": 0.0003617021276595745, "elapsed_time": 36.0130398273468, "prnt": false}
{"event": "training_step", "timestamp": 1782396477.089366, "step": 68, "max_steps": 1883, "loss": 7.134530067443848, "lr": 0.014680851063829787, "adamw_lr": 0.0003670212765957447, "elapsed_time": 36.48541498184204, "prnt": false}
{"event": "training_step", "timestamp": 1782396477.5506392, "step": 69, "max_steps": 1883, "loss": 7.163614273071289, "lr": 0.014893617021276595, "adamw_lr": 0.0003723404255319149, "elapsed_time": 36.94668698310852, "prnt": false}
{"event": "training_step", "timestamp": 1782396478.0736792, "step": 70, "max_steps": 1883, "loss": 7.215120315551758, "lr": 0.015106382978723406, "adamw_lr": 0.0003776595744680851, "elapsed_time": 37.46972703933716, "prnt": false}
{"event": "training_step", "timestamp": 1782396478.53909, "step": 71, "max_steps": 1883, "loss": 7.267158508300781, "lr": 0.015319148936170214, "adamw_lr": 0.0003829787234042553, "elapsed_time": 37.93513870239258, "prnt": false}
{"event": "training_step", "timestamp": 1782396478.995944, "step": 72, "max_steps": 1883, "loss": 7.192222595214844, "lr": 0.015531914893617021, "adamw_lr": 0.0003882978723404255, "elapsed_time": 38.391992807388306, "prnt": false}
{"event": "training_step", "timestamp": 1782396479.429929, "step": 73, "max_steps": 1883, "loss": 7.205519199371338, "lr": 0.01574468085106383, "adamw_lr": 0.00039361702127659574, "elapsed_time": 38.82597780227661, "prnt": false}
{"event": "training_step", "timestamp": 1782396479.869215, "step": 74, "max_steps": 1883, "loss": 7.158290863037109, "lr": 0.015957446808510637, "adamw_lr": 0.00039893617021276594, "elapsed_time": 39.265262842178345, "prnt": false}
{"event": "training_step", "timestamp": 1782396480.300281, "step": 75, "max_steps": 1883, "loss": 7.1968560218811035, "lr": 0.016170212765957447, "adamw_lr": 0.00040425531914893613, "elapsed_time": 39.69632887840271, "prnt": false}
{"event": "training_step", "timestamp": 1782396480.755211, "step": 76, "max_steps": 1883, "loss": 7.198570251464844, "lr": 0.016382978723404256, "adamw_lr": 0.0004095744680851064, "elapsed_time": 40.15125894546509, "prnt": false}
{"event": "training_step", "timestamp": 1782396481.186062, "step": 77, "max_steps": 1883, "loss": 7.222827434539795, "lr": 0.016595744680851062, "adamw_lr": 0.0004148936170212766, "elapsed_time": 40.5821099281311, "prnt": false}
{"event": "training_step", "timestamp": 1782396481.663278, "step": 78, "max_steps": 1883, "loss": 7.168831825256348, "lr": 0.016808510638297875, "adamw_lr": 0.0004202127659574468, "elapsed_time": 41.05932593345642, "prnt": false}
{"event": "training_step", "timestamp": 1782396482.130978, "step": 79, "max_steps": 1883, "loss": 7.140016555786133, "lr": 0.01702127659574468, "adamw_lr": 0.000425531914893617, "elapsed_time": 41.527026891708374, "prnt": false}
{"event": "training_step", "timestamp": 1782396482.639004, "step": 80, "max_steps": 1883, "loss": 7.041449546813965, "lr": 0.01723404255319149, "adamw_lr": 0.0004308510638297872, "elapsed_time": 42.03505206108093, "prnt": false}
{"event": "training_step", "timestamp": 1782396483.126647, "step": 81, "max_steps": 1883, "loss": 7.133512496948242, "lr": 0.0174468085106383, "adamw_lr": 0.00043617021276595746, "elapsed_time": 42.5226948261261, "prnt": false}
{"event": "training_step", "timestamp": 1782396483.638897, "step": 82, "max_steps": 1883, "loss": 7.308984279632568, "lr": 0.017659574468085106, "adamw_lr": 0.00044148936170212765, "elapsed_time": 43.034945011138916, "prnt": false}
{"event": "training_step", "timestamp": 1782396484.0916219, "step": 83, "max_steps": 1883, "loss": 7.127755165100098, "lr": 0.017872340425531916, "adamw_lr": 0.00044680851063829785, "elapsed_time": 43.48767113685608, "prnt": false}
{"event": "training_step", "timestamp": 1782396484.530401, "step": 84, "max_steps": 1883, "loss": 7.005098819732666, "lr": 0.018085106382978725, "adamw_lr": 0.0004521276595744681, "elapsed_time": 43.926448822021484, "prnt": false}
{"event": "training_step", "timestamp": 1782396484.974524, "step": 85, "max_steps": 1883, "loss": 7.072408676147461, "lr": 0.01829787234042553, "adamw_lr": 0.0004574468085106383, "elapsed_time": 44.37057304382324, "prnt": false}
{"event": "training_step", "timestamp": 1782396485.424563, "step": 86, "max_steps": 1883, "loss": 7.031400680541992, "lr": 0.01851063829787234, "adamw_lr": 0.0004627659574468085, "elapsed_time": 44.820611000061035, "prnt": false}
{"event": "training_step", "timestamp": 1782396485.983534, "step": 87, "max_steps": 1883, "loss": 7.000726699829102, "lr": 0.01872340425531915, "adamw_lr": 0.00046808510638297874, "elapsed_time": 45.37958288192749, "prnt": false}
{"event": "training_step", "timestamp": 1782396486.5047941, "step": 88, "max_steps": 1883, "loss": 6.959908962249756, "lr": 0.018936170212765956, "adamw_lr": 0.00047340425531914893, "elapsed_time": 45.90084195137024, "prnt": false}
{"event": "training_step", "timestamp": 1782396487.051372, "step": 89, "max_steps": 1883, "loss": 7.062573432922363, "lr": 0.019148936170212766, "adamw_lr": 0.0004787234042553192, "elapsed_time": 46.44741988182068, "prnt": false}
{"event": "validation_step", "timestamp": 1782396491.43118, "step": 89, "max_steps": 1883, "loss": 1.5220256016154947, "ema": true, "elapsed_time": 46.44741988182068}
{"event": "training_step", "timestamp": 1782396491.884537, "step": 90, "max_steps": 1883, "loss": 7.032088756561279, "lr": 0.019361702127659575, "adamw_lr": 0.0004840425531914894, "elapsed_time": 51.280585050582886, "prnt": false}
{"event": "training_step", "timestamp": 1782396492.4563992, "step": 91, "max_steps": 1883, "loss": 6.943425178527832, "lr": 0.01957446808510638, "adamw_lr": 0.0004893617021276596, "elapsed_time": 51.85244297981262, "prnt": false}
{"event": "training_step", "timestamp": 1782396492.9942021, "step": 92, "max_steps": 1883, "loss": 6.951903820037842, "lr": 0.019787234042553194, "adamw_lr": 0.0004946808510638298, "elapsed_time": 52.39024996757507, "prnt": false}
{"event": "training_step", "timestamp": 1782396493.5409422, "step": 93, "max_steps": 1883, "loss": 7.098960876464844, "lr": 0.02, "adamw_lr": 0.0005, "elapsed_time": 52.9369900226593, "prnt": false}
{"event": "training_step", "timestamp": 1782396494.103034, "step": 94, "max_steps": 1883, "loss": 6.955865859985352, "lr": 0.02, "adamw_lr": 0.0005, "elapsed_time": 53.49908208847046, "prnt": false}
{"event": "training_step", "timestamp": 1782396494.6617322, "step": 95, "max_steps": 1883, "loss": 6.965546607971191, "lr": 0.02, "adamw_lr": 0.0005, "elapsed_time": 54.057780027389526, "prnt": false}
{"event": "training_step", "timestamp": 1782396495.205012, "step": 96, "max_steps": 1883, "loss": 7.042476177215576, "lr": 0.02, "adamw_lr": 0.0005, "elapsed_time": 54.60105872154236, "prnt": false}
{"event": "training_step", "timestamp": 1782396495.733994, "step": 97, "max_steps": 1883, "loss": 6.916698932647705, "lr": 0.02, "adamw_lr": 0.0005, "elapsed_time": 55.13004279136658, "prnt": false}
{"event": "training_step", "timestamp": 1782396496.280541, "step": 98, "max_steps": 1883, "loss": 6.930724143981934, "lr": 0.02, "adamw_lr": 0.0005, "elapsed_time": 55.67658710479736, "prnt": false}
{"event": "training_step", "timestamp": 1782396496.815155, "step": 99, "max_steps": 1883, "loss": 7.051286220550537, "lr": 0.02, "adamw_lr": 0.0005, "elapsed_time": 56.21120309829712, "prnt": false}
{"event": "training_step", "timestamp": 1782396497.354528, "step": 100, "max_steps": 1883, "loss": 6.962957382202148, "lr": 0.02, "adamw_lr": 0.0005, "elapsed_time": 56.75057578086853, "prnt": false}
{"event": "training_step", "timestamp": 1782396497.8865988, "step": 101, "max_steps": 1883, "loss": 6.966698169708252, "lr": 0.02, "adamw_lr": 0.0005, "elapsed_time": 57.282647132873535, "prnt": false}
{"event": "training_step", "timestamp": 1782396498.4217741, "step": 102, "max_steps": 1883, "loss": 7.043723106384277, "lr": 0.02, "adamw_lr": 0.0005, "elapsed_time": 57.817821979522705, "prnt": false}
{"event": "training_step", "timestamp": 1782396498.958373, "step": 103, "max_steps": 1883, "loss": 6.895005226135254, "lr": 0.02, "adamw_lr": 0.0005, "elapsed_time": 58.354422092437744, "prnt": false}
{"event": "training_step", "timestamp": 1782396499.510707, "step": 104, "max_steps": 1883, "loss": 6.943553447723389, "lr": 0.02, "adamw_lr": 0.0005, "elapsed_time": 58.90675497055054, "prnt": false}
{"event": "training_step", "timestamp": 1782396500.0641909, "step": 105, "max_steps": 1883, "loss": 6.869298934936523, "lr": 0.02, "adamw_lr": 0.0005, "elapsed_time": 59.46023893356323, "prnt": false}
{"event": "training_step", "timestamp": 1782396500.607641, "step": 106, "max_steps": 1883, "loss": 6.938886642456055, "lr": 0.02, "adamw_lr": 0.0005, "elapsed_time": 60.00368785858154, "prnt": false}
{"event": "training_step", "timestamp": 1782396501.147933, "step": 107, "max_steps": 1883, "loss": 6.867506980895996, "lr": 0.02, "adamw_lr": 0.0005, "elapsed_time": 60.543981075286865, "prnt": false}
{"event": "training_step", "timestamp": 1782396501.6875908, "step": 108, "max_steps": 1883, "loss": 6.925729274749756, "lr": 0.02, "adamw_lr": 0.0005, "elapsed_time": 61.08363914489746, "prnt": false}
{"event": "training_step", "timestamp": 1782396502.229627, "step": 109, "max_steps": 1883, "loss": 6.9065351486206055, "lr": 0.02, "adamw_lr": 0.0005, "elapsed_time": 61.62567400932312, "prnt": false}
{"event": "training_step", "timestamp": 1782396502.77504, "step": 110, "max_steps": 1883, "loss": 6.87249755859375, "lr": 0.02, "adamw_lr": 0.0005, "elapsed_time": 62.171085834503174, "prnt": false}
{"event": "training_step", "timestamp": 1782396503.3200011, "step": 111, "max_steps": 1883, "loss": 6.941837310791016, "lr": 0.02, "adamw_lr": 0.0005, "elapsed_time": 62.71604776382446, "prnt": false}
{"event": "training_step", "timestamp": 1782396503.855527, "step": 112, "max_steps": 1883, "loss": 6.771197319030762, "lr": 0.02, "adamw_lr": 0.0005, "elapsed_time": 63.25157594680786, "prnt": false}
{"event": "training_step", "timestamp": 1782396504.3959968, "step": 113, "max_steps": 1883, "loss": 6.862249374389648, "lr": 0.02, "adamw_lr": 0.0005, "elapsed_time": 63.7920458316803, "prnt": false}
{"event": "training_step", "timestamp": 1782396504.940431, "step": 114, "max_steps": 1883, "loss": 6.853794097900391, "lr": 0.02, "adamw_lr": 0.0005, "elapsed_time": 64.33647894859314, "prnt": false}
{"event": "training_step", "timestamp": 1782396505.4741518, "step": 115, "max_steps": 1883, "loss": 6.837915420532227, "lr": 0.02, "adamw_lr": 0.0005, "elapsed_time": 64.87020015716553, "prnt": false}
{"event": "training_step", "timestamp": 1782396506.0031831, "step": 116, "max_steps": 1883, "loss": 6.742321014404297, "lr": 0.02, "adamw_lr": 0.0005, "elapsed_time": 65.39923000335693, "prnt": false}
{"event": "training_step", "timestamp": 1782396506.536923, "step": 117, "max_steps": 1883, "loss": 6.7951979637146, "lr": 0.02, "adamw_lr": 0.0005, "elapsed_time": 65.93297100067139, "prnt": false}
{"event": "training_step", "timestamp": 1782396507.080472, "step": 118, "max_steps": 1883, "loss": 6.852290153503418, "lr": 0.02, "adamw_lr": 0.0005, "elapsed_time": 66.47651982307434, "prnt": false}
{"event": "training_step", "timestamp": 1782396507.626941, "step": 119, "max_steps": 1883, "loss": 6.842031478881836, "lr": 0.02, "adamw_lr": 0.0005, "elapsed_time": 67.0229880809784, "prnt": false}
{"event": "training_step", "timestamp": 1782396508.179591, "step": 120, "max_steps": 1883, "loss": 6.843682289123535, "lr": 0.02, "adamw_lr": 0.0005, "elapsed_time": 67.57563900947571, "prnt": false}
{"event": "training_step", "timestamp": 1782396508.735004, "step": 121, "max_steps": 1883, "loss": 6.851188659667969, "lr": 0.02, "adamw_lr": 0.0005, "elapsed_time": 68.13105201721191, "prnt": false}
{"event": "training_step", "timestamp": 1782396509.2910159, "step": 122, "max_steps": 1883, "loss": 6.874079704284668, "lr": 0.02, "adamw_lr": 0.0005, "elapsed_time": 68.6870629787445, "prnt": false}
{"event": "training_step", "timestamp": 1782396509.838284, "step": 123, "max_steps": 1883, "loss": 6.910002708435059, "lr": 0.02, "adamw_lr": 0.0005, "elapsed_time": 69.23433184623718, "prnt": false}
{"event": "training_step", "timestamp": 1782396510.386861, "step": 124, "max_steps": 1883, "loss": 6.867562294006348, "lr": 0.02, "adamw_lr": 0.0005, "elapsed_time": 69.78290891647339, "prnt": false}
{"event": "training_step", "timestamp": 1782396510.947878, "step": 125, "max_steps": 1883, "loss": 6.912113189697266, "lr": 0.02, "adamw_lr": 0.0005, "elapsed_time": 70.34392499923706, "prnt": false}
{"event": "training_step", "timestamp": 1782396511.4844182, "step": 126, "max_steps": 1883, "loss": 6.828522682189941, "lr": 0.02, "adamw_lr": 0.0005, "elapsed_time": 70.88046598434448, "prnt": false}
{"event": "training_step", "timestamp": 1782396512.042999, "step": 127, "max_steps": 1883, "loss": 6.7091264724731445, "lr": 0.02, "adamw_lr": 0.0005, "elapsed_time": 71.43904685974121, "prnt": false}
{"event": "training_step", "timestamp": 1782396512.583842, "step": 128, "max_steps": 1883, "loss": 6.765741348266602, "lr": 0.02, "adamw_lr": 0.0005, "elapsed_time": 71.97988986968994, "prnt": false}
{"event": "training_step", "timestamp": 1782396513.1342568, "step": 129, "max_steps": 1883, "loss": 6.775979042053223, "lr": 0.02, "adamw_lr": 0.0005, "elapsed_time": 72.53030490875244, "prnt": false}
{"event": "training_step", "timestamp": 1782396513.6822028, "step": 130, "max_steps": 1883, "loss": 6.761849403381348, "lr": 0.02, "adamw_lr": 0.0005, "elapsed_time": 73.07825088500977, "prnt": false}
{"event": "training_step", "timestamp": 1782396514.222359, "step": 131, "max_steps": 1883, "loss": 6.676429271697998, "lr": 0.02, "adamw_lr": 0.0005, "elapsed_time": 73.6184070110321, "prnt": false}
{"event": "training_step", "timestamp": 1782396514.769452, "step": 132, "max_steps": 1883, "loss": 6.667001724243164, "lr": 0.02, "adamw_lr": 0.0005, "elapsed_time": 74.1654999256134, "prnt": false}
{"event": "training_step", "timestamp": 1782396515.307262, "step": 133, "max_steps": 1883, "loss": 6.700164794921875, "lr": 0.02, "adamw_lr": 0.0005, "elapsed_time": 74.70330905914307, "prnt": false}
{"event": "training_step", "timestamp": 1782396515.852293, "step": 134, "max_steps": 1883, "loss": 6.720163822174072, "lr": 0.02, "adamw_lr": 0.0005, "elapsed_time": 75.24834108352661, "prnt": false}
{"event": "training_step", "timestamp": 1782396516.380987, "step": 135, "max_steps": 1883, "loss": 6.62662410736084, "lr": 0.02, "adamw_lr": 0.0005, "elapsed_time": 75.77703285217285, "prnt": false}
{"event": "training_step", "timestamp": 1782396516.917846, "step": 136, "max_steps": 1883, "loss": 6.716490268707275, "lr": 0.02, "adamw_lr": 0.0005, "elapsed_time": 76.31389379501343, "prnt": false}
{"event": "training_step", "timestamp": 1782396517.4550421, "step": 137, "max_steps": 1883, "loss": 6.747087478637695, "lr": 0.02, "adamw_lr": 0.0005, "elapsed_time": 76.85108995437622, "prnt": false}
{"event": "training_step", "timestamp": 1782396517.9984279, "step": 138, "max_steps": 1883, "loss": 6.713345527648926, "lr": 0.02, "adamw_lr": 0.0005, "elapsed_time": 77.39447593688965, "prnt": false}
{"event": "training_step", "timestamp": 1782396518.5336199, "step": 139, "max_steps": 1883, "loss": 6.705958366394043, "lr": 0.02, "adamw_lr": 0.0005, "elapsed_time": 77.9296669960022, "prnt": false}
{"event": "training_step", "timestamp": 1782396519.0710778, "step": 140, "max_steps": 1883, "loss": 6.682375907897949, "lr": 0.02, "adamw_lr": 0.0005, "elapsed_time": 78.46712708473206, "prnt": false}
{"event": "training_step", "timestamp": 1782396519.61845, "step": 141, "max_steps": 1883, "loss": 6.6305832862854, "lr": 0.02, "adamw_lr": 0.0005, "elapsed_time": 79.01449799537659, "prnt": false}
{"event": "training_step", "timestamp": 1782396520.15616, "step": 142, "max_steps": 1883, "loss": 6.768675804138184, "lr": 0.02, "adamw_lr": 0.0005, "elapsed_time": 79.55220675468445, "prnt": false}
{"event": "training_step", "timestamp": 1782396520.701779, "step": 143, "max_steps": 1883, "loss": 6.751401424407959, "lr": 0.02, "adamw_lr": 0.0005, "elapsed_time": 80.09782671928406, "prnt": false}
{"event": "training_step", "timestamp": 1782396521.246284, "step": 144, "max_steps": 1883, "loss": 6.669792175292969, "lr": 0.02, "adamw_lr": 0.0005, "elapsed_time": 80.64233183860779, "prnt": false}
{"event": "training_step", "timestamp": 1782396521.78163, "step": 145, "max_steps": 1883, "loss": 6.590394020080566, "lr": 0.02, "adamw_lr": 0.0005, "elapsed_time": 81.17767786979675, "prnt": false}
{"event": "training_step", "timestamp": 1782396522.324998, "step": 146, "max_steps": 1883, "loss": 6.572765827178955, "lr": 0.02, "adamw_lr": 0.0005, "elapsed_time": 81.72104501724243, "prnt": false}
{"event": "training_step", "timestamp": 1782396522.864937, "step": 147, "max_steps": 1883, "loss": 6.616957664489746, "lr": 0.02, "adamw_lr": 0.0005, "elapsed_time": 82.26098489761353, "prnt": false}
{"event": "training_step", "timestamp": 1782396523.4080079, "step": 148, "max_steps": 1883, "loss": 6.666191101074219, "lr": 0.02, "adamw_lr": 0.0005, "elapsed_time": 82.80405616760254, "prnt": false}
{"event": "training_step", "timestamp": 1782396523.946742, "step": 149, "max_steps": 1883, "loss": 6.6981401443481445, "lr": 0.02, "adamw_lr": 0.0005, "elapsed_time": 83.34278988838196, "prnt": false}
{"event": "training_step", "timestamp": 1782396524.489805, "step": 150, "max_steps": 1883, "loss": 6.718070983886719, "lr": 0.02, "adamw_lr": 0.0005, "elapsed_time": 83.8858528137207, "prnt": false}
{"event": "training_step", "timestamp": 1782396525.0268009, "step": 151, "max_steps": 1883, "loss": 6.67390251159668, "lr": 0.02, "adamw_lr": 0.0005, "elapsed_time": 84.42284893989563, "prnt": false}
{"event": "training_step", "timestamp": 1782396525.572596, "step": 152, "max_steps": 1883, "loss": 6.59810209274292, "lr": 0.02, "adamw_lr": 0.0005, "elapsed_time": 84.9686439037323, "prnt": false}
{"event": "training_step", "timestamp": 1782396526.112728, "step": 153, "max_steps": 1883, "loss": 6.6456522941589355, "lr": 0.02, "adamw_lr": 0.0005, "elapsed_time": 85.50877594947815, "prnt": false}
{"event": "training_step", "timestamp": 1782396526.644245, "step": 154, "max_steps": 1883, "loss": 6.593532562255859, "lr": 0.02, "adamw_lr": 0.0005, "elapsed_time": 86.04029273986816, "prnt": false}
{"event": "training_step", "timestamp": 1782396527.190209, "step": 155, "max_steps": 1883, "loss": 6.653927803039551, "lr": 0.02, "adamw_lr": 0.0005, "elapsed_time": 86.586256980896, "prnt": false}
{"event": "training_step", "timestamp": 1782396527.74267, "step": 156, "max_steps": 1883, "loss": 6.56782865524292, "lr": 0.02, "adamw_lr": 0.0005, "elapsed_time": 87.13871788978577, "prnt": false}
{"event": "training_step", "timestamp": 1782396528.2968209, "step": 157, "max_steps": 1883, "loss": 6.6880388259887695, "lr": 0.02, "adamw_lr": 0.0005, "elapsed_time": 87.69286894798279, "prnt": false}
{"event": "training_step", "timestamp": 1782396528.84175, "step": 158, "max_steps": 1883, "loss": 6.580700874328613, "lr": 0.02, "adamw_lr": 0.0005, "elapsed_time": 88.23779797554016, "prnt": false}
{"event": "training_step", "timestamp": 1782396529.382175, "step": 159, "max_steps": 1883, "loss": 6.567996978759766, "lr": 0.02, "adamw_lr": 0.0005, "elapsed_time": 88.77822184562683, "prnt": false}
{"event": "training_step", "timestamp": 1782396529.9246562, "step": 160, "max_steps": 1883, "loss": 6.586362361907959, "lr": 0.02, "adamw_lr": 0.0005, "elapsed_time": 89.32070398330688, "prnt": false}
{"event": "training_step", "timestamp": 1782396530.467134, "step": 161, "max_steps": 1883, "loss": 6.583045959472656, "lr": 0.02, "adamw_lr": 0.0005, "elapsed_time": 89.86318111419678, "prnt": false}
{"event": "training_step", "timestamp": 1782396531.007671, "step": 162, "max_steps": 1883, "loss": 6.576034069061279, "lr": 0.02, "adamw_lr": 0.0005, "elapsed_time": 90.40371894836426, "prnt": false}
{"event": "training_step", "timestamp": 1782396531.5429912, "step": 163, "max_steps": 1883, "loss": 6.596700191497803, "lr": 0.02, "adamw_lr": 0.0005, "elapsed_time": 90.9390389919281, "prnt": false}
{"event": "training_step", "timestamp": 1782396532.084383, "step": 164, "max_steps": 1883, "loss": 6.482013702392578, "lr": 0.02, "adamw_lr": 0.0005, "elapsed_time": 91.48043179512024, "prnt": false}
{"event": "training_step", "timestamp": 1782396532.620897, "step": 165, "max_steps": 1883, "loss": 6.657595634460449, "lr": 0.02, "adamw_lr": 0.0005, "elapsed_time": 92.01694583892822, "prnt": false}
{"event": "training_step", "timestamp": 1782396533.166742, "step": 166, "max_steps": 1883, "loss": 6.551497459411621, "lr": 0.02, "adamw_lr": 0.0005, "elapsed_time": 92.5627908706665, "prnt": false}
{"event": "training_step", "timestamp": 1782396533.724431, "step": 167, "max_steps": 1883, "loss": 6.5781683921813965, "lr": 0.02, "adamw_lr": 0.0005, "elapsed_time": 93.1204788684845, "prnt": false}
{"event": "training_step", "timestamp": 1782396534.2693172, "step": 168, "max_steps": 1883, "loss": 6.519536018371582, "lr": 0.02, "adamw_lr": 0.0005, "elapsed_time": 93.66536593437195, "prnt": false}
{"event": "training_step", "timestamp": 1782396534.8096268, "step": 169, "max_steps": 1883, "loss": 6.558684349060059, "lr": 0.02, "adamw_lr": 0.0005, "elapsed_time": 94.20567488670349, "prnt": false}
{"event": "training_step", "timestamp": 1782396535.342318, "step": 170, "max_steps": 1883, "loss": 6.536379337310791, "lr": 0.02, "adamw_lr": 0.0005, "elapsed_time": 94.73836493492126, "prnt": false}
{"event": "training_step", "timestamp": 1782396535.879553, "step": 171, "max_steps": 1883, "loss": 6.530147075653076, "lr": 0.02, "adamw_lr": 0.0005, "elapsed_time": 95.27560091018677, "prnt": false}
{"event": "training_step", "timestamp": 1782396536.42333, "step": 172, "max_steps": 1883, "loss": 6.629840850830078, "lr": 0.02, "adamw_lr": 0.0005, "elapsed_time": 95.81937789916992, "prnt": false}
{"event": "training_step", "timestamp": 1782396536.976297, "step": 173, "max_steps": 1883, "loss": 6.595145225524902, "lr": 0.02, "adamw_lr": 0.0005, "elapsed_time": 96.37234473228455, "prnt": false}
{"event": "training_step", "timestamp": 1782396537.517807, "step": 174, "max_steps": 1883, "loss": 6.513446807861328, "lr": 0.02, "adamw_lr": 0.0005, "elapsed_time": 96.9138560295105, "prnt": false}
{"event": "training_step", "timestamp": 1782396538.067446, "step": 175, "max_steps": 1883, "loss": 6.446804046630859, "lr": 0.02, "adamw_lr": 0.0005, "elapsed_time": 97.46349287033081, "prnt": false}
{"event": "training_step", "timestamp": 1782396538.629408, "step": 176, "max_steps": 1883, "loss": 6.54657506942749, "lr": 0.02, "adamw_lr": 0.0005, "elapsed_time": 98.02545475959778, "prnt": false}
{"event": "training_step", "timestamp": 1782396539.176417, "step": 177, "max_steps": 1883, "loss": 6.443874359130859, "lr": 0.02, "adamw_lr": 0.0005, "elapsed_time": 98.57246375083923, "prnt": false}
{"event": "training_step", "timestamp": 1782396539.7328908, "step": 178, "max_steps": 1883, "loss": 6.478740692138672, "lr": 0.02, "adamw_lr": 0.0005, "elapsed_time": 99.12893891334534, "prnt": false}
{"event": "validation_step", "timestamp": 1782396543.755411, "step": 178, "max_steps": 1883, "loss": 1.4047014180928292, "ema": true, "elapsed_time": 99.12893891334534}
{"event": "training_step", "timestamp": 1782396544.180319, "step": 179, "max_steps": 1883, "loss": 6.707882881164551, "lr": 0.02, "adamw_lr": 0.0005, "elapsed_time": 103.5763669013977, "prnt": false}
{"event": "training_step", "timestamp": 1782396544.7328792, "step": 180, "max_steps": 1883, "loss": 6.538609504699707, "lr": 0.02, "adamw_lr": 0.0005, "elapsed_time": 104.12891697883606, "prnt": false}
{"event": "training_step", "timestamp": 1782396545.291221, "step": 181, "max_steps": 1883, "loss": 6.588848114013672, "lr": 0.02, "adamw_lr": 0.0005, "elapsed_time": 104.68726873397827, "prnt": false}
{"event": "training_step", "timestamp": 1782396545.835242, "step": 182, "max_steps": 1883, "loss": 6.3866777420043945, "lr": 0.02, "adamw_lr": 0.0005, "elapsed_time": 105.23128986358643, "prnt": false}
{"event": "training_step", "timestamp": 1782396546.36864, "step": 183, "max_steps": 1883, "loss": 6.486717224121094, "lr": 0.02, "adamw_lr": 0.0005, "elapsed_time": 105.76468682289124, "prnt": false}
{"event": "training_step", "timestamp": 1782396546.891562, "step": 184, "max_steps": 1883, "loss": 6.436346530914307, "lr": 0.02, "adamw_lr": 0.0005, "elapsed_time": 106.28760981559753, "prnt": false}
{"event": "training_step", "timestamp": 1782396547.444503, "step": 185, "max_steps": 1883, "loss": 6.542099952697754, "lr": 0.02, "adamw_lr": 0.0005, "elapsed_time": 106.8405499458313, "prnt": false}
{"event": "training_step", "timestamp": 1782396547.9877398, "step": 186, "max_steps": 1883, "loss": 6.374044895172119, "lr": 0.02, "adamw_lr": 0.0005, "elapsed_time": 107.38378691673279, "prnt": false}
{"event": "training_step", "timestamp": 1782396548.5275772, "step": 187, "max_steps": 1883, "loss": 6.532983303070068, "lr": 0.02, "adamw_lr": 0.0005, "elapsed_time": 107.92362403869629, "prnt": false}
{"event": "training_step", "timestamp": 1782396549.069817, "step": 188, "max_steps": 1883, "loss": 6.502162933349609, "lr": 0.02, "adamw_lr": 0.0005, "elapsed_time": 108.46586394309998, "prnt": false}
{"event": "training_step", "timestamp": 1782396549.620306, "step": 189, "max_steps": 1883, "loss": 6.441110134124756, "lr": 0.02, "adamw_lr": 0.0005, "elapsed_time": 109.016352891922, "prnt": false}
{"event": "training_step", "timestamp": 1782396550.1573188, "step": 190, "max_steps": 1883, "loss": 6.3899245262146, "lr": 0.02, "adamw_lr": 0.0005, "elapsed_time": 109.55336713790894, "prnt": false}
{"event": "training_step", "timestamp": 1782396550.700206, "step": 191, "max_steps": 1883, "loss": 6.59805965423584, "lr": 0.02, "adamw_lr": 0.0005, "elapsed_time": 110.09625387191772, "prnt": false}
{"event": "training_step", "timestamp": 1782396551.2540421, "step": 192, "max_steps": 1883, "loss": 6.557106971740723, "lr": 0.02, "adamw_lr": 0.0005, "elapsed_time": 110.65008997917175, "prnt": false}
{"event": "training_step", "timestamp": 1782396551.796247, "step": 193, "max_steps": 1883, "loss": 6.427187919616699, "lr": 0.02, "adamw_lr": 0.0005, "elapsed_time": 111.19229483604431, "prnt": false}
{"event": "training_step", "timestamp": 1782396552.3374138, "step": 194, "max_steps": 1883, "loss": 6.551620006561279, "lr": 0.02, "adamw_lr": 0.0005, "elapsed_time": 111.73346090316772, "prnt": false}
{"event": "training_step", "timestamp": 1782396552.875975, "step": 195, "max_steps": 1883, "loss": 6.458280563354492, "lr": 0.02, "adamw_lr": 0.0005, "elapsed_time": 112.27202200889587, "prnt": false}
{"event": "training_step", "timestamp": 1782396553.4159842, "step": 196, "max_steps": 1883, "loss": 6.392955780029297, "lr": 0.02, "adamw_lr": 0.0005, "elapsed_time": 112.8120288848877, "prnt": false}
{"event": "training_step", "timestamp": 1782396553.951499, "step": 197, "max_steps": 1883, "loss": 6.539480686187744, "lr": 0.02, "adamw_lr": 0.0005, "elapsed_time": 113.34754681587219, "prnt": false}
{"event": "training_step", "timestamp": 1782396554.494067, "step": 198, "max_steps": 1883, "loss": 6.492396354675293, "lr": 0.02, "adamw_lr": 0.0005, "elapsed_time": 113.8901150226593, "prnt": false}
{"event": "training_step", "timestamp": 1782396555.031483, "step": 199, "max_steps": 1883, "loss": 6.443598747253418, "lr": 0.02, "adamw_lr": 0.0005, "elapsed_time": 114.42753195762634, "prnt": false}
{"event": "training_step", "timestamp": 1782396555.573191, "step": 200, "max_steps": 1883, "loss": 6.492641448974609, "lr": 0.02, "adamw_lr": 0.0005, "elapsed_time": 114.96923804283142, "prnt": false}
{"event": "training_step", "timestamp": 1782396556.1089559, "step": 201, "max_steps": 1883, "loss": 6.454402446746826, "lr": 0.02, "adamw_lr": 0.0005, "elapsed_time": 115.50500392913818, "prnt": false}
{"event": "training_step", "timestamp": 1782396556.644632, "step": 202, "max_steps": 1883, "loss": 6.447977066040039, "lr": 0.02, "adamw_lr": 0.0005, "elapsed_time": 116.04068088531494, "prnt": false}
{"event": "training_step", "timestamp": 1782396557.1855512, "step": 203, "max_steps": 1883, "loss": 6.364012718200684, "lr": 0.02, "adamw_lr": 0.0005, "elapsed_time": 116.5815999507904, "prnt": false}
{"event": "training_step", "timestamp": 1782396557.721598, "step": 204, "max_steps": 1883, "loss": 6.476476669311523, "lr": 0.02, "adamw_lr": 0.0005, "elapsed_time": 117.11764574050903, "prnt": false}
{"event": "training_step", "timestamp": 1782396558.272637, "step": 205, "max_steps": 1883, "loss": 6.506103515625, "lr": 0.02, "adamw_lr": 0.0005, "elapsed_time": 117.66868495941162, "prnt": false}
{"event": "training_step", "timestamp": 1782396558.809851, "step": 206, "max_steps": 1883, "loss": 6.473749160766602, "lr": 0.02, "adamw_lr": 0.0005, "elapsed_time": 118.20589900016785, "prnt": false}
{"event": "training_step", "timestamp": 1782396559.3555892, "step": 207, "max_steps": 1883, "loss": 6.4115190505981445, "lr": 0.02, "adamw_lr": 0.0005, "elapsed_time": 118.75163698196411, "prnt": false}
{"event": "training_step", "timestamp": 1782396559.9010382, "step": 208, "max_steps": 1883, "loss": 6.408609390258789, "lr": 0.02, "adamw_lr": 0.0005, "elapsed_time": 119.2970860004425, "prnt": false}
{"event": "training_step", "timestamp": 1782396560.439978, "step": 209, "max_steps": 1883, "loss": 6.386412143707275, "lr": 0.02, "adamw_lr": 0.0005, "elapsed_time": 119.83602595329285, "prnt": false}
{"event": "training_step", "timestamp": 1782396560.992048, "step": 210, "max_steps": 1883, "loss": 6.415411949157715, "lr": 0.02, "adamw_lr": 0.0005, "elapsed_time": 120.38809609413147, "prnt": false}
{"event": "training_step", "timestamp": 1782396561.534637, "step": 211, "max_steps": 1883, "loss": 6.464804172515869, "lr": 0.02, "adamw_lr": 0.0005, "elapsed_time": 120.93068480491638, "prnt": false}
{"event": "training_step", "timestamp": 1782396562.104029, "step": 212, "max_steps": 1883, "loss": 6.354822158813477, "lr": 0.02, "adamw_lr": 0.0005, "elapsed_time": 121.50007700920105, "prnt": false}
{"event": "training_step", "timestamp": 1782396562.666359, "step": 213, "max_steps": 1883, "loss": 6.41297721862793, "lr": 0.02, "adamw_lr": 0.0005, "elapsed_time": 122.06240701675415, "prnt": false}
{"event": "training_step", "timestamp": 1782396563.2394571, "step": 214, "max_steps": 1883, "loss": 6.482206344604492, "lr": 0.02, "adamw_lr": 0.0005, "elapsed_time": 122.6355049610138, "prnt": false}
{"event": "training_step", "timestamp": 1782396563.799707, "step": 215, "max_steps": 1883, "loss": 6.323557376861572, "lr": 0.02, "adamw_lr": 0.0005, "elapsed_time": 123.19575500488281, "prnt": false}
{"event": "training_step", "timestamp": 1782396564.356757, "step": 216, "max_steps": 1883, "loss": 6.417691230773926, "lr": 0.02, "adamw_lr": 0.0005, "elapsed_time": 123.75280475616455, "prnt": false}
{"event": "training_step", "timestamp": 1782396564.912577, "step": 217, "max_steps": 1883, "loss": 6.435197830200195, "lr": 0.02, "adamw_lr": 0.0005, "elapsed_time": 124.30862593650818, "prnt": false}
{"event": "training_step", "timestamp": 1782396565.46517, "step": 218, "max_steps": 1883, "loss": 6.418794631958008, "lr": 0.02, "adamw_lr": 0.0005, "elapsed_time": 124.86121702194214, "prnt": false}
{"event": "training_step", "timestamp": 1782396566.019547, "step": 219, "max_steps": 1883, "loss": 6.378914833068848, "lr": 0.02, "adamw_lr": 0.0005, "elapsed_time": 125.41559505462646, "prnt": false}
{"event": "training_step", "timestamp": 1782396566.575327, "step": 220, "max_steps": 1883, "loss": 6.453125476837158, "lr": 0.02, "adamw_lr": 0.0005, "elapsed_time": 125.97137594223022, "prnt": false}
{"event": "training_step", "timestamp": 1782396567.129189, "step": 221, "max_steps": 1883, "loss": 6.316186904907227, "lr": 0.02, "adamw_lr": 0.0005, "elapsed_time": 126.52523493766785, "prnt": false}
{"event": "training_step", "timestamp": 1782396567.6873238, "step": 222, "max_steps": 1883, "loss": 6.427610874176025, "lr": 0.02, "adamw_lr": 0.0005, "elapsed_time": 127.08337211608887, "prnt": false}
{"event": "training_step", "timestamp": 1782396568.2621188, "step": 223, "max_steps": 1883, "loss": 6.355377197265625, "lr": 0.02, "adamw_lr": 0.0005, "elapsed_time": 127.65816593170166, "prnt": false}
{"event": "training_step", "timestamp": 1782396568.844218, "step": 224, "max_steps": 1883, "loss": 6.364630699157715, "lr": 0.02, "adamw_lr": 0.0005, "elapsed_time": 128.2402639389038, "prnt": false}
{"event": "training_step", "timestamp": 1782396569.419561, "step": 225, "max_steps": 1883, "loss": 6.261115074157715, "lr": 0.02, "adamw_lr": 0.0005, "elapsed_time": 128.8156087398529, "prnt": false}
{"event": "training_step", "timestamp": 1782396569.988804, "step": 226, "max_steps": 1883, "loss": 6.256756782531738, "lr": 0.02, "adamw_lr": 0.0005, "elapsed_time": 129.38485193252563, "prnt": false}
{"event": "training_step", "timestamp": 1782396570.565792, "step": 227, "max_steps": 1883, "loss": 6.524043083190918, "lr": 0.02, "adamw_lr": 0.0005, "elapsed_time": 129.9618399143219, "prnt": false}
{"event": "training_step", "timestamp": 1782396571.1395478, "step": 228, "max_steps": 1883, "loss": 6.3495025634765625, "lr": 0.02, "adamw_lr": 0.0005, "elapsed_time": 130.53559613227844, "prnt": false}
{"event": "training_step", "timestamp": 1782396571.710803, "step": 229, "max_steps": 1883, "loss": 6.417907238006592, "lr": 0.02, "adamw_lr": 0.0005, "elapsed_time": 131.10684895515442, "prnt": false}
{"event": "training_step", "timestamp": 1782396572.284687, "step": 230, "max_steps": 1883, "loss": 6.386942386627197, "lr": 0.02, "adamw_lr": 0.0005, "elapsed_time": 131.680734872818, "prnt": false}
{"event": "training_step", "timestamp": 1782396572.862249, "step": 231, "max_steps": 1883, "loss": 6.275669574737549, "lr": 0.02, "adamw_lr": 0.0005, "elapsed_time": 132.25829672813416, "prnt": false}
{"event": "training_step", "timestamp": 1782396573.445245, "step": 232, "max_steps": 1883, "loss": 6.363248825073242, "lr": 0.02, "adamw_lr": 0.0005, "elapsed_time": 132.84129190444946, "prnt": false}
{"event": "training_step", "timestamp": 1782396574.023823, "step": 233, "max_steps": 1883, "loss": 6.388250350952148, "lr": 0.02, "adamw_lr": 0.0005, "elapsed_time": 133.41987085342407, "prnt": false}
{"event": "training_step", "timestamp": 1782396574.593817, "step": 234, "max_steps": 1883, "loss": 6.32987117767334, "lr": 0.02, "adamw_lr": 0.0005, "elapsed_time": 133.98986506462097, "prnt": false}
{"event": "training_step", "timestamp": 1782396575.163477, "step": 235, "max_steps": 1883, "loss": 6.342838287353516, "lr": 0.02, "adamw_lr": 0.0005, "elapsed_time": 134.5595247745514, "prnt": false}
{"event": "training_step", "timestamp": 1782396575.732288, "step": 236, "max_steps": 1883, "loss": 6.413415908813477, "lr": 0.02, "adamw_lr": 0.0005, "elapsed_time": 135.1283359527588, "prnt": false}
{"event": "training_step", "timestamp": 1782396576.3169348, "step": 237, "max_steps": 1883, "loss": 6.338294982910156, "lr": 0.02, "adamw_lr": 0.0005, "elapsed_time": 135.7129831314087, "prnt": false}
{"event": "training_step", "timestamp": 1782396576.884476, "step": 238, "max_steps": 1883, "loss": 6.338915824890137, "lr": 0.02, "adamw_lr": 0.0005, "elapsed_time": 136.28052401542664, "prnt": false}
{"event": "training_step", "timestamp": 1782396577.4586408, "step": 239, "max_steps": 1883, "loss": 6.378714561462402, "lr": 0.02, "adamw_lr": 0.0005, "elapsed_time": 136.85469007492065, "prnt": false}
{"event": "training_step", "timestamp": 1782396578.03667, "step": 240, "max_steps": 1883, "loss": 6.345609664916992, "lr": 0.02, "adamw_lr": 0.0005, "elapsed_time": 137.43271708488464, "prnt": false}
{"event": "training_step", "timestamp": 1782396578.627282, "step": 241, "max_steps": 1883, "loss": 6.248331069946289, "lr": 0.02, "adamw_lr": 0.0005, "elapsed_time": 138.0233290195465, "prnt": false}
{"event": "training_step", "timestamp": 1782396579.2171159, "step": 242, "max_steps": 1883, "loss": 6.398303508758545, "lr": 0.02, "adamw_lr": 0.0005, "elapsed_time": 138.61316394805908, "prnt": false}
{"event": "training_step", "timestamp": 1782396579.827577, "step": 243, "max_steps": 1883, "loss": 6.290701389312744, "lr": 0.02, "adamw_lr": 0.0005, "elapsed_time": 139.2236249446869, "prnt": false}
{"event": "training_step", "timestamp": 1782396580.419832, "step": 244, "max_steps": 1883, "loss": 6.3354902267456055, "lr": 0.02, "adamw_lr": 0.0005, "elapsed_time": 139.81587886810303, "prnt": false}
{"event": "training_step", "timestamp": 1782396581.012473, "step": 245, "max_steps": 1883, "loss": 6.2429046630859375, "lr": 0.02, "adamw_lr": 0.0005, "elapsed_time": 140.40851879119873, "prnt": false}
{"event": "training_step", "timestamp": 1782396581.611223, "step": 246, "max_steps": 1883, "loss": 6.267035007476807, "lr": 0.02, "adamw_lr": 0.0005, "elapsed_time": 141.0072638988495, "prnt": false}
{"event": "training_step", "timestamp": 1782396582.187045, "step": 247, "max_steps": 1883, "loss": 6.344884395599365, "lr": 0.02, "adamw_lr": 0.0005, "elapsed_time": 141.58309292793274, "prnt": false}
{"event": "training_step", "timestamp": 1782396582.756371, "step": 248, "max_steps": 1883, "loss": 6.366163730621338, "lr": 0.02, "adamw_lr": 0.0005, "elapsed_time": 142.15241813659668, "prnt": false}
{"event": "training_step", "timestamp": 1782396583.339564, "step": 249, "max_steps": 1883, "loss": 6.287980556488037, "lr": 0.02, "adamw_lr": 0.0005, "elapsed_time": 142.73561191558838, "prnt": false}
{"event": "training_step", "timestamp": 1782396583.913755, "step": 250, "max_steps": 1883, "loss": 6.292442321777344, "lr": 0.02, "adamw_lr": 0.0005, "elapsed_time": 143.3098030090332, "prnt": false}
{"event": "training_step", "timestamp": 1782396584.4866948, "step": 251, "max_steps": 1883, "loss": 6.37257194519043, "lr": 0.02, "adamw_lr": 0.0005, "elapsed_time": 143.88274312019348, "prnt": false}
{"event": "training_step", "timestamp": 1782396585.0697799, "step": 252, "max_steps": 1883, "loss": 6.211880683898926, "lr": 0.02, "adamw_lr": 0.0005, "elapsed_time": 144.46582674980164, "prnt": false}
{"event": "training_step", "timestamp": 1782396585.652919, "step": 253, "max_steps": 1883, "loss": 6.387540340423584, "lr": 0.02, "adamw_lr": 0.0005, "elapsed_time": 145.04896783828735, "prnt": false}
{"event": "training_step", "timestamp": 1782396586.231543, "step": 254, "max_steps": 1883, "loss": 6.309568405151367, "lr": 0.02, "adamw_lr": 0.0005, "elapsed_time": 145.62758994102478, "prnt": false}
{"event": "training_step", "timestamp": 1782396586.8054678, "step": 255, "max_steps": 1883, "loss": 6.365894317626953, "lr": 0.02, "adamw_lr": 0.0005, "elapsed_time": 146.20151591300964, "prnt": false}
{"event": "training_step", "timestamp": 1782396587.3888059, "step": 256, "max_steps": 1883, "loss": 6.29115104675293, "lr": 0.02, "adamw_lr": 0.0005, "elapsed_time": 146.7848539352417, "prnt": false}
{"event": "training_step", "timestamp": 1782396587.982951, "step": 257, "max_steps": 1883, "loss": 6.331191539764404, "lr": 0.02, "adamw_lr": 0.0005, "elapsed_time": 147.37899899482727, "prnt": false}
{"event": "training_step", "timestamp": 1782396588.5607848, "step": 258, "max_steps": 1883, "loss": 6.329755783081055, "lr": 0.02, "adamw_lr": 0.0005, "elapsed_time": 147.95683312416077, "prnt": false}
{"event": "training_step", "timestamp": 1782396589.15221, "step": 259, "max_steps": 1883, "loss": 6.32058048248291, "lr": 0.02, "adamw_lr": 0.0005, "elapsed_time": 148.5482587814331, "prnt": false}
{"event": "training_step", "timestamp": 1782396589.730992, "step": 260, "max_steps": 1883, "loss": 6.4236578941345215, "lr": 0.02, "adamw_lr": 0.0005, "elapsed_time": 149.1270399093628, "prnt": false}
{"event": "training_step", "timestamp": 1782396590.3163111, "step": 261, "max_steps": 1883, "loss": 6.23974609375, "lr": 0.02, "adamw_lr": 0.0005, "elapsed_time": 149.7123589515686, "prnt": false}
{"event": "training_step", "timestamp": 1782396590.8940108, "step": 262, "max_steps": 1883, "loss": 6.27701997756958, "lr": 0.02, "adamw_lr": 0.0005, "elapsed_time": 150.29005908966064, "prnt": false}
{"event": "training_step", "timestamp": 1782396591.473551, "step": 263, "max_steps": 1883, "loss": 6.257194995880127, "lr": 0.02, "adamw_lr": 0.0005, "elapsed_time": 150.86959886550903, "prnt": false}
{"event": "training_step", "timestamp": 1782396592.052703, "step": 264, "max_steps": 1883, "loss": 6.359164714813232, "lr": 0.02, "adamw_lr": 0.0005, "elapsed_time": 151.44875073432922, "prnt": false}
{"event": "training_step", "timestamp": 1782396592.642637, "step": 265, "max_steps": 1883, "loss": 6.303641319274902, "lr": 0.02, "adamw_lr": 0.0005, "elapsed_time": 152.0386860370636, "prnt": false}
{"event": "training_step", "timestamp": 1782396593.229676, "step": 266, "max_steps": 1883, "loss": 6.215197563171387, "lr": 0.02, "adamw_lr": 0.0005, "elapsed_time": 152.62572383880615, "prnt": false}
{"event": "training_step", "timestamp": 1782396593.814875, "step": 267, "max_steps": 1883, "loss": 6.287120819091797, "lr": 0.02, "adamw_lr": 0.0005, "elapsed_time": 153.210923910141, "prnt": false}
{"event": "validation_step", "timestamp": 1782396598.466871, "step": 267, "max_steps": 1883, "loss": 1.346202906400108, "ema": true, "elapsed_time": 153.210923910141}
{"event": "training_step", "timestamp": 1782396598.992467, "step": 268, "max_steps": 1883, "loss": 6.298386573791504, "lr": 0.02, "adamw_lr": 0.0005, "elapsed_time": 158.38851404190063, "prnt": false}
{"event": "training_step", "timestamp": 1782396599.6483579, "step": 269, "max_steps": 1883, "loss": 6.2318339347839355, "lr": 0.02, "adamw_lr": 0.0005, "elapsed_time": 159.0444049835205, "prnt": false}
{"event": "training_step", "timestamp": 1782396600.2771251, "step": 270, "max_steps": 1883, "loss": 6.327803611755371, "lr": 0.02, "adamw_lr": 0.0005, "elapsed_time": 159.67317390441895, "prnt": false}
{"event": "training_step", "timestamp": 1782396600.907248, "step": 271, "max_steps": 1883, "loss": 6.297788619995117, "lr": 0.02, "adamw_lr": 0.0005, "elapsed_time": 160.30329608917236, "prnt": false}
{"event": "training_step", "timestamp": 1782396601.502594, "step": 272, "max_steps": 1883, "loss": 6.240459442138672, "lr": 0.02, "adamw_lr": 0.0005, "elapsed_time": 160.8986418247223, "prnt": false}
{"event": "training_step", "timestamp": 1782396602.079021, "step": 273, "max_steps": 1883, "loss": 6.226214408874512, "lr": 0.02, "adamw_lr": 0.0005, "elapsed_time": 161.47506880760193, "prnt": false}
{"event": "training_step", "timestamp": 1782396602.679929, "step": 274, "max_steps": 1883, "loss": 6.2223310470581055, "lr": 0.02, "adamw_lr": 0.0005, "elapsed_time": 162.0759768486023, "prnt": false}
{"event": "training_step", "timestamp": 1782396603.269953, "step": 275, "max_steps": 1883, "loss": 6.177450656890869, "lr": 0.02, "adamw_lr": 0.0005, "elapsed_time": 162.6660017967224, "prnt": false}
{"event": "training_step", "timestamp": 1782396603.852663, "step": 276, "max_steps": 1883, "loss": 6.316397666931152, "lr": 0.02, "adamw_lr": 0.0005, "elapsed_time": 163.2487108707428, "prnt": false}
{"event": "training_step", "timestamp": 1782396604.432833, "step": 277, "max_steps": 1883, "loss": 6.261235237121582, "lr": 0.02, "adamw_lr": 0.0005, "elapsed_time": 163.82888197898865, "prnt": false}
{"event": "training_step", "timestamp": 1782396605.0153449, "step": 278, "max_steps": 1883, "loss": 6.204236030578613, "lr": 0.02, "adamw_lr": 0.0005, "elapsed_time": 164.4113929271698, "prnt": false}
{"event": "training_step", "timestamp": 1782396605.605414, "step": 279, "max_steps": 1883, "loss": 6.262667655944824, "lr": 0.02, "adamw_lr": 0.0005, "elapsed_time": 165.00146198272705, "prnt": false}
{"event": "training_step", "timestamp": 1782396606.195371, "step": 280, "max_steps": 1883, "loss": 6.164796829223633, "lr": 0.02, "adamw_lr": 0.0005, "elapsed_time": 165.59141898155212, "prnt": false}
{"event": "training_step", "timestamp": 1782396606.780234, "step": 281, "max_steps": 1883, "loss": 6.329838275909424, "lr": 0.02, "adamw_lr": 0.0005, "elapsed_time": 166.17628073692322, "prnt": false}
{"event": "training_step", "timestamp": 1782396607.366845, "step": 282, "max_steps": 1883, "loss": 6.1756439208984375, "lr": 0.02, "adamw_lr": 0.0005, "elapsed_time": 166.76289296150208, "prnt": false}
{"event": "training_step", "timestamp": 1782396607.9654112, "step": 283, "max_steps": 1883, "loss": 6.237195014953613, "lr": 0.02, "adamw_lr": 0.0005, "elapsed_time": 167.36145901679993, "prnt": false}
{"event": "training_step", "timestamp": 1782396608.575049, "step": 284, "max_steps": 1883, "loss": 6.294559478759766, "lr": 0.02, "adamw_lr": 0.0005, "elapsed_time": 167.9710967540741, "prnt": false}
{"event": "training_step", "timestamp": 1782396609.183125, "step": 285, "max_steps": 1883, "loss": 6.306626796722412, "lr": 0.02, "adamw_lr": 0.0005, "elapsed_time": 168.57917380332947, "prnt": false}
{"event": "training_step", "timestamp": 1782396609.795879, "step": 286, "max_steps": 1883, "loss": 6.296103477478027, "lr": 0.02, "adamw_lr": 0.0005, "elapsed_time": 169.19192695617676, "prnt": false}
{"event": "training_step", "timestamp": 1782396610.40333, "step": 287, "max_steps": 1883, "loss": 6.173841953277588, "lr": 0.02, "adamw_lr": 0.0005, "elapsed_time": 169.7993779182434, "prnt": false}
{"event": "training_step", "timestamp": 1782396611.0326521, "step": 288, "max_steps": 1883, "loss": 6.292230606079102, "lr": 0.02, "adamw_lr": 0.0005, "elapsed_time": 170.42870092391968, "prnt": false}
{"event": "training_step", "timestamp": 1782396611.64397, "step": 289, "max_steps": 1883, "loss": 6.230634689331055, "lr": 0.02, "adamw_lr": 0.0005, "elapsed_time": 171.04001784324646, "prnt": false}
{"event": "training_step", "timestamp": 1782396612.2450712, "step": 290, "max_steps": 1883, "loss": 6.200798511505127, "lr": 0.02, "adamw_lr": 0.0005, "elapsed_time": 171.6411190032959, "prnt": false}
{"event": "training_step", "timestamp": 1782396612.841058, "step": 291, "max_steps": 1883, "loss": 6.162499904632568, "lr": 0.02, "adamw_lr": 0.0005, "elapsed_time": 172.23710703849792, "prnt": false}
{"event": "training_step", "timestamp": 1782396613.444501, "step": 292, "max_steps": 1883, "loss": 6.184737205505371, "lr": 0.02, "adamw_lr": 0.0005, "elapsed_time": 172.8405487537384, "prnt": false}
{"event": "training_step", "timestamp": 1782396614.0434098, "step": 293, "max_steps": 1883, "loss": 6.264945030212402, "lr": 0.02, "adamw_lr": 0.0005, "elapsed_time": 173.43945813179016, "prnt": false}
{"event": "training_step", "timestamp": 1782396614.641065, "step": 294, "max_steps": 1883, "loss": 6.177524566650391, "lr": 0.02, "adamw_lr": 0.0005, "elapsed_time": 174.037113904953, "prnt": false}
{"event": "training_step", "timestamp": 1782396615.2386088, "step": 295, "max_steps": 1883, "loss": 6.208889007568359, "lr": 0.02, "adamw_lr": 0.0005, "elapsed_time": 174.63465690612793, "prnt": false}
{"event": "training_step", "timestamp": 1782396615.831131, "step": 296, "max_steps": 1883, "loss": 6.278863906860352, "lr": 0.02, "adamw_lr": 0.0005, "elapsed_time": 175.22717785835266, "prnt": false}
{"event": "training_step", "timestamp": 1782396616.426201, "step": 297, "max_steps": 1883, "loss": 6.15900182723999, "lr": 0.02, "adamw_lr": 0.0005, "elapsed_time": 175.82224893569946, "prnt": false}
{"event": "training_step", "timestamp": 1782396617.023938, "step": 298, "max_steps": 1883, "loss": 6.200746536254883, "lr": 0.02, "adamw_lr": 0.0005, "elapsed_time": 176.41998600959778, "prnt": false}
{"event": "training_step", "timestamp": 1782396617.629063, "step": 299, "max_steps": 1883, "loss": 6.172924041748047, "lr": 0.02, "adamw_lr": 0.0005, "elapsed_time": 177.0251109600067, "prnt": false}
{"event": "training_step", "timestamp": 1782396618.2170858, "step": 300, "max_steps": 1883, "loss": 6.210661888122559, "lr": 0.02, "adamw_lr": 0.0005, "elapsed_time": 177.61313390731812, "prnt": false}
{"event": "training_step", "timestamp": 1782396618.8175921, "step": 301, "max_steps": 1883, "loss": 6.2144999504089355, "lr": 0.02, "adamw_lr": 0.0005, "elapsed_time": 178.21363878250122, "prnt": false}
{"event": "training_step", "timestamp": 1782396619.412382, "step": 302, "max_steps": 1883, "loss": 6.275162696838379, "lr": 0.02, "adamw_lr": 0.0005, "elapsed_time": 178.80842900276184, "prnt": false}
{"event": "training_step", "timestamp": 1782396620.002099, "step": 303, "max_steps": 1883, "loss": 6.089853286743164, "lr": 0.02, "adamw_lr": 0.0005, "elapsed_time": 179.39814615249634, "prnt": false}
{"event": "training_step", "timestamp": 1782396620.596766, "step": 304, "max_steps": 1883, "loss": 6.186314582824707, "lr": 0.02, "adamw_lr": 0.0005, "elapsed_time": 179.9928138256073, "prnt": false}
{"event": "training_step", "timestamp": 1782396621.198734, "step": 305, "max_steps": 1883, "loss": 6.21428108215332, "lr": 0.02, "adamw_lr": 0.0005, "elapsed_time": 180.59478092193604, "prnt": false}
{"event": "training_step", "timestamp": 1782396621.808233, "step": 306, "max_steps": 1883, "loss": 6.193544387817383, "lr": 0.02, "adamw_lr": 0.0005, "elapsed_time": 181.20428085327148, "prnt": false}
{"event": "training_step", "timestamp": 1782396622.415017, "step": 307, "max_steps": 1883, "loss": 6.214627265930176, "lr": 0.02, "adamw_lr": 0.0005, "elapsed_time": 181.81104683876038, "prnt": false}
{"event": "training_step", "timestamp": 1782396623.0374641, "step": 308, "max_steps": 1883, "loss": 6.249139785766602, "lr": 0.02, "adamw_lr": 0.0005, "elapsed_time": 182.43351292610168, "prnt": false}
{"event": "training_step", "timestamp": 1782396623.651241, "step": 309, "max_steps": 1883, "loss": 6.203895568847656, "lr": 0.02, "adamw_lr": 0.0005, "elapsed_time": 183.04728889465332, "prnt": false}
{"event": "training_step", "timestamp": 1782396624.24119, "step": 310, "max_steps": 1883, "loss": 6.15200138092041, "lr": 0.02, "adamw_lr": 0.0005, "elapsed_time": 183.63723707199097, "prnt": false}
{"event": "training_step", "timestamp": 1782396624.832418, "step": 311, "max_steps": 1883, "loss": 6.14993953704834, "lr": 0.02, "adamw_lr": 0.0005, "elapsed_time": 184.22846579551697, "prnt": false}
{"event": "training_step", "timestamp": 1782396625.426311, "step": 312, "max_steps": 1883, "loss": 6.15140962600708, "lr": 0.02, "adamw_lr": 0.0005, "elapsed_time": 184.8223578929901, "prnt": false}
{"event": "training_step", "timestamp": 1782396626.021922, "step": 313, "max_steps": 1883, "loss": 6.224560737609863, "lr": 0.02, "adamw_lr": 0.0005, "elapsed_time": 185.4179699420929, "prnt": false}
{"event": "training_step", "timestamp": 1782396626.621553, "step": 314, "max_steps": 1883, "loss": 6.1467390060424805, "lr": 0.02, "adamw_lr": 0.0005, "elapsed_time": 186.0176010131836, "prnt": false}
{"event": "training_step", "timestamp": 1782396627.226965, "step": 315, "max_steps": 1883, "loss": 6.205857276916504, "lr": 0.02, "adamw_lr": 0.0005, "elapsed_time": 186.62301397323608, "prnt": false}
{"event": "training_step", "timestamp": 1782396627.822685, "step": 316, "max_steps": 1883, "loss": 6.073099136352539, "lr": 0.02, "adamw_lr": 0.0005, "elapsed_time": 187.21872687339783, "prnt": false}
{"event": "training_step", "timestamp": 1782396628.4239428, "step": 317, "max_steps": 1883, "loss": 6.2596917152404785, "lr": 0.02, "adamw_lr": 0.0005, "elapsed_time": 187.81999111175537, "prnt": false}
{"event": "training_step", "timestamp": 1782396629.033121, "step": 318, "max_steps": 1883, "loss": 6.231992244720459, "lr": 0.02, "adamw_lr": 0.0005, "elapsed_time": 188.42916774749756, "prnt": false}
{"event": "training_step", "timestamp": 1782396629.6457448, "step": 319, "max_steps": 1883, "loss": 5.999846458435059, "lr": 0.02, "adamw_lr": 0.0005, "elapsed_time": 189.04179310798645, "prnt": false}
{"event": "training_step", "timestamp": 1782396630.251648, "step": 320, "max_steps": 1883, "loss": 6.166296005249023, "lr": 0.02, "adamw_lr": 0.0005, "elapsed_time": 189.64769577980042, "prnt": false}
{"event": "training_step", "timestamp": 1782396630.850837, "step": 321, "max_steps": 1883, "loss": 6.1653642654418945, "lr": 0.02, "adamw_lr": 0.0005, "elapsed_time": 190.24688577651978, "prnt": false}
{"event": "training_step", "timestamp": 1782396631.449616, "step": 322, "max_steps": 1883, "loss": 6.06223726272583, "lr": 0.02, "adamw_lr": 0.0005, "elapsed_time": 190.8456630706787, "prnt": false}
{"event": "training_step", "timestamp": 1782396632.045844, "step": 323, "max_steps": 1883, "loss": 6.104730606079102, "lr": 0.02, "adamw_lr": 0.0005, "elapsed_time": 191.44189286231995, "prnt": false}
{"event": "training_step", "timestamp": 1782396632.6437829, "step": 324, "max_steps": 1883, "loss": 6.127504348754883, "lr": 0.02, "adamw_lr": 0.0005, "elapsed_time": 192.03983092308044, "prnt": false}
{"event": "training_step", "timestamp": 1782396633.249963, "step": 325, "max_steps": 1883, "loss": 6.1406755447387695, "lr": 0.02, "adamw_lr": 0.0005, "elapsed_time": 192.6460108757019, "prnt": false}
{"event": "training_step", "timestamp": 1782396633.865103, "step": 326, "max_steps": 1883, "loss": 6.06603479385376, "lr": 0.02, "adamw_lr": 0.0005, "elapsed_time": 193.26115107536316, "prnt": false}
{"event": "training_step", "timestamp": 1782396634.4925098, "step": 327, "max_steps": 1883, "loss": 6.116562843322754, "lr": 0.02, "adamw_lr": 0.0005, "elapsed_time": 193.88855695724487, "prnt": false}
{"event": "training_step", "timestamp": 1782396635.1028621, "step": 328, "max_steps": 1883, "loss": 6.110662460327148, "lr": 0.02, "adamw_lr": 0.0005, "elapsed_time": 194.49890995025635, "prnt": false}
{"event": "training_step", "timestamp": 1782396635.711545, "step": 329, "max_steps": 1883, "loss": 6.2266058921813965, "lr": 0.02, "adamw_lr": 0.0005, "elapsed_time": 195.1075940132141, "prnt": false}
{"event": "training_step", "timestamp": 1782396636.324826, "step": 330, "max_steps": 1883, "loss": 6.190120697021484, "lr": 0.02, "adamw_lr": 0.0005, "elapsed_time": 195.72087407112122, "prnt": false}
{"event": "training_step", "timestamp": 1782396636.918804, "step": 331, "max_steps": 1883, "loss": 6.073338508605957, "lr": 0.02, "adamw_lr": 0.0005, "elapsed_time": 196.31485176086426, "prnt": false}
{"event": "training_step", "timestamp": 1782396637.517314, "step": 332, "max_steps": 1883, "loss": 6.173113822937012, "lr": 0.02, "adamw_lr": 0.0005, "elapsed_time": 196.91336297988892, "prnt": false}
{"event": "training_step", "timestamp": 1782396638.121204, "step": 333, "max_steps": 1883, "loss": 6.115739822387695, "lr": 0.02, "adamw_lr": 0.0005, "elapsed_time": 197.5172517299652, "prnt": false}
{"event": "training_step", "timestamp": 1782396638.7313569, "step": 334, "max_steps": 1883, "loss": 6.115597724914551, "lr": 0.02, "adamw_lr": 0.0005, "elapsed_time": 198.1274058818817, "prnt": false}
{"event": "training_step", "timestamp": 1782396639.339805, "step": 335, "max_steps": 1883, "loss": 6.116586685180664, "lr": 0.02, "adamw_lr": 0.0005, "elapsed_time": 198.73585295677185, "prnt": false}
{"event": "training_step", "timestamp": 1782396639.948052, "step": 336, "max_steps": 1883, "loss": 6.130638122558594, "lr": 0.02, "adamw_lr": 0.0005, "elapsed_time": 199.3440980911255, "prnt": false}
{"event": "training_step", "timestamp": 1782396640.591149, "step": 337, "max_steps": 1883, "loss": 5.983829498291016, "lr": 0.02, "adamw_lr": 0.0005, "elapsed_time": 199.98719596862793, "prnt": false}
{"event": "training_step", "timestamp": 1782396641.2303412, "step": 338, "max_steps": 1883, "loss": 6.020210266113281, "lr": 0.02, "adamw_lr": 0.0005, "elapsed_time": 200.62638902664185, "prnt": false}
{"event": "training_step", "timestamp": 1782396641.849988, "step": 339, "max_steps": 1883, "loss": 6.056642532348633, "lr": 0.02, "adamw_lr": 0.0005, "elapsed_time": 201.24603605270386, "prnt": false}
{"event": "training_step", "timestamp": 1782396642.464105, "step": 340, "max_steps": 1883, "loss": 6.175084114074707, "lr": 0.02, "adamw_lr": 0.0005, "elapsed_time": 201.86015272140503, "prnt": false}
{"event": "training_step", "timestamp": 1782396643.0850189, "step": 341, "max_steps": 1883, "loss": 6.145540237426758, "lr": 0.02, "adamw_lr": 0.0005, "elapsed_time": 202.48106598854065, "prnt": false}
{"event": "training_step", "timestamp": 1782396643.703132, "step": 342, "max_steps": 1883, "loss": 6.119651794433594, "lr": 0.02, "adamw_lr": 0.0005, "elapsed_time": 203.09917998313904, "prnt": false}
{"event": "training_step", "timestamp": 1782396644.306686, "step": 343, "max_steps": 1883, "loss": 6.097330093383789, "lr": 0.02, "adamw_lr": 0.0005, "elapsed_time": 203.70273208618164, "prnt": false}
{"event": "training_step", "timestamp": 1782396644.9070451, "step": 344, "max_steps": 1883, "loss": 6.1313018798828125, "lr": 0.02, "adamw_lr": 0.0005, "elapsed_time": 204.30309391021729, "prnt": false}
{"event": "training_step", "timestamp": 1782396645.49656, "step": 345, "max_steps": 1883, "loss": 6.1518144607543945, "lr": 0.02, "adamw_lr": 0.0005, "elapsed_time": 204.89260911941528, "prnt": false}
{"event": "training_step", "timestamp": 1782396646.0932531, "step": 346, "max_steps": 1883, "loss": 6.187945365905762, "lr": 0.02, "adamw_lr": 0.0005, "elapsed_time": 205.48930096626282, "prnt": false}
{"event": "training_step", "timestamp": 1782396646.690412, "step": 347, "max_steps": 1883, "loss": 6.060876369476318, "lr": 0.02, "adamw_lr": 0.0005, "elapsed_time": 206.0864598751068, "prnt": false}
{"event": "training_step", "timestamp": 1782396647.28723, "step": 348, "max_steps": 1883, "loss": 6.104432106018066, "lr": 0.02, "adamw_lr": 0.0005, "elapsed_time": 206.6832778453827, "prnt": false}
{"event": "training_step", "timestamp": 1782396647.886176, "step": 349, "max_steps": 1883, "loss": 6.015896797180176, "lr": 0.02, "adamw_lr": 0.0005, "elapsed_time": 207.28222393989563, "prnt": false}
{"event": "training_step", "timestamp": 1782396648.495769, "step": 350, "max_steps": 1883, "loss": 6.130123138427734, "lr": 0.02, "adamw_lr": 0.0005, "elapsed_time": 207.89181685447693, "prnt": false}
{"event": "training_step", "timestamp": 1782396649.1043189, "step": 351, "max_steps": 1883, "loss": 6.217940330505371, "lr": 0.02, "adamw_lr": 0.0005, "elapsed_time": 208.50036692619324, "prnt": false}
{"event": "training_step", "timestamp": 1782396649.7150269, "step": 352, "max_steps": 1883, "loss": 6.099729061126709, "lr": 0.02, "adamw_lr": 0.0005, "elapsed_time": 209.11107468605042, "prnt": false}
{"event": "training_step", "timestamp": 1782396650.327659, "step": 353, "max_steps": 1883, "loss": 5.940314292907715, "lr": 0.02, "adamw_lr": 0.0005, "elapsed_time": 209.7237057685852, "prnt": false}
{"event": "training_step", "timestamp": 1782396650.9390879, "step": 354, "max_steps": 1883, "loss": 6.104555130004883, "lr": 0.02, "adamw_lr": 0.0005, "elapsed_time": 210.33513593673706, "prnt": false}
{"event": "training_step", "timestamp": 1782396651.520393, "step": 355, "max_steps": 1883, "loss": 6.0560455322265625, "lr": 0.02, "adamw_lr": 0.0005, "elapsed_time": 210.9164400100708, "prnt": false}
{"event": "training_step", "timestamp": 1782396652.130188, "step": 356, "max_steps": 1883, "loss": 6.051707744598389, "lr": 0.02, "adamw_lr": 0.0005, "elapsed_time": 211.52623581886292, "prnt": false}
{"event": "validation_step", "timestamp": 1782396656.86537, "step": 356, "max_steps": 1883, "loss": 1.3096966804923824, "ema": true, "elapsed_time": 211.52623581886292}
{"event": "training_step", "timestamp": 1782396657.3702688, "step": 357, "max_steps": 1883, "loss": 6.001313209533691, "lr": 0.02, "adamw_lr": 0.0005, "elapsed_time": 216.76631593704224, "prnt": false}
{"event": "training_step", "timestamp": 1782396658.017143, "step": 358, "max_steps": 1883, "loss": 6.076390266418457, "lr": 0.02, "adamw_lr": 0.0005, "elapsed_time": 217.4131898880005, "prnt": false}
{"event": "training_step", "timestamp": 1782396658.64932, "step": 359, "max_steps": 1883, "loss": 6.058356285095215, "lr": 0.02, "adamw_lr": 0.0005, "elapsed_time": 218.04536700248718, "prnt": false}
{"event": "training_step", "timestamp": 1782396659.2663739, "step": 360, "max_steps": 1883, "loss": 6.004859924316406, "lr": 0.02, "adamw_lr": 0.0005, "elapsed_time": 218.6624219417572, "prnt": false}
{"event": "training_step", "timestamp": 1782396659.86228, "step": 361, "max_steps": 1883, "loss": 6.035585403442383, "lr": 0.02, "adamw_lr": 0.0005, "elapsed_time": 219.25832891464233, "prnt": false}
{"event": "training_step", "timestamp": 1782396660.460514, "step": 362, "max_steps": 1883, "loss": 6.126928806304932, "lr": 0.02, "adamw_lr": 0.0005, "elapsed_time": 219.8565628528595, "prnt": false}
{"event": "training_step", "timestamp": 1782396661.0513668, "step": 363, "max_steps": 1883, "loss": 6.053371429443359, "lr": 0.02, "adamw_lr": 0.0005, "elapsed_time": 220.4474151134491, "prnt": false}
{"event": "training_step", "timestamp": 1782396661.637741, "step": 364, "max_steps": 1883, "loss": 6.052271366119385, "lr": 0.02, "adamw_lr": 0.0005, "elapsed_time": 221.03378891944885, "prnt": false}
{"event": "training_step", "timestamp": 1782396662.234904, "step": 365, "max_steps": 1883, "loss": 6.132951736450195, "lr": 0.02, "adamw_lr": 0.0005, "elapsed_time": 221.6309518814087, "prnt": false}
{"event": "training_step", "timestamp": 1782396662.818709, "step": 366, "max_steps": 1883, "loss": 5.986044406890869, "lr": 0.02, "adamw_lr": 0.0005, "elapsed_time": 222.2147569656372, "prnt": false}
{"event": "training_step", "timestamp": 1782396663.403771, "step": 367, "max_steps": 1883, "loss": 6.044247627258301, "lr": 0.02, "adamw_lr": 0.0005, "elapsed_time": 222.79981803894043, "prnt": false}
{"event": "training_step", "timestamp": 1782396664.006043, "step": 368, "max_steps": 1883, "loss": 6.171947479248047, "lr": 0.02, "adamw_lr": 0.0005, "elapsed_time": 223.40209102630615, "prnt": false}
{"event": "training_step", "timestamp": 1782396664.620068, "step": 369, "max_steps": 1883, "loss": 6.096170425415039, "lr": 0.02, "adamw_lr": 0.0005, "elapsed_time": 224.01611709594727, "prnt": false}
{"event": "training_step", "timestamp": 1782396665.23706, "step": 370, "max_steps": 1883, "loss": 6.053617477416992, "lr": 0.02, "adamw_lr": 0.0005, "elapsed_time": 224.6331079006195, "prnt": false}
{"event": "training_step", "timestamp": 1782396665.857198, "step": 371, "max_steps": 1883, "loss": 6.181199550628662, "lr": 0.02, "adamw_lr": 0.0005, "elapsed_time": 225.2532458305359, "prnt": false}
{"event": "training_step", "timestamp": 1782396666.4513102, "step": 372, "max_steps": 1883, "loss": 5.955554008483887, "lr": 0.02, "adamw_lr": 0.0005, "elapsed_time": 225.84735798835754, "prnt": false}
{"event": "training_step", "timestamp": 1782396667.0535219, "step": 373, "max_steps": 1883, "loss": 6.079399585723877, "lr": 0.02, "adamw_lr": 0.0005, "elapsed_time": 226.44956994056702, "prnt": false}
{"event": "training_step", "timestamp": 1782396667.6498802, "step": 374, "max_steps": 1883, "loss": 6.021456718444824, "lr": 0.02, "adamw_lr": 0.0005, "elapsed_time": 227.04592895507812, "prnt": false}
{"event": "training_step", "timestamp": 1782396668.2504761, "step": 375, "max_steps": 1883, "loss": 6.076376914978027, "lr": 0.02, "adamw_lr": 0.0005, "elapsed_time": 227.64652395248413, "prnt": false}
{"event": "training_step", "timestamp": 1782396668.851557, "step": 376, "max_steps": 1883, "loss": 6.050351142883301, "lr": 0.02, "adamw_lr": 0.0005, "elapsed_time": 228.24760508537292, "prnt": false}
{"event": "training_step", "timestamp": 1782396669.459635, "step": 377, "max_steps": 1883, "loss": 6.043575763702393, "lr": 0.02, "adamw_lr": 0.0005, "elapsed_time": 228.8556830883026, "prnt": false}
{"event": "training_step", "timestamp": 1782396670.069879, "step": 378, "max_steps": 1883, "loss": 6.068850517272949, "lr": 0.02, "adamw_lr": 0.0005, "elapsed_time": 229.46592688560486, "prnt": false}
{"event": "training_step", "timestamp": 1782396670.6711822, "step": 379, "max_steps": 1883, "loss": 6.033481597900391, "lr": 0.02, "adamw_lr": 0.0005, "elapsed_time": 230.0672309398651, "prnt": false}
{"event": "training_step", "timestamp": 1782396671.274657, "step": 380, "max_steps": 1883, "loss": 6.087554931640625, "lr": 0.02, "adamw_lr": 0.0005, "elapsed_time": 230.67070484161377, "prnt": false}
{"event": "training_step", "timestamp": 1782396671.868254, "step": 381, "max_steps": 1883, "loss": 5.9670586585998535, "lr": 0.02, "adamw_lr": 0.0005, "elapsed_time": 231.26430010795593, "prnt": false}
{"event": "training_step", "timestamp": 1782396672.473517, "step": 382, "max_steps": 1883, "loss": 6.058523654937744, "lr": 0.02, "adamw_lr": 0.0005, "elapsed_time": 231.8695650100708, "prnt": false}
{"event": "training_step", "timestamp": 1782396673.0867908, "step": 383, "max_steps": 1883, "loss": 6.030099391937256, "lr": 0.02, "adamw_lr": 0.0005, "elapsed_time": 232.48283910751343, "prnt": false}
{"event": "training_step", "timestamp": 1782396673.687665, "step": 384, "max_steps": 1883, "loss": 6.043302059173584, "lr": 0.02, "adamw_lr": 0.0005, "elapsed_time": 233.08371305465698, "prnt": false}
{"event": "training_step", "timestamp": 1782396674.287772, "step": 385, "max_steps": 1883, "loss": 5.961353778839111, "lr": 0.02, "adamw_lr": 0.0005, "elapsed_time": 233.68382000923157, "prnt": false}
{"event": "training_step", "timestamp": 1782396674.8953469, "step": 386, "max_steps": 1883, "loss": 6.024587631225586, "lr": 0.02, "adamw_lr": 0.0005, "elapsed_time": 234.29139590263367, "prnt": false}
{"event": "training_step", "timestamp": 1782396675.493064, "step": 387, "max_steps": 1883, "loss": 6.004667282104492, "lr": 0.02, "adamw_lr": 0.0005, "elapsed_time": 234.8891110420227, "prnt": false}
{"event": "training_step", "timestamp": 1782396676.097474, "step": 388, "max_steps": 1883, "loss": 6.0780439376831055, "lr": 0.02, "adamw_lr": 0.0005, "elapsed_time": 235.49352288246155, "prnt": false}
{"event": "training_step", "timestamp": 1782396676.689932, "step": 389, "max_steps": 1883, "loss": 6.09611177444458, "lr": 0.02, "adamw_lr": 0.0005, "elapsed_time": 236.08597993850708, "prnt": false}
{"event": "training_step", "timestamp": 1782396677.2974021, "step": 390, "max_steps": 1883, "loss": 6.092236042022705, "lr": 0.02, "adamw_lr": 0.0005, "elapsed_time": 236.69344997406006, "prnt": false}
{"event": "training_step", "timestamp": 1782396677.8908029, "step": 391, "max_steps": 1883, "loss": 6.104360103607178, "lr": 0.02, "adamw_lr": 0.0005, "elapsed_time": 237.28685116767883, "prnt": false}
{"event": "training_step", "timestamp": 1782396678.498432, "step": 392, "max_steps": 1883, "loss": 6.155011177062988, "lr": 0.02, "adamw_lr": 0.0005, "elapsed_time": 237.8944787979126, "prnt": false}
{"event": "training_step", "timestamp": 1782396679.115968, "step": 393, "max_steps": 1883, "loss": 6.115853786468506, "lr": 0.02, "adamw_lr": 0.0005, "elapsed_time": 238.51201486587524, "prnt": false}
{"event": "training_step", "timestamp": 1782396679.740094, "step": 394, "max_steps": 1883, "loss": 6.164762496948242, "lr": 0.02, "adamw_lr": 0.0005, "elapsed_time": 239.13614106178284, "prnt": false}
{"event": "training_step", "timestamp": 1782396680.3834538, "step": 395, "max_steps": 1883, "loss": 6.048637390136719, "lr": 0.02, "adamw_lr": 0.0005, "elapsed_time": 239.7795009613037, "prnt": false}
{"event": "training_step", "timestamp": 1782396681.0263538, "step": 396, "max_steps": 1883, "loss": 5.996469974517822, "lr": 0.02, "adamw_lr": 0.0005, "elapsed_time": 240.4224009513855, "prnt": false}
{"event": "training_step", "timestamp": 1782396681.6633081, "step": 397, "max_steps": 1883, "loss": 6.036038875579834, "lr": 0.02, "adamw_lr": 0.0005, "elapsed_time": 241.0593547821045, "prnt": false}
{"event": "training_step", "timestamp": 1782396682.283304, "step": 398, "max_steps": 1883, "loss": 6.038112640380859, "lr": 0.02, "adamw_lr": 0.0005, "elapsed_time": 241.6793520450592, "prnt": false}
{"event": "training_step", "timestamp": 1782396682.889136, "step": 399, "max_steps": 1883, "loss": 5.998185157775879, "lr": 0.02, "adamw_lr": 0.0005, "elapsed_time": 242.28518390655518, "prnt": false}
{"event": "training_step", "timestamp": 1782396683.519839, "step": 400, "max_steps": 1883, "loss": 5.957275867462158, "lr": 0.02, "adamw_lr": 0.0005, "elapsed_time": 242.91588592529297, "prnt": false}
{"event": "training_step", "timestamp": 1782396684.1282492, "step": 401, "max_steps": 1883, "loss": 5.956575393676758, "lr": 0.02, "adamw_lr": 0.0005, "elapsed_time": 243.52429699897766, "prnt": false}
{"event": "training_step", "timestamp": 1782396684.7316842, "step": 402, "max_steps": 1883, "loss": 6.006651878356934, "lr": 0.02, "adamw_lr": 0.0005, "elapsed_time": 244.12773084640503, "prnt": false}
{"event": "training_step", "timestamp": 1782396685.3454561, "step": 403, "max_steps": 1883, "loss": 6.022429466247559, "lr": 0.02, "adamw_lr": 0.0005, "elapsed_time": 244.74150395393372, "prnt": false}
{"event": "training_step", "timestamp": 1782396685.9552581, "step": 404, "max_steps": 1883, "loss": 5.903257846832275, "lr": 0.02, "adamw_lr": 0.0005, "elapsed_time": 245.3513059616089, "prnt": false}
{"event": "training_step", "timestamp": 1782396686.5627332, "step": 405, "max_steps": 1883, "loss": 6.000756740570068, "lr": 0.02, "adamw_lr": 0.0005, "elapsed_time": 245.95877981185913, "prnt": false}
{"event": "training_step", "timestamp": 1782396687.15967, "step": 406, "max_steps": 1883, "loss": 6.046060562133789, "lr": 0.02, "adamw_lr": 0.0005, "elapsed_time": 246.55571794509888, "prnt": false}
{"event": "training_step", "timestamp": 1782396687.748103, "step": 407, "max_steps": 1883, "loss": 6.046101093292236, "lr": 0.02, "adamw_lr": 0.0005, "elapsed_time": 247.14415097236633, "prnt": false}
{"event": "training_step", "timestamp": 1782396688.3575912, "step": 408, "max_steps": 1883, "loss": 6.019970417022705, "lr": 0.02, "adamw_lr": 0.0005, "elapsed_time": 247.75363898277283, "prnt": false}
{"event": "training_step", "timestamp": 1782396689.0095968, "step": 409, "max_steps": 1883, "loss": 5.980539798736572, "lr": 0.02, "adamw_lr": 0.0005, "elapsed_time": 248.40564393997192, "prnt": false}
{"event": "training_step", "timestamp": 1782396689.6499531, "step": 410, "max_steps": 1883, "loss": 5.921952724456787, "lr": 0.02, "adamw_lr": 0.0005, "elapsed_time": 249.046000957489, "prnt": false}
{"event": "training_step", "timestamp": 1782396690.29994, "step": 411, "max_steps": 1883, "loss": 6.096678256988525, "lr": 0.02, "adamw_lr": 0.0005, "elapsed_time": 249.6959879398346, "prnt": false}
{"event": "training_step", "timestamp": 1782396690.927347, "step": 412, "max_steps": 1883, "loss": 6.028986930847168, "lr": 0.02, "adamw_lr": 0.0005, "elapsed_time": 250.32339572906494, "prnt": false}
{"event": "training_step", "timestamp": 1782396691.4780958, "step": 413, "max_steps": 1883, "loss": 5.98248291015625, "lr": 0.02, "adamw_lr": 0.0005, "elapsed_time": 250.87414407730103, "prnt": false}
{"event": "training_step", "timestamp": 1782396692.11089, "step": 414, "max_steps": 1883, "loss": 5.9174113273620605, "lr": 0.02, "adamw_lr": 0.0005, "elapsed_time": 251.50693774223328, "prnt": false}
{"event": "training_step", "timestamp": 1782396692.754991, "step": 415, "max_steps": 1883, "loss": 5.8890604972839355, "lr": 0.02, "adamw_lr": 0.0005, "elapsed_time": 252.15103888511658, "prnt": false}
{"event": "training_step", "timestamp": 1782396693.3062139, "step": 416, "max_steps": 1883, "loss": 5.940556526184082, "lr": 0.02, "adamw_lr": 0.0005, "elapsed_time": 252.70226097106934, "prnt": false}
{"event": "training_step", "timestamp": 1782396693.948631, "step": 417, "max_steps": 1883, "loss": 6.0111236572265625, "lr": 0.02, "adamw_lr": 0.0005, "elapsed_time": 253.34467792510986, "prnt": false}
{"event": "training_step", "timestamp": 1782396694.592381, "step": 418, "max_steps": 1883, "loss": 6.058333873748779, "lr": 0.02, "adamw_lr": 0.0005, "elapsed_time": 253.98842906951904, "prnt": false}
{"event": "training_step", "timestamp": 1782396695.2527401, "step": 419, "max_steps": 1883, "loss": 6.052068710327148, "lr": 0.02, "adamw_lr": 0.0005, "elapsed_time": 254.64878487586975, "prnt": false}
{"event": "training_step", "timestamp": 1782396695.920937, "step": 420, "max_steps": 1883, "loss": 5.997344017028809, "lr": 0.02, "adamw_lr": 0.0005, "elapsed_time": 255.31698489189148, "prnt": false}
{"event": "training_step", "timestamp": 1782396696.5561888, "step": 421, "max_steps": 1883, "loss": 5.973276615142822, "lr": 0.02, "adamw_lr": 0.0005, "elapsed_time": 255.95223712921143, "prnt": false}
{"event": "training_step", "timestamp": 1782396697.202026, "step": 422, "max_steps": 1883, "loss": 5.992343902587891, "lr": 0.02, "adamw_lr": 0.0005, "elapsed_time": 256.5980739593506, "prnt": false}
{"event": "training_step", "timestamp": 1782396697.83938, "step": 423, "max_steps": 1883, "loss": 5.979835033416748, "lr": 0.02, "adamw_lr": 0.0005, "elapsed_time": 257.2354278564453, "prnt": false}
{"event": "training_step", "timestamp": 1782396698.4813728, "step": 424, "max_steps": 1883, "loss": 6.051300048828125, "lr": 0.02, "adamw_lr": 0.0005, "elapsed_time": 257.8774211406708, "prnt": false}
{"event": "training_step", "timestamp": 1782396699.123658, "step": 425, "max_steps": 1883, "loss": 5.923810958862305, "lr": 0.02, "adamw_lr": 0.0005, "elapsed_time": 258.5197057723999, "prnt": false}
{"event": "training_step", "timestamp": 1782396699.758417, "step": 426, "max_steps": 1883, "loss": 6.053562641143799, "lr": 0.02, "adamw_lr": 0.0005, "elapsed_time": 259.15446496009827, "prnt": false}
{"event": "training_step", "timestamp": 1782396700.3940349, "step": 427, "max_steps": 1883, "loss": 5.991916656494141, "lr": 0.02, "adamw_lr": 0.0005, "elapsed_time": 259.79008316993713, "prnt": false}
{"event": "training_step", "timestamp": 1782396701.024384, "step": 428, "max_steps": 1883, "loss": 5.926915645599365, "lr": 0.02, "adamw_lr": 0.0005, "elapsed_time": 260.4204318523407, "prnt": false}
{"event": "training_step", "timestamp": 1782396701.659643, "step": 429, "max_steps": 1883, "loss": 5.970625877380371, "lr": 0.02, "adamw_lr": 0.0005, "elapsed_time": 261.05569100379944, "prnt": false}
{"event": "training_step", "timestamp": 1782396702.293838, "step": 430, "max_steps": 1883, "loss": 5.9653120040893555, "lr": 0.02, "adamw_lr": 0.0005, "elapsed_time": 261.68988585472107, "prnt": false}
{"event": "training_step", "timestamp": 1782396702.934599, "step": 431, "max_steps": 1883, "loss": 5.965173721313477, "lr": 0.02, "adamw_lr": 0.0005, "elapsed_time": 262.3306460380554, "prnt": false}
{"event": "training_step", "timestamp": 1782396703.577195, "step": 432, "max_steps": 1883, "loss": 5.983864784240723, "lr": 0.02, "adamw_lr": 0.0005, "elapsed_time": 262.9732427597046, "prnt": false}
{"event": "training_step", "timestamp": 1782396704.2093408, "step": 433, "max_steps": 1883, "loss": 5.851993560791016, "lr": 0.02, "adamw_lr": 0.0005, "elapsed_time": 263.6053891181946, "prnt": false}
{"event": "training_step", "timestamp": 1782396704.839152, "step": 434, "max_steps": 1883, "loss": 6.062294006347656, "lr": 0.02, "adamw_lr": 0.0005, "elapsed_time": 264.2351999282837, "prnt": false}
{"event": "training_step", "timestamp": 1782396705.4923809, "step": 435, "max_steps": 1883, "loss": 5.936713695526123, "lr": 0.02, "adamw_lr": 0.0005, "elapsed_time": 264.8884289264679, "prnt": false}
{"event": "training_step", "timestamp": 1782396706.123473, "step": 436, "max_steps": 1883, "loss": 5.978481769561768, "lr": 0.02, "adamw_lr": 0.0005, "elapsed_time": 265.5195209980011, "prnt": false}
{"event": "training_step", "timestamp": 1782396706.757343, "step": 437, "max_steps": 1883, "loss": 5.895680904388428, "lr": 0.02, "adamw_lr": 0.0005, "elapsed_time": 266.15339183807373, "prnt": false}
{"event": "training_step", "timestamp": 1782396707.392792, "step": 438, "max_steps": 1883, "loss": 5.955948829650879, "lr": 0.02, "adamw_lr": 0.0005, "elapsed_time": 266.7888398170471, "prnt": false}
{"event": "training_step", "timestamp": 1782396708.021803, "step": 439, "max_steps": 1883, "loss": 5.9724507331848145, "lr": 0.02, "adamw_lr": 0.0005, "elapsed_time": 267.41785192489624, "prnt": false}
{"event": "training_step", "timestamp": 1782396708.664953, "step": 440, "max_steps": 1883, "loss": 5.918697834014893, "lr": 0.02, "adamw_lr": 0.0005, "elapsed_time": 268.0610020160675, "prnt": false}
{"event": "training_step", "timestamp": 1782396709.287894, "step": 441, "max_steps": 1883, "loss": 6.046325206756592, "lr": 0.02, "adamw_lr": 0.0005, "elapsed_time": 268.6839418411255, "prnt": false}
{"event": "training_step", "timestamp": 1782396709.942519, "step": 442, "max_steps": 1883, "loss": 6.0023345947265625, "lr": 0.02, "adamw_lr": 0.0005, "elapsed_time": 269.33856678009033, "prnt": false}
{"event": "training_step", "timestamp": 1782396710.569262, "step": 443, "max_steps": 1883, "loss": 5.90818452835083, "lr": 0.02, "adamw_lr": 0.0005, "elapsed_time": 269.96530985832214, "prnt": false}
{"event": "training_step", "timestamp": 1782396711.205803, "step": 444, "max_steps": 1883, "loss": 5.8589887619018555, "lr": 0.02, "adamw_lr": 0.0005, "elapsed_time": 270.60185074806213, "prnt": false}
{"event": "training_step", "timestamp": 1782396711.825611, "step": 445, "max_steps": 1883, "loss": 5.947268009185791, "lr": 0.02, "adamw_lr": 0.0005, "elapsed_time": 271.2216589450836, "prnt": false}
{"event": "validation_step", "timestamp": 1782396716.765704, "step": 445, "max_steps": 1883, "loss": 1.2823396524970658, "ema": true, "elapsed_time": 271.2216589450836}
{"event": "training_step", "timestamp": 1782396717.305341, "step": 446, "max_steps": 1883, "loss": 5.864308834075928, "lr": 0.02, "adamw_lr": 0.0005, "elapsed_time": 276.70138907432556, "prnt": false}
{"event": "training_step", "timestamp": 1782396717.975321, "step": 447, "max_steps": 1883, "loss": 5.913074493408203, "lr": 0.02, "adamw_lr": 0.0005, "elapsed_time": 277.3713688850403, "prnt": false}
{"event": "training_step", "timestamp": 1782396718.614593, "step": 448, "max_steps": 1883, "loss": 6.065883636474609, "lr": 0.02, "adamw_lr": 0.0005, "elapsed_time": 278.0106408596039, "prnt": false}
{"event": "training_step", "timestamp": 1782396719.2357461, "step": 449, "max_steps": 1883, "loss": 5.968261241912842, "lr": 0.02, "adamw_lr": 0.0005, "elapsed_time": 278.6317939758301, "prnt": false}
{"event": "training_step", "timestamp": 1782396719.873524, "step": 450, "max_steps": 1883, "loss": 5.997032165527344, "lr": 0.02, "adamw_lr": 0.0005, "elapsed_time": 279.26957178115845, "prnt": false}
{"event": "training_step", "timestamp": 1782396720.509006, "step": 451, "max_steps": 1883, "loss": 5.817840576171875, "lr": 0.02, "adamw_lr": 0.0005, "elapsed_time": 279.90505385398865, "prnt": false}
{"event": "training_step", "timestamp": 1782396721.132875, "step": 452, "max_steps": 1883, "loss": 5.929752826690674, "lr": 0.02, "adamw_lr": 0.0005, "elapsed_time": 280.5289227962494, "prnt": false}
{"event": "training_step", "timestamp": 1782396721.7442229, "step": 453, "max_steps": 1883, "loss": 5.859705924987793, "lr": 0.02, "adamw_lr": 0.0005, "elapsed_time": 281.14027094841003, "prnt": false}
{"event": "training_step", "timestamp": 1782396722.362317, "step": 454, "max_steps": 1883, "loss": 5.972490310668945, "lr": 0.02, "adamw_lr": 0.0005, "elapsed_time": 281.7583649158478, "prnt": false}
{"event": "training_step", "timestamp": 1782396722.964138, "step": 455, "max_steps": 1883, "loss": 5.8261308670043945, "lr": 0.02, "adamw_lr": 0.0005, "elapsed_time": 282.3601858615875, "prnt": false}
{"event": "training_step", "timestamp": 1782396723.579516, "step": 456, "max_steps": 1883, "loss": 5.956723213195801, "lr": 0.02, "adamw_lr": 0.0005, "elapsed_time": 282.9755640029907, "prnt": false}
{"event": "training_step", "timestamp": 1782396724.200665, "step": 457, "max_steps": 1883, "loss": 5.926492214202881, "lr": 0.02, "adamw_lr": 0.0005, "elapsed_time": 283.5967140197754, "prnt": false}
{"event": "training_step", "timestamp": 1782396724.814168, "step": 458, "max_steps": 1883, "loss": 5.9057416915893555, "lr": 0.02, "adamw_lr": 0.0005, "elapsed_time": 284.21021580696106, "prnt": false}
{"event": "training_step", "timestamp": 1782396725.422165, "step": 459, "max_steps": 1883, "loss": 5.849925994873047, "lr": 0.02, "adamw_lr": 0.0005, "elapsed_time": 284.81821274757385, "prnt": false}
{"event": "training_step", "timestamp": 1782396726.0366158, "step": 460, "max_steps": 1883, "loss": 6.044757843017578, "lr": 0.02, "adamw_lr": 0.0005, "elapsed_time": 285.4326641559601, "prnt": false}
{"event": "training_step", "timestamp": 1782396726.660418, "step": 461, "max_steps": 1883, "loss": 6.009734153747559, "lr": 0.02, "adamw_lr": 0.0005, "elapsed_time": 286.05646681785583, "prnt": false}
{"event": "training_step", "timestamp": 1782396727.2855082, "step": 462, "max_steps": 1883, "loss": 5.876865386962891, "lr": 0.02, "adamw_lr": 0.0005, "elapsed_time": 286.6815559864044, "prnt": false}
{"event": "training_step", "timestamp": 1782396727.9087732, "step": 463, "max_steps": 1883, "loss": 6.004876136779785, "lr": 0.02, "adamw_lr": 0.0005, "elapsed_time": 287.30482006073, "prnt": false}
{"event": "training_step", "timestamp": 1782396728.509067, "step": 464, "max_steps": 1883, "loss": 5.930702209472656, "lr": 0.02, "adamw_lr": 0.0005, "elapsed_time": 287.9051148891449, "prnt": false}
{"event": "training_step", "timestamp": 1782396729.13749, "step": 465, "max_steps": 1883, "loss": 5.878451347351074, "lr": 0.02, "adamw_lr": 0.0005, "elapsed_time": 288.53353810310364, "prnt": false}
{"event": "training_step", "timestamp": 1782396729.751521, "step": 466, "max_steps": 1883, "loss": 5.991466522216797, "lr": 0.02, "adamw_lr": 0.0005, "elapsed_time": 289.14756894111633, "prnt": false}
{"event": "training_step", "timestamp": 1782396730.3805819, "step": 467, "max_steps": 1883, "loss": 5.960342884063721, "lr": 0.02, "adamw_lr": 0.0005, "elapsed_time": 289.77663111686707, "prnt": false}
{"event": "training_step", "timestamp": 1782396731.016358, "step": 468, "max_steps": 1883, "loss": 5.876079559326172, "lr": 0.02, "adamw_lr": 0.0005, "elapsed_time": 290.4124059677124, "prnt": false}
{"event": "training_step", "timestamp": 1782396731.64548, "step": 469, "max_steps": 1883, "loss": 5.965303421020508, "lr": 0.02, "adamw_lr": 0.0005, "elapsed_time": 291.0415279865265, "prnt": false}
{"event": "training_step", "timestamp": 1782396732.249401, "step": 470, "max_steps": 1883, "loss": 5.9293951988220215, "lr": 0.02, "adamw_lr": 0.0005, "elapsed_time": 291.64544892311096, "prnt": false}
{"event": "training_step", "timestamp": 1782396732.85936, "step": 471, "max_steps": 1883, "loss": 5.939993858337402, "lr": 0.02, "adamw_lr": 0.0005, "elapsed_time": 292.2554078102112, "prnt": false}
{"event": "training_step", "timestamp": 1782396733.4962308, "step": 472, "max_steps": 1883, "loss": 5.862288475036621, "lr": 0.02, "adamw_lr": 0.0005, "elapsed_time": 292.8922789096832, "prnt": false}
{"event": "training_step", "timestamp": 1782396734.126231, "step": 473, "max_steps": 1883, "loss": 5.960132598876953, "lr": 0.02, "adamw_lr": 0.0005, "elapsed_time": 293.52227878570557, "prnt": false}
{"event": "training_step", "timestamp": 1782396734.738574, "step": 474, "max_steps": 1883, "loss": 5.987059116363525, "lr": 0.02, "adamw_lr": 0.0005, "elapsed_time": 294.1346218585968, "prnt": false}
{"event": "training_step", "timestamp": 1782396735.350573, "step": 475, "max_steps": 1883, "loss": 5.946253299713135, "lr": 0.02, "adamw_lr": 0.0005, "elapsed_time": 294.7466208934784, "prnt": false}
{"event": "training_step", "timestamp": 1782396735.997799, "step": 476, "max_steps": 1883, "loss": 5.869288444519043, "lr": 0.02, "adamw_lr": 0.0005, "elapsed_time": 295.393846988678, "prnt": false}
{"event": "training_step", "timestamp": 1782396736.6435862, "step": 477, "max_steps": 1883, "loss": 5.898186683654785, "lr": 0.02, "adamw_lr": 0.0005, "elapsed_time": 296.0396327972412, "prnt": false}
{"event": "training_step", "timestamp": 1782396737.2796748, "step": 478, "max_steps": 1883, "loss": 5.89578914642334, "lr": 0.02, "adamw_lr": 0.0005, "elapsed_time": 296.675724029541, "prnt": false}
{"event": "training_step", "timestamp": 1782396737.908428, "step": 479, "max_steps": 1883, "loss": 5.895107269287109, "lr": 0.02, "adamw_lr": 0.0005, "elapsed_time": 297.30447578430176, "prnt": false}
{"event": "training_step", "timestamp": 1782396738.532678, "step": 480, "max_steps": 1883, "loss": 5.979044437408447, "lr": 0.02, "adamw_lr": 0.0005, "elapsed_time": 297.9287259578705, "prnt": false}
{"event": "training_step", "timestamp": 1782396739.180226, "step": 481, "max_steps": 1883, "loss": 5.8403496742248535, "lr": 0.02, "adamw_lr": 0.0005, "elapsed_time": 298.57627391815186, "prnt": false}
{"event": "training_step", "timestamp": 1782396739.7826822, "step": 482, "max_steps": 1883, "loss": 5.889881610870361, "lr": 0.02, "adamw_lr": 0.0005, "elapsed_time": 299.17873096466064, "prnt": false}
{"event": "training_step", "timestamp": 1782396740.3849092, "step": 483, "max_steps": 1883, "loss": 5.986466407775879, "lr": 0.02, "adamw_lr": 0.0005, "elapsed_time": 299.7809557914734, "prnt": false}
{"event": "training_step", "timestamp": 1782396741.000065, "step": 484, "max_steps": 1883, "loss": 5.827858924865723, "lr": 0.02, "adamw_lr": 0.0005, "elapsed_time": 300.3961138725281, "prnt": false}
{"event": "training_step", "timestamp": 1782396741.610157, "step": 485, "max_steps": 1883, "loss": 5.89171838760376, "lr": 0.02, "adamw_lr": 0.0005, "elapsed_time": 301.0062048435211, "prnt": false}
{"event": "training_step", "timestamp": 1782396742.232451, "step": 486, "max_steps": 1883, "loss": 5.951817989349365, "lr": 0.02, "adamw_lr": 0.0005, "elapsed_time": 301.6284990310669, "prnt": false}
{"event": "training_step", "timestamp": 1782396742.855844, "step": 487, "max_steps": 1883, "loss": 5.908792495727539, "lr": 0.02, "adamw_lr": 0.0005, "elapsed_time": 302.25189185142517, "prnt": false}
{"event": "training_step", "timestamp": 1782396743.467196, "step": 488, "max_steps": 1883, "loss": 5.863455772399902, "lr": 0.02, "adamw_lr": 0.0005, "elapsed_time": 302.86324405670166, "prnt": false}
{"event": "training_step", "timestamp": 1782396744.0801122, "step": 489, "max_steps": 1883, "loss": 5.924321174621582, "lr": 0.02, "adamw_lr": 0.0005, "elapsed_time": 303.4761600494385, "prnt": false}
{"event": "training_step", "timestamp": 1782396744.702327, "step": 490, "max_steps": 1883, "loss": 5.833952903747559, "lr": 0.02, "adamw_lr": 0.0005, "elapsed_time": 304.0983738899231, "prnt": false}
{"event": "training_step", "timestamp": 1782396745.328911, "step": 491, "max_steps": 1883, "loss": 5.942193984985352, "lr": 0.02, "adamw_lr": 0.0005, "elapsed_time": 304.72495889663696, "prnt": false}
{"event": "training_step", "timestamp": 1782396745.953335, "step": 492, "max_steps": 1883, "loss": 5.8573222160339355, "lr": 0.02, "adamw_lr": 0.0005, "elapsed_time": 305.34938287734985, "prnt": false}
{"event": "training_step", "timestamp": 1782396746.577396, "step": 493, "max_steps": 1883, "loss": 5.872560024261475, "lr": 0.02, "adamw_lr": 0.0005, "elapsed_time": 305.9734411239624, "prnt": false}
{"event": "training_step", "timestamp": 1782396747.1911502, "step": 494, "max_steps": 1883, "loss": 5.781627178192139, "lr": 0.02, "adamw_lr": 0.0005, "elapsed_time": 306.5871980190277, "prnt": false}
{"event": "training_step", "timestamp": 1782396747.823371, "step": 495, "max_steps": 1883, "loss": 5.766907691955566, "lr": 0.02, "adamw_lr": 0.0005, "elapsed_time": 307.2194187641144, "prnt": false}
{"event": "training_step", "timestamp": 1782396748.4335308, "step": 496, "max_steps": 1883, "loss": 6.0359296798706055, "lr": 0.02, "adamw_lr": 0.0005, "elapsed_time": 307.82957887649536, "prnt": false}
{"event": "training_step", "timestamp": 1782396749.035284, "step": 497, "max_steps": 1883, "loss": 5.861629486083984, "lr": 0.02, "adamw_lr": 0.0005, "elapsed_time": 308.43133187294006, "prnt": false}
{"event": "training_step", "timestamp": 1782396749.647939, "step": 498, "max_steps": 1883, "loss": 5.931859016418457, "lr": 0.02, "adamw_lr": 0.0005, "elapsed_time": 309.04398584365845, "prnt": false}
{"event": "training_step", "timestamp": 1782396750.26702, "step": 499, "max_steps": 1883, "loss": 5.9147796630859375, "lr": 0.02, "adamw_lr": 0.0005, "elapsed_time": 309.663067817688, "prnt": false}
{"event": "training_step", "timestamp": 1782396750.888893, "step": 500, "max_steps": 1883, "loss": 5.799365043640137, "lr": 0.02, "adamw_lr": 0.0005, "elapsed_time": 310.28494095802307, "prnt": false}
{"event": "training_step", "timestamp": 1782396751.514415, "step": 501, "max_steps": 1883, "loss": 5.897191524505615, "lr": 0.02, "adamw_lr": 0.0005, "elapsed_time": 310.9104628562927, "prnt": false}
{"event": "training_step", "timestamp": 1782396752.1138382, "step": 502, "max_steps": 1883, "loss": 5.902321815490723, "lr": 0.02, "adamw_lr": 0.0005, "elapsed_time": 311.50988483428955, "prnt": false}
{"event": "training_step", "timestamp": 1782396752.7545521, "step": 503, "max_steps": 1883, "loss": 5.844516754150391, "lr": 0.02, "adamw_lr": 0.0005, "elapsed_time": 312.15060091018677, "prnt": false}
{"event": "training_step", "timestamp": 1782396753.382284, "step": 504, "max_steps": 1883, "loss": 5.858386993408203, "lr": 0.02, "adamw_lr": 0.0005, "elapsed_time": 312.7783329486847, "prnt": false}
{"event": "training_step", "timestamp": 1782396754.0193229, "step": 505, "max_steps": 1883, "loss": 5.924256324768066, "lr": 0.02, "adamw_lr": 0.0005, "elapsed_time": 313.415372133255, "prnt": false}
{"event": "training_step", "timestamp": 1782396754.651114, "step": 506, "max_steps": 1883, "loss": 5.8321332931518555, "lr": 0.02, "adamw_lr": 0.0005, "elapsed_time": 314.047162771225, "prnt": false}
{"event": "training_step", "timestamp": 1782396755.260858, "step": 507, "max_steps": 1883, "loss": 5.863188743591309, "lr": 0.02, "adamw_lr": 0.0005, "elapsed_time": 314.656907081604, "prnt": false}
{"event": "training_step", "timestamp": 1782396755.877106, "step": 508, "max_steps": 1883, "loss": 5.929379463195801, "lr": 0.02, "adamw_lr": 0.0005, "elapsed_time": 315.27315402030945, "prnt": false}
{"event": "training_step", "timestamp": 1782396756.482031, "step": 509, "max_steps": 1883, "loss": 5.8633832931518555, "lr": 0.02, "adamw_lr": 0.0005, "elapsed_time": 315.8780789375305, "prnt": false}
{"event": "training_step", "timestamp": 1782396757.1014342, "step": 510, "max_steps": 1883, "loss": 5.763876914978027, "lr": 0.02, "adamw_lr": 0.0005, "elapsed_time": 316.4974820613861, "prnt": false}
{"event": "training_step", "timestamp": 1782396757.719332, "step": 511, "max_steps": 1883, "loss": 5.938161373138428, "lr": 0.02, "adamw_lr": 0.0005, "elapsed_time": 317.11538100242615, "prnt": false}
{"event": "training_step", "timestamp": 1782396758.340915, "step": 512, "max_steps": 1883, "loss": 5.834865570068359, "lr": 0.02, "adamw_lr": 0.0005, "elapsed_time": 317.73696303367615, "prnt": false}
{"event": "training_step", "timestamp": 1782396758.943298, "step": 513, "max_steps": 1883, "loss": 5.867122650146484, "lr": 0.02, "adamw_lr": 0.0005, "elapsed_time": 318.33934688568115, "prnt": false}
{"event": "training_step", "timestamp": 1782396759.559472, "step": 514, "max_steps": 1883, "loss": 5.767551422119141, "lr": 0.02, "adamw_lr": 0.0005, "elapsed_time": 318.9555199146271, "prnt": false}
{"event": "training_step", "timestamp": 1782396760.190453, "step": 515, "max_steps": 1883, "loss": 5.806763648986816, "lr": 0.02, "adamw_lr": 0.0005, "elapsed_time": 319.58650183677673, "prnt": false}
{"event": "training_step", "timestamp": 1782396760.809845, "step": 516, "max_steps": 1883, "loss": 5.8762006759643555, "lr": 0.02, "adamw_lr": 0.0005, "elapsed_time": 320.2058928012848, "prnt": false}
{"event": "training_step", "timestamp": 1782396761.439136, "step": 517, "max_steps": 1883, "loss": 5.885819435119629, "lr": 0.02, "adamw_lr": 0.0005, "elapsed_time": 320.8351848125458, "prnt": false}
{"event": "training_step", "timestamp": 1782396762.04952, "step": 518, "max_steps": 1883, "loss": 5.823810577392578, "lr": 0.02, "adamw_lr": 0.0005, "elapsed_time": 321.4455680847168, "prnt": false}
{"event": "training_step", "timestamp": 1782396762.675301, "step": 519, "max_steps": 1883, "loss": 5.836814880371094, "lr": 0.02, "adamw_lr": 0.0005, "elapsed_time": 322.07134890556335, "prnt": false}
{"event": "training_step", "timestamp": 1782396763.313035, "step": 520, "max_steps": 1883, "loss": 5.915525913238525, "lr": 0.02, "adamw_lr": 0.0005, "elapsed_time": 322.70908284187317, "prnt": false}
{"event": "training_step", "timestamp": 1782396763.931791, "step": 521, "max_steps": 1883, "loss": 5.738601207733154, "lr": 0.02, "adamw_lr": 0.0005, "elapsed_time": 323.3278388977051, "prnt": false}
{"event": "training_step", "timestamp": 1782396764.511764, "step": 522, "max_steps": 1883, "loss": 5.912209510803223, "lr": 0.02, "adamw_lr": 0.0005, "elapsed_time": 323.9078118801117, "prnt": false}
{"event": "training_step", "timestamp": 1782396765.098332, "step": 523, "max_steps": 1883, "loss": 5.858147144317627, "lr": 0.02, "adamw_lr": 0.0005, "elapsed_time": 324.4943790435791, "prnt": false}
{"event": "training_step", "timestamp": 1782396765.688813, "step": 524, "max_steps": 1883, "loss": 5.894551753997803, "lr": 0.02, "adamw_lr": 0.0005, "elapsed_time": 325.08485984802246, "prnt": false}
{"event": "training_step", "timestamp": 1782396766.27019, "step": 525, "max_steps": 1883, "loss": 5.826624870300293, "lr": 0.02, "adamw_lr": 0.0005, "elapsed_time": 325.6662378311157, "prnt": false}
{"event": "training_step", "timestamp": 1782396766.86193, "step": 526, "max_steps": 1883, "loss": 5.857291221618652, "lr": 0.02, "adamw_lr": 0.0005, "elapsed_time": 326.2579777240753, "prnt": false}
{"event": "training_step", "timestamp": 1782396767.4463592, "step": 527, "max_steps": 1883, "loss": 5.865449905395508, "lr": 0.02, "adamw_lr": 0.0005, "elapsed_time": 326.8424048423767, "prnt": false}
{"event": "training_step", "timestamp": 1782396768.0360398, "step": 528, "max_steps": 1883, "loss": 5.8552446365356445, "lr": 0.02, "adamw_lr": 0.0005, "elapsed_time": 327.432088136673, "prnt": false}
{"event": "training_step", "timestamp": 1782396768.6312478, "step": 529, "max_steps": 1883, "loss": 5.980301856994629, "lr": 0.02, "adamw_lr": 0.0005, "elapsed_time": 328.0272960662842, "prnt": false}
{"event": "training_step", "timestamp": 1782396769.208349, "step": 530, "max_steps": 1883, "loss": 5.790789604187012, "lr": 0.02, "adamw_lr": 0.0005, "elapsed_time": 328.60439705848694, "prnt": false}
{"event": "training_step", "timestamp": 1782396769.7831502, "step": 531, "max_steps": 1883, "loss": 5.836729049682617, "lr": 0.02, "adamw_lr": 0.0005, "elapsed_time": 329.1791980266571, "prnt": false}
{"event": "training_step", "timestamp": 1782396770.37511, "step": 532, "max_steps": 1883, "loss": 5.806723117828369, "lr": 0.02, "adamw_lr": 0.0005, "elapsed_time": 329.7711579799652, "prnt": false}
{"event": "training_step", "timestamp": 1782396770.95805, "step": 533, "max_steps": 1883, "loss": 5.901398658752441, "lr": 0.02, "adamw_lr": 0.0005, "elapsed_time": 330.35409784317017, "prnt": false}
{"event": "training_step", "timestamp": 1782396771.5309372, "step": 534, "max_steps": 1883, "loss": 5.862148761749268, "lr": 0.02, "adamw_lr": 0.0005, "elapsed_time": 330.9269850254059, "prnt": false}
{"event": "validation_step", "timestamp": 1782396776.0294652, "step": 534, "max_steps": 1883, "loss": 1.2607314178959663, "ema": true, "elapsed_time": 330.9269850254059}
{"event": "training_step", "timestamp": 1782396776.523686, "step": 535, "max_steps": 1883, "loss": 5.776564598083496, "lr": 0.02, "adamw_lr": 0.0005, "elapsed_time": 335.919734954834, "prnt": false}
{"event": "training_step", "timestamp": 1782396777.1234748, "step": 536, "max_steps": 1883, "loss": 5.840686798095703, "lr": 0.02, "adamw_lr": 0.0005, "elapsed_time": 336.51952290534973, "prnt": false}
{"event": "training_step", "timestamp": 1782396777.713021, "step": 537, "max_steps": 1883, "loss": 5.8411407470703125, "lr": 0.02, "adamw_lr": 0.0005, "elapsed_time": 337.109069108963, "prnt": false}
{"event": "training_step", "timestamp": 1782396778.296514, "step": 538, "max_steps": 1883, "loss": 5.789585113525391, "lr": 0.02, "adamw_lr": 0.0005, "elapsed_time": 337.6925618648529, "prnt": false}
{"event": "training_step", "timestamp": 1782396778.8832982, "step": 539, "max_steps": 1883, "loss": 5.890750885009766, "lr": 0.02, "adamw_lr": 0.0005, "elapsed_time": 338.2793469429016, "prnt": false}
{"event": "training_step", "timestamp": 1782396779.451091, "step": 540, "max_steps": 1883, "loss": 5.836479187011719, "lr": 0.02, "adamw_lr": 0.0005, "elapsed_time": 338.84713888168335, "prnt": false}
{"event": "training_step", "timestamp": 1782396780.014787, "step": 541, "max_steps": 1883, "loss": 5.793135166168213, "lr": 0.02, "adamw_lr": 0.0005, "elapsed_time": 339.4108350276947, "prnt": false}
{"event": "training_step", "timestamp": 1782396780.585655, "step": 542, "max_steps": 1883, "loss": 5.79241418838501, "lr": 0.02, "adamw_lr": 0.0005, "elapsed_time": 339.98170280456543, "prnt": false}
{"event": "training_step", "timestamp": 1782396781.155861, "step": 543, "max_steps": 1883, "loss": 5.7792463302612305, "lr": 0.02, "adamw_lr": 0.0005, "elapsed_time": 340.55190992355347, "prnt": false}
{"event": "training_step", "timestamp": 1782396781.726207, "step": 544, "max_steps": 1883, "loss": 5.758491516113281, "lr": 0.02, "adamw_lr": 0.0005, "elapsed_time": 341.1222548484802, "prnt": false}
{"event": "training_step", "timestamp": 1782396782.302013, "step": 545, "max_steps": 1883, "loss": 5.881206035614014, "lr": 0.02, "adamw_lr": 0.0005, "elapsed_time": 341.6980617046356, "prnt": false}
{"event": "training_step", "timestamp": 1782396782.8843038, "step": 546, "max_steps": 1883, "loss": 5.811331748962402, "lr": 0.02, "adamw_lr": 0.0005, "elapsed_time": 342.2803530693054, "prnt": false}
{"event": "training_step", "timestamp": 1782396783.467593, "step": 547, "max_steps": 1883, "loss": 5.76260232925415, "lr": 0.02, "adamw_lr": 0.0005, "elapsed_time": 342.8636417388916, "prnt": false}
{"event": "training_step", "timestamp": 1782396784.046775, "step": 548, "max_steps": 1883, "loss": 5.811505317687988, "lr": 0.02, "adamw_lr": 0.0005, "elapsed_time": 343.442822933197, "prnt": false}
{"event": "training_step", "timestamp": 1782396784.6319711, "step": 549, "max_steps": 1883, "loss": 5.752796173095703, "lr": 0.02, "adamw_lr": 0.0005, "elapsed_time": 344.0280179977417, "prnt": false}
{"event": "training_step", "timestamp": 1782396785.204376, "step": 550, "max_steps": 1883, "loss": 5.885013580322266, "lr": 0.02, "adamw_lr": 0.0005, "elapsed_time": 344.6004238128662, "prnt": false}
{"event": "training_step", "timestamp": 1782396785.7724931, "step": 551, "max_steps": 1883, "loss": 5.742013931274414, "lr": 0.02, "adamw_lr": 0.0005, "elapsed_time": 345.16854095458984, "prnt": false}
{"event": "training_step", "timestamp": 1782396786.3554409, "step": 552, "max_steps": 1883, "loss": 5.794653415679932, "lr": 0.02, "adamw_lr": 0.0005, "elapsed_time": 345.7514889240265, "prnt": false}
{"event": "training_step", "timestamp": 1782396786.938145, "step": 553, "max_steps": 1883, "loss": 5.863739490509033, "lr": 0.02, "adamw_lr": 0.0005, "elapsed_time": 346.33419394493103, "prnt": false}
{"event": "training_step", "timestamp": 1782396787.524874, "step": 554, "max_steps": 1883, "loss": 5.887298583984375, "lr": 0.02, "adamw_lr": 0.0005, "elapsed_time": 346.92092180252075, "prnt": false}
{"event": "training_step", "timestamp": 1782396788.113787, "step": 555, "max_steps": 1883, "loss": 5.856810569763184, "lr": 0.02, "adamw_lr": 0.0005, "elapsed_time": 347.5098350048065, "prnt": false}
{"event": "training_step", "timestamp": 1782396788.684319, "step": 556, "max_steps": 1883, "loss": 5.741182327270508, "lr": 0.02, "adamw_lr": 0.0005, "elapsed_time": 348.0803668498993, "prnt": false}
{"event": "training_step", "timestamp": 1782396789.271702, "step": 557, "max_steps": 1883, "loss": 5.804689884185791, "lr": 0.02, "adamw_lr": 0.0005, "elapsed_time": 348.6677498817444, "prnt": false}
{"event": "training_step", "timestamp": 1782396789.854702, "step": 558, "max_steps": 1883, "loss": 5.812703609466553, "lr": 0.02, "adamw_lr": 0.0005, "elapsed_time": 349.2507498264313, "prnt": false}
{"event": "training_step", "timestamp": 1782396790.4369228, "step": 559, "max_steps": 1883, "loss": 5.75221061706543, "lr": 0.02, "adamw_lr": 0.0005, "elapsed_time": 349.83297204971313, "prnt": false}
{"event": "training_step", "timestamp": 1782396791.009981, "step": 560, "max_steps": 1883, "loss": 5.744243621826172, "lr": 0.02, "adamw_lr": 0.0005, "elapsed_time": 350.4060289859772, "prnt": false}
{"event": "training_step", "timestamp": 1782396791.5934231, "step": 561, "max_steps": 1883, "loss": 5.759808540344238, "lr": 0.02, "adamw_lr": 0.0005, "elapsed_time": 350.9894709587097, "prnt": false}
{"event": "training_step", "timestamp": 1782396792.170028, "step": 562, "max_steps": 1883, "loss": 5.833379745483398, "lr": 0.02, "adamw_lr": 0.0005, "elapsed_time": 351.56607580184937, "prnt": false}
{"event": "training_step", "timestamp": 1782396792.744116, "step": 563, "max_steps": 1883, "loss": 5.733999252319336, "lr": 0.02, "adamw_lr": 0.0005, "elapsed_time": 352.140163898468, "prnt": false}
{"event": "training_step", "timestamp": 1782396793.314585, "step": 564, "max_steps": 1883, "loss": 5.7853312492370605, "lr": 0.02, "adamw_lr": 0.0005, "elapsed_time": 352.7106330394745, "prnt": false}
{"event": "training_step", "timestamp": 1782396793.892403, "step": 565, "max_steps": 1883, "loss": 5.842944622039795, "lr": 0.02, "adamw_lr": 0.0005, "elapsed_time": 353.2884509563446, "prnt": false}
{"event": "training_step", "timestamp": 1782396794.469198, "step": 566, "max_steps": 1883, "loss": 5.714763641357422, "lr": 0.02, "adamw_lr": 0.0005, "elapsed_time": 353.8652458190918, "prnt": false}
{"event": "training_step", "timestamp": 1782396795.0405319, "step": 567, "max_steps": 1883, "loss": 5.779350280761719, "lr": 0.02, "adamw_lr": 0.0005, "elapsed_time": 354.43658089637756, "prnt": false}
{"event": "training_step", "timestamp": 1782396795.6136231, "step": 568, "max_steps": 1883, "loss": 5.749314308166504, "lr": 0.02, "adamw_lr": 0.0005, "elapsed_time": 355.0096709728241, "prnt": false}
{"event": "training_step", "timestamp": 1782396796.192412, "step": 569, "max_steps": 1883, "loss": 5.802737236022949, "lr": 0.02, "adamw_lr": 0.0005, "elapsed_time": 355.5884590148926, "prnt": false}
{"event": "training_step", "timestamp": 1782396796.764596, "step": 570, "max_steps": 1883, "loss": 5.807936191558838, "lr": 0.02, "adamw_lr": 0.0005, "elapsed_time": 356.16064381599426, "prnt": false}
{"event": "training_step", "timestamp": 1782396797.3223639, "step": 571, "max_steps": 1883, "loss": 5.847692489624023, "lr": 0.02, "adamw_lr": 0.0005, "elapsed_time": 356.71841192245483, "prnt": false}
{"event": "training_step", "timestamp": 1782396797.906991, "step": 572, "max_steps": 1883, "loss": 5.693037509918213, "lr": 0.02, "adamw_lr": 0.0005, "elapsed_time": 357.3030390739441, "prnt": false}
{"event": "training_step", "timestamp": 1782396798.471925, "step": 573, "max_steps": 1883, "loss": 5.790011405944824, "lr": 0.02, "adamw_lr": 0.0005, "elapsed_time": 357.8679738044739, "prnt": false}
{"event": "training_step", "timestamp": 1782396799.051929, "step": 574, "max_steps": 1883, "loss": 5.789181709289551, "lr": 0.02, "adamw_lr": 0.0005, "elapsed_time": 358.44797801971436, "prnt": false}
{"event": "training_step", "timestamp": 1782396799.626936, "step": 575, "max_steps": 1883, "loss": 5.753719329833984, "lr": 0.02, "adamw_lr": 0.0005, "elapsed_time": 359.02298498153687, "prnt": false}
{"event": "training_step", "timestamp": 1782396800.206551, "step": 576, "max_steps": 1883, "loss": 5.799741744995117, "lr": 0.02, "adamw_lr": 0.0005, "elapsed_time": 359.60259890556335, "prnt": false}
{"event": "training_step", "timestamp": 1782396800.781503, "step": 577, "max_steps": 1883, "loss": 5.827719688415527, "lr": 0.02, "adamw_lr": 0.0005, "elapsed_time": 360.1775498390198, "prnt": false}
{"event": "training_step", "timestamp": 1782396801.342734, "step": 578, "max_steps": 1883, "loss": 5.778415679931641, "lr": 0.02, "adamw_lr": 0.0005, "elapsed_time": 360.7387809753418, "prnt": false}
{"event": "training_step", "timestamp": 1782396801.91955, "step": 579, "max_steps": 1883, "loss": 5.732646465301514, "lr": 0.02, "adamw_lr": 0.0005, "elapsed_time": 361.31559777259827, "prnt": false}
{"event": "training_step", "timestamp": 1782396802.492128, "step": 580, "max_steps": 1883, "loss": 5.702913284301758, "lr": 0.02, "adamw_lr": 0.0005, "elapsed_time": 361.88817596435547, "prnt": false}
{"event": "training_step", "timestamp": 1782396803.085006, "step": 581, "max_steps": 1883, "loss": 5.74240779876709, "lr": 0.02, "adamw_lr": 0.0005, "elapsed_time": 362.4810538291931, "prnt": false}
{"event": "training_step", "timestamp": 1782396803.6716008, "step": 582, "max_steps": 1883, "loss": 5.799685955047607, "lr": 0.02, "adamw_lr": 0.0005, "elapsed_time": 363.06764912605286, "prnt": false}
{"event": "training_step", "timestamp": 1782396804.249079, "step": 583, "max_steps": 1883, "loss": 5.753994941711426, "lr": 0.02, "adamw_lr": 0.0005, "elapsed_time": 363.6451258659363, "prnt": false}
{"event": "training_step", "timestamp": 1782396804.813941, "step": 584, "max_steps": 1883, "loss": 5.7846903800964355, "lr": 0.02, "adamw_lr": 0.0005, "elapsed_time": 364.20998883247375, "prnt": false}
{"event": "training_step", "timestamp": 1782396805.390878, "step": 585, "max_steps": 1883, "loss": 5.668046951293945, "lr": 0.02, "adamw_lr": 0.0005, "elapsed_time": 364.7869257926941, "prnt": false}
{"event": "training_step", "timestamp": 1782396805.9560142, "step": 586, "max_steps": 1883, "loss": 5.840414047241211, "lr": 0.02, "adamw_lr": 0.0005, "elapsed_time": 365.35206294059753, "prnt": false}
{"event": "training_step", "timestamp": 1782396806.519783, "step": 587, "max_steps": 1883, "loss": 5.826481819152832, "lr": 0.02, "adamw_lr": 0.0005, "elapsed_time": 365.9158310890198, "prnt": false}
{"event": "training_step", "timestamp": 1782396807.09345, "step": 588, "max_steps": 1883, "loss": 5.601382255554199, "lr": 0.02, "adamw_lr": 0.0005, "elapsed_time": 366.4894988536835, "prnt": false}
{"event": "training_step", "timestamp": 1782396807.670557, "step": 589, "max_steps": 1883, "loss": 5.751101493835449, "lr": 0.02, "adamw_lr": 0.0005, "elapsed_time": 367.06660509109497, "prnt": false}
{"event": "training_step", "timestamp": 1782396808.237926, "step": 590, "max_steps": 1883, "loss": 5.766063690185547, "lr": 0.02, "adamw_lr": 0.0005, "elapsed_time": 367.63397097587585, "prnt": false}
{"event": "training_step", "timestamp": 1782396808.809333, "step": 591, "max_steps": 1883, "loss": 5.661166667938232, "lr": 0.02, "adamw_lr": 0.0005, "elapsed_time": 368.20538091659546, "prnt": false}
{"event": "training_step", "timestamp": 1782396809.380289, "step": 592, "max_steps": 1883, "loss": 5.69331169128418, "lr": 0.02, "adamw_lr": 0.0005, "elapsed_time": 368.77633690834045, "prnt": false}
{"event": "training_step", "timestamp": 1782396809.940376, "step": 593, "max_steps": 1883, "loss": 5.730231285095215, "lr": 0.02, "adamw_lr": 0.0005, "elapsed_time": 369.33642387390137, "prnt": false}
{"event": "training_step", "timestamp": 1782396810.508575, "step": 594, "max_steps": 1883, "loss": 5.739973068237305, "lr": 0.02, "adamw_lr": 0.0005, "elapsed_time": 369.90462279319763, "prnt": false}
{"event": "training_step", "timestamp": 1782396811.101683, "step": 595, "max_steps": 1883, "loss": 5.647790431976318, "lr": 0.02, "adamw_lr": 0.0005, "elapsed_time": 370.4977309703827, "prnt": false}
{"event": "training_step", "timestamp": 1782396811.683489, "step": 596, "max_steps": 1883, "loss": 5.729558944702148, "lr": 0.02, "adamw_lr": 0.0005, "elapsed_time": 371.07953691482544, "prnt": false}
{"event": "training_step", "timestamp": 1782396812.268679, "step": 597, "max_steps": 1883, "loss": 5.71500825881958, "lr": 0.02, "adamw_lr": 0.0005, "elapsed_time": 371.66472697257996, "prnt": false}
{"event": "training_step", "timestamp": 1782396812.861257, "step": 598, "max_steps": 1883, "loss": 5.8289642333984375, "lr": 0.02, "adamw_lr": 0.0005, "elapsed_time": 372.2573049068451, "prnt": false}
{"event": "training_step", "timestamp": 1782396813.443976, "step": 599, "max_steps": 1883, "loss": 5.79017448425293, "lr": 0.02, "adamw_lr": 0.0005, "elapsed_time": 372.8400239944458, "prnt": false}
{"event": "training_step", "timestamp": 1782396814.028204, "step": 600, "max_steps": 1883, "loss": 5.670100212097168, "lr": 0.02, "adamw_lr": 0.0005, "elapsed_time": 373.42425298690796, "prnt": false}
{"event": "training_step", "timestamp": 1782396814.613137, "step": 601, "max_steps": 1883, "loss": 5.774412155151367, "lr": 0.02, "adamw_lr": 0.0005, "elapsed_time": 374.0091860294342, "prnt": false}
{"event": "training_step", "timestamp": 1782396815.1965241, "step": 602, "max_steps": 1883, "loss": 5.7355170249938965, "lr": 0.02, "adamw_lr": 0.0005, "elapsed_time": 374.59257078170776, "prnt": false}
{"event": "training_step", "timestamp": 1782396815.7894201, "step": 603, "max_steps": 1883, "loss": 5.734453201293945, "lr": 0.02, "adamw_lr": 0.0005, "elapsed_time": 375.1854679584503, "prnt": false}
{"event": "training_step", "timestamp": 1782396816.363849, "step": 604, "max_steps": 1883, "loss": 5.701040744781494, "lr": 0.02, "adamw_lr": 0.0005, "elapsed_time": 375.75989603996277, "prnt": false}
{"event": "training_step", "timestamp": 1782396816.948728, "step": 605, "max_steps": 1883, "loss": 5.708045959472656, "lr": 0.02, "adamw_lr": 0.0005, "elapsed_time": 376.3447759151459, "prnt": false}
{"event": "training_step", "timestamp": 1782396817.540117, "step": 606, "max_steps": 1883, "loss": 5.591830730438232, "lr": 0.02, "adamw_lr": 0.0005, "elapsed_time": 376.9361627101898, "prnt": false}
{"event": "training_step", "timestamp": 1782396818.127651, "step": 607, "max_steps": 1883, "loss": 5.640143394470215, "lr": 0.02, "adamw_lr": 0.0005, "elapsed_time": 377.5236990451813, "prnt": false}
{"event": "training_step", "timestamp": 1782396818.707384, "step": 608, "max_steps": 1883, "loss": 5.683782577514648, "lr": 0.02, "adamw_lr": 0.0005, "elapsed_time": 378.1034297943115, "prnt": false}
{"event": "training_step", "timestamp": 1782396819.298215, "step": 609, "max_steps": 1883, "loss": 5.774909019470215, "lr": 0.02, "adamw_lr": 0.0005, "elapsed_time": 378.6942629814148, "prnt": false}
{"event": "training_step", "timestamp": 1782396819.875385, "step": 610, "max_steps": 1883, "loss": 5.7566423416137695, "lr": 0.02, "adamw_lr": 0.0005, "elapsed_time": 379.2714340686798, "prnt": false}
{"event": "training_step", "timestamp": 1782396820.447288, "step": 611, "max_steps": 1883, "loss": 5.7106709480285645, "lr": 0.02, "adamw_lr": 0.0005, "elapsed_time": 379.8433358669281, "prnt": false}
{"event": "training_step", "timestamp": 1782396821.028408, "step": 612, "max_steps": 1883, "loss": 5.713371276855469, "lr": 0.02, "adamw_lr": 0.0005, "elapsed_time": 380.4244558811188, "prnt": false}
{"event": "training_step", "timestamp": 1782396821.605428, "step": 613, "max_steps": 1883, "loss": 5.7451043128967285, "lr": 0.02, "adamw_lr": 0.0005, "elapsed_time": 381.00147581100464, "prnt": false}
{"event": "training_step", "timestamp": 1782396822.186052, "step": 614, "max_steps": 1883, "loss": 5.767976760864258, "lr": 0.02, "adamw_lr": 0.0005, "elapsed_time": 381.58209896087646, "prnt": false}
{"event": "training_step", "timestamp": 1782396822.761656, "step": 615, "max_steps": 1883, "loss": 5.8072052001953125, "lr": 0.02, "adamw_lr": 0.0005, "elapsed_time": 382.15770387649536, "prnt": false}
{"event": "training_step", "timestamp": 1782396823.334788, "step": 616, "max_steps": 1883, "loss": 5.682226657867432, "lr": 0.02, "adamw_lr": 0.0005, "elapsed_time": 382.73083686828613, "prnt": false}
{"event": "training_step", "timestamp": 1782396823.910145, "step": 617, "max_steps": 1883, "loss": 5.724626064300537, "lr": 0.02, "adamw_lr": 0.0005, "elapsed_time": 383.30619382858276, "prnt": false}
{"event": "training_step", "timestamp": 1782396824.484033, "step": 618, "max_steps": 1883, "loss": 5.642377853393555, "lr": 0.02, "adamw_lr": 0.0005, "elapsed_time": 383.88008093833923, "prnt": false}
{"event": "training_step", "timestamp": 1782396825.060298, "step": 619, "max_steps": 1883, "loss": 5.743112087249756, "lr": 0.02, "adamw_lr": 0.0005, "elapsed_time": 384.4563467502594, "prnt": false}
{"event": "training_step", "timestamp": 1782396825.631636, "step": 620, "max_steps": 1883, "loss": 5.822991371154785, "lr": 0.02, "adamw_lr": 0.0005, "elapsed_time": 385.0276849269867, "prnt": false}
{"event": "training_step", "timestamp": 1782396826.208151, "step": 621, "max_steps": 1883, "loss": 5.730997562408447, "lr": 0.02, "adamw_lr": 0.0005, "elapsed_time": 385.6041989326477, "prnt": false}
{"event": "training_step", "timestamp": 1782396826.772351, "step": 622, "max_steps": 1883, "loss": 5.557032585144043, "lr": 0.02, "adamw_lr": 0.0005, "elapsed_time": 386.1683988571167, "prnt": false}
{"event": "training_step", "timestamp": 1782396827.353759, "step": 623, "max_steps": 1883, "loss": 5.737793922424316, "lr": 0.02, "adamw_lr": 0.0005, "elapsed_time": 386.74980783462524, "prnt": false}
{"event": "validation_step", "timestamp": 1782396832.00132, "step": 623, "max_steps": 1883, "loss": 1.2433096773603867, "ema": true, "elapsed_time": 386.74980783462524}
{"event": "training_step", "timestamp": 1782396832.497462, "step": 624, "max_steps": 1883, "loss": 5.686215400695801, "lr": 0.02, "adamw_lr": 0.0005, "elapsed_time": 391.89350986480713, "prnt": false}
{"event": "training_step", "timestamp": 1782396833.081388, "step": 625, "max_steps": 1883, "loss": 5.669363498687744, "lr": 0.02, "adamw_lr": 0.0005, "elapsed_time": 392.47743582725525, "prnt": false}
{"event": "training_step", "timestamp": 1782396833.675992, "step": 626, "max_steps": 1883, "loss": 5.6297688484191895, "lr": 0.02, "adamw_lr": 0.0005, "elapsed_time": 393.0720388889313, "prnt": false}
{"event": "training_step", "timestamp": 1782396834.271035, "step": 627, "max_steps": 1883, "loss": 5.693841934204102, "lr": 0.02, "adamw_lr": 0.0005, "elapsed_time": 393.66708302497864, "prnt": false}
{"event": "training_step", "timestamp": 1782396834.854603, "step": 628, "max_steps": 1883, "loss": 5.678208827972412, "lr": 0.02, "adamw_lr": 0.0005, "elapsed_time": 394.25065088272095, "prnt": false}
{"event": "training_step", "timestamp": 1782396835.425202, "step": 629, "max_steps": 1883, "loss": 5.6172685623168945, "lr": 0.02, "adamw_lr": 0.0005, "elapsed_time": 394.8212490081787, "prnt": false}
{"event": "training_step", "timestamp": 1782396836.0045109, "step": 630, "max_steps": 1883, "loss": 5.654338836669922, "lr": 0.02, "adamw_lr": 0.0005, "elapsed_time": 395.40055894851685, "prnt": false}
{"event": "training_step", "timestamp": 1782396836.577617, "step": 631, "max_steps": 1883, "loss": 5.726347923278809, "lr": 0.02, "adamw_lr": 0.0005, "elapsed_time": 395.9736659526825, "prnt": false}
{"event": "training_step", "timestamp": 1782396837.161379, "step": 632, "max_steps": 1883, "loss": 5.68021821975708, "lr": 0.02, "adamw_lr": 0.0005, "elapsed_time": 396.55742597579956, "prnt": false}
{"event": "training_step", "timestamp": 1782396837.7408419, "step": 633, "max_steps": 1883, "loss": 5.690298080444336, "lr": 0.02, "adamw_lr": 0.0005, "elapsed_time": 397.1368899345398, "prnt": false}
{"event": "training_step", "timestamp": 1782396838.313014, "step": 634, "max_steps": 1883, "loss": 5.745510101318359, "lr": 0.02, "adamw_lr": 0.0005, "elapsed_time": 397.7090618610382, "prnt": false}
{"event": "training_step", "timestamp": 1782396838.896818, "step": 635, "max_steps": 1883, "loss": 5.612147808074951, "lr": 0.02, "adamw_lr": 0.0005, "elapsed_time": 398.2928659915924, "prnt": false}
{"event": "training_step", "timestamp": 1782396839.472456, "step": 636, "max_steps": 1883, "loss": 5.665886878967285, "lr": 0.02, "adamw_lr": 0.0005, "elapsed_time": 398.8685030937195, "prnt": false}
{"event": "training_step", "timestamp": 1782396840.046178, "step": 637, "max_steps": 1883, "loss": 5.787839889526367, "lr": 0.02, "adamw_lr": 0.0005, "elapsed_time": 399.44222593307495, "prnt": false}
{"event": "training_step", "timestamp": 1782396840.61933, "step": 638, "max_steps": 1883, "loss": 5.728320121765137, "lr": 0.02, "adamw_lr": 0.0005, "elapsed_time": 400.01537799835205, "prnt": false}
{"event": "training_step", "timestamp": 1782396841.1931672, "step": 639, "max_steps": 1883, "loss": 5.679265022277832, "lr": 0.02, "adamw_lr": 0.0005, "elapsed_time": 400.5892159938812, "prnt": false}
{"event": "training_step", "timestamp": 1782396841.774594, "step": 640, "max_steps": 1883, "loss": 5.803715705871582, "lr": 0.02, "adamw_lr": 0.0005, "elapsed_time": 401.17064094543457, "prnt": false}
{"event": "training_step", "timestamp": 1782396842.348452, "step": 641, "max_steps": 1883, "loss": 5.611700534820557, "lr": 0.02, "adamw_lr": 0.0005, "elapsed_time": 401.7444980144501, "prnt": false}
{"event": "training_step", "timestamp": 1782396842.93295, "step": 642, "max_steps": 1883, "loss": 5.706111907958984, "lr": 0.02, "adamw_lr": 0.0005, "elapsed_time": 402.3289978504181, "prnt": false}
{"event": "training_step", "timestamp": 1782396843.506293, "step": 643, "max_steps": 1883, "loss": 5.643097877502441, "lr": 0.02, "adamw_lr": 0.0005, "elapsed_time": 402.90234088897705, "prnt": false}
{"event": "training_step", "timestamp": 1782396844.095819, "step": 644, "max_steps": 1883, "loss": 5.696915149688721, "lr": 0.02, "adamw_lr": 0.0005, "elapsed_time": 403.4918668270111, "prnt": false}
{"event": "training_step", "timestamp": 1782396844.6784189, "step": 645, "max_steps": 1883, "loss": 5.664882183074951, "lr": 0.02, "adamw_lr": 0.0005, "elapsed_time": 404.07446789741516, "prnt": false}
{"event": "training_step", "timestamp": 1782396845.250428, "step": 646, "max_steps": 1883, "loss": 5.664920806884766, "lr": 0.02, "adamw_lr": 0.0005, "elapsed_time": 404.64647603034973, "prnt": false}
{"event": "training_step", "timestamp": 1782396845.830623, "step": 647, "max_steps": 1883, "loss": 5.6805033683776855, "lr": 0.02, "adamw_lr": 0.0005, "elapsed_time": 405.2266719341278, "prnt": false}
{"event": "training_step", "timestamp": 1782396846.41777, "step": 648, "max_steps": 1883, "loss": 5.6649041175842285, "lr": 0.02, "adamw_lr": 0.0005, "elapsed_time": 405.8138167858124, "prnt": false}
{"event": "training_step", "timestamp": 1782396847.000865, "step": 649, "max_steps": 1883, "loss": 5.707327842712402, "lr": 0.02, "adamw_lr": 0.0005, "elapsed_time": 406.39691281318665, "prnt": false}
{"event": "training_step", "timestamp": 1782396847.575685, "step": 650, "max_steps": 1883, "loss": 5.614232063293457, "lr": 0.02, "adamw_lr": 0.0005, "elapsed_time": 406.9717330932617, "prnt": false}
{"event": "training_step", "timestamp": 1782396848.1553102, "step": 651, "max_steps": 1883, "loss": 5.680521011352539, "lr": 0.02, "adamw_lr": 0.0005, "elapsed_time": 407.55135798454285, "prnt": false}
{"event": "training_step", "timestamp": 1782396848.733865, "step": 652, "max_steps": 1883, "loss": 5.654460906982422, "lr": 0.02, "adamw_lr": 0.0005, "elapsed_time": 408.12991285324097, "prnt": false}
{"event": "training_step", "timestamp": 1782396849.3275259, "step": 653, "max_steps": 1883, "loss": 5.680214881896973, "lr": 0.02, "adamw_lr": 0.0005, "elapsed_time": 408.72357392311096, "prnt": false}
{"event": "training_step", "timestamp": 1782396849.909183, "step": 654, "max_steps": 1883, "loss": 5.60692834854126, "lr": 0.02, "adamw_lr": 0.0005, "elapsed_time": 409.3052308559418, "prnt": false}
{"event": "training_step", "timestamp": 1782396850.4910662, "step": 655, "max_steps": 1883, "loss": 5.654125213623047, "lr": 0.02, "adamw_lr": 0.0005, "elapsed_time": 409.88711404800415, "prnt": false}
{"event": "training_step", "timestamp": 1782396851.0778198, "step": 656, "max_steps": 1883, "loss": 5.620172500610352, "lr": 0.02, "adamw_lr": 0.0005, "elapsed_time": 410.4738669395447, "prnt": false}
{"event": "training_step", "timestamp": 1782396851.655263, "step": 657, "max_steps": 1883, "loss": 5.712578773498535, "lr": 0.02, "adamw_lr": 0.0005, "elapsed_time": 411.0513107776642, "prnt": false}
{"event": "training_step", "timestamp": 1782396852.236057, "step": 658, "max_steps": 1883, "loss": 5.723480224609375, "lr": 0.02, "adamw_lr": 0.0005, "elapsed_time": 411.6321048736572, "prnt": false}
{"event": "training_step", "timestamp": 1782396852.81911, "step": 659, "max_steps": 1883, "loss": 5.732781410217285, "lr": 0.02, "adamw_lr": 0.0005, "elapsed_time": 412.2151589393616, "prnt": false}
{"event": "training_step", "timestamp": 1782396853.395283, "step": 660, "max_steps": 1883, "loss": 5.738378524780273, "lr": 0.02, "adamw_lr": 0.0005, "elapsed_time": 412.7913308143616, "prnt": false}
{"event": "training_step", "timestamp": 1782396853.969962, "step": 661, "max_steps": 1883, "loss": 5.778199195861816, "lr": 0.02, "adamw_lr": 0.0005, "elapsed_time": 413.3660099506378, "prnt": false}
{"event": "training_step", "timestamp": 1782396854.553785, "step": 662, "max_steps": 1883, "loss": 5.74581241607666, "lr": 0.02, "adamw_lr": 0.0005, "elapsed_time": 413.94983291625977, "prnt": false}
{"event": "training_step", "timestamp": 1782396855.122831, "step": 663, "max_steps": 1883, "loss": 5.791886329650879, "lr": 0.02, "adamw_lr": 0.0005, "elapsed_time": 414.5188798904419, "prnt": false}
{"event": "training_step", "timestamp": 1782396855.7114098, "step": 664, "max_steps": 1883, "loss": 5.695904731750488, "lr": 0.02, "adamw_lr": 0.0005, "elapsed_time": 415.107458114624, "prnt": false}
{"event": "training_step", "timestamp": 1782396856.2967832, "step": 665, "max_steps": 1883, "loss": 5.628436088562012, "lr": 0.02, "adamw_lr": 0.0005, "elapsed_time": 415.692831993103, "prnt": false}
{"event": "training_step", "timestamp": 1782396856.869385, "step": 666, "max_steps": 1883, "loss": 5.663606643676758, "lr": 0.02, "adamw_lr": 0.0005, "elapsed_time": 416.26543283462524, "prnt": false}
{"event": "training_step", "timestamp": 1782396857.4574249, "step": 667, "max_steps": 1883, "loss": 5.691985607147217, "lr": 0.02, "adamw_lr": 0.0005, "elapsed_time": 416.85347414016724, "prnt": false}
{"event": "training_step", "timestamp": 1782396858.0383449, "step": 668, "max_steps": 1883, "loss": 5.6123809814453125, "lr": 0.02, "adamw_lr": 0.0005, "elapsed_time": 417.43439292907715, "prnt": false}
{"event": "training_step", "timestamp": 1782396858.619107, "step": 669, "max_steps": 1883, "loss": 5.591668128967285, "lr": 0.02, "adamw_lr": 0.0005, "elapsed_time": 418.015154838562, "prnt": false}
{"event": "training_step", "timestamp": 1782396859.2084742, "step": 670, "max_steps": 1883, "loss": 5.591737747192383, "lr": 0.02, "adamw_lr": 0.0005, "elapsed_time": 418.6045219898224, "prnt": false}
{"event": "training_step", "timestamp": 1782396859.796741, "step": 671, "max_steps": 1883, "loss": 5.632874488830566, "lr": 0.02, "adamw_lr": 0.0005, "elapsed_time": 419.1927900314331, "prnt": false}
{"event": "training_step", "timestamp": 1782396860.381119, "step": 672, "max_steps": 1883, "loss": 5.661773204803467, "lr": 0.02, "adamw_lr": 0.0005, "elapsed_time": 419.7771668434143, "prnt": false}
{"event": "training_step", "timestamp": 1782396860.957914, "step": 673, "max_steps": 1883, "loss": 5.527568817138672, "lr": 0.02, "adamw_lr": 0.0005, "elapsed_time": 420.3539628982544, "prnt": false}
{"event": "training_step", "timestamp": 1782396861.528352, "step": 674, "max_steps": 1883, "loss": 5.6362409591674805, "lr": 0.02, "adamw_lr": 0.0005, "elapsed_time": 420.924400806427, "prnt": false}
{"event": "training_step", "timestamp": 1782396862.109013, "step": 675, "max_steps": 1883, "loss": 5.675652980804443, "lr": 0.02, "adamw_lr": 0.0005, "elapsed_time": 421.5050609111786, "prnt": false}
{"event": "training_step", "timestamp": 1782396862.694182, "step": 676, "max_steps": 1883, "loss": 5.685345649719238, "lr": 0.02, "adamw_lr": 0.0005, "elapsed_time": 422.09022998809814, "prnt": false}
{"event": "training_step", "timestamp": 1782396863.273084, "step": 677, "max_steps": 1883, "loss": 5.643167018890381, "lr": 0.02, "adamw_lr": 0.0005, "elapsed_time": 422.66913199424744, "prnt": false}
{"event": "training_step", "timestamp": 1782396863.853566, "step": 678, "max_steps": 1883, "loss": 5.61043643951416, "lr": 0.02, "adamw_lr": 0.0005, "elapsed_time": 423.2496147155762, "prnt": false}
{"event": "training_step", "timestamp": 1782396864.429217, "step": 679, "max_steps": 1883, "loss": 5.5741472244262695, "lr": 0.02, "adamw_lr": 0.0005, "elapsed_time": 423.8252649307251, "prnt": false}
{"event": "training_step", "timestamp": 1782396865.010729, "step": 680, "max_steps": 1883, "loss": 5.723721981048584, "lr": 0.02, "adamw_lr": 0.0005, "elapsed_time": 424.4067769050598, "prnt": false}
{"event": "training_step", "timestamp": 1782396865.593662, "step": 681, "max_steps": 1883, "loss": 5.665826320648193, "lr": 0.02, "adamw_lr": 0.0005, "elapsed_time": 424.989709854126, "prnt": false}
{"event": "training_step", "timestamp": 1782396866.169651, "step": 682, "max_steps": 1883, "loss": 5.619998931884766, "lr": 0.02, "adamw_lr": 0.0005, "elapsed_time": 425.5656998157501, "prnt": false}
{"event": "training_step", "timestamp": 1782396866.75208, "step": 683, "max_steps": 1883, "loss": 5.559033393859863, "lr": 0.02, "adamw_lr": 0.0005, "elapsed_time": 426.14812898635864, "prnt": false}
{"event": "training_step", "timestamp": 1782396867.330128, "step": 684, "max_steps": 1883, "loss": 5.54427433013916, "lr": 0.02, "adamw_lr": 0.0005, "elapsed_time": 426.7261769771576, "prnt": false}
{"event": "training_step", "timestamp": 1782396867.91586, "step": 685, "max_steps": 1883, "loss": 5.580265522003174, "lr": 0.02, "adamw_lr": 0.0005, "elapsed_time": 427.3119077682495, "prnt": false}
{"event": "training_step", "timestamp": 1782396868.4997911, "step": 686, "max_steps": 1883, "loss": 5.642607688903809, "lr": 0.02, "adamw_lr": 0.0005, "elapsed_time": 427.8958389759064, "prnt": false}
{"event": "training_step", "timestamp": 1782396869.080066, "step": 687, "max_steps": 1883, "loss": 5.704774856567383, "lr": 0.02, "adamw_lr": 0.0005, "elapsed_time": 428.4761097431183, "prnt": false}
{"event": "training_step", "timestamp": 1782396869.658435, "step": 688, "max_steps": 1883, "loss": 5.6785125732421875, "lr": 0.02, "adamw_lr": 0.0005, "elapsed_time": 429.0544819831848, "prnt": false}
{"event": "training_step", "timestamp": 1782396870.243592, "step": 689, "max_steps": 1883, "loss": 5.621600151062012, "lr": 0.02, "adamw_lr": 0.0005, "elapsed_time": 429.63964080810547, "prnt": false}
{"event": "training_step", "timestamp": 1782396870.828634, "step": 690, "max_steps": 1883, "loss": 5.647313117980957, "lr": 0.02, "adamw_lr": 0.0005, "elapsed_time": 430.22468090057373, "prnt": false}
{"event": "training_step", "timestamp": 1782396871.419838, "step": 691, "max_steps": 1883, "loss": 5.641333103179932, "lr": 0.02, "adamw_lr": 0.0005, "elapsed_time": 430.8158857822418, "prnt": false}
{"event": "training_step", "timestamp": 1782396872.019361, "step": 692, "max_steps": 1883, "loss": 5.613193988800049, "lr": 0.02, "adamw_lr": 0.0005, "elapsed_time": 431.41540789604187, "prnt": false}
{"event": "training_step", "timestamp": 1782396872.6164951, "step": 693, "max_steps": 1883, "loss": 5.7159504890441895, "lr": 0.02, "adamw_lr": 0.0005, "elapsed_time": 432.01254296302795, "prnt": false}
{"event": "training_step", "timestamp": 1782396873.186332, "step": 694, "max_steps": 1883, "loss": 5.600139141082764, "lr": 0.02, "adamw_lr": 0.0005, "elapsed_time": 432.5823791027069, "prnt": false}
{"event": "training_step", "timestamp": 1782396873.740181, "step": 695, "max_steps": 1883, "loss": 5.682507514953613, "lr": 0.02, "adamw_lr": 0.0005, "elapsed_time": 433.13622784614563, "prnt": false}
{"event": "training_step", "timestamp": 1782396874.3133671, "step": 696, "max_steps": 1883, "loss": 5.646257400512695, "lr": 0.02, "adamw_lr": 0.0005, "elapsed_time": 433.7094159126282, "prnt": false}
{"event": "training_step", "timestamp": 1782396874.900893, "step": 697, "max_steps": 1883, "loss": 5.564454078674316, "lr": 0.02, "adamw_lr": 0.0005, "elapsed_time": 434.2969400882721, "prnt": false}
{"event": "training_step", "timestamp": 1782396875.4822972, "step": 698, "max_steps": 1883, "loss": 5.609267234802246, "lr": 0.02, "adamw_lr": 0.0005, "elapsed_time": 434.8783450126648, "prnt": false}
{"event": "training_step", "timestamp": 1782396876.063873, "step": 699, "max_steps": 1883, "loss": 5.628694534301758, "lr": 0.02, "adamw_lr": 0.0005, "elapsed_time": 435.4599208831787, "prnt": false}
{"event": "training_step", "timestamp": 1782396876.644278, "step": 700, "max_steps": 1883, "loss": 5.610958099365234, "lr": 0.02, "adamw_lr": 0.0005, "elapsed_time": 436.04032588005066, "prnt": false}
{"event": "training_step", "timestamp": 1782396877.212755, "step": 701, "max_steps": 1883, "loss": 5.6389360427856445, "lr": 0.02, "adamw_lr": 0.0005, "elapsed_time": 436.60880279541016, "prnt": false}
{"event": "training_step", "timestamp": 1782396877.794653, "step": 702, "max_steps": 1883, "loss": 5.503030776977539, "lr": 0.02, "adamw_lr": 0.0005, "elapsed_time": 437.190701007843, "prnt": false}
{"event": "training_step", "timestamp": 1782396878.367153, "step": 703, "max_steps": 1883, "loss": 5.712828159332275, "lr": 0.02, "adamw_lr": 0.0005, "elapsed_time": 437.7632009983063, "prnt": false}
{"event": "training_step", "timestamp": 1782396878.9487302, "step": 704, "max_steps": 1883, "loss": 5.575559616088867, "lr": 0.02, "adamw_lr": 0.0005, "elapsed_time": 438.3447780609131, "prnt": false}
{"event": "training_step", "timestamp": 1782396879.525194, "step": 705, "max_steps": 1883, "loss": 5.627732276916504, "lr": 0.02, "adamw_lr": 0.0005, "elapsed_time": 438.9212417602539, "prnt": false}
{"event": "training_step", "timestamp": 1782396880.10523, "step": 706, "max_steps": 1883, "loss": 5.5342864990234375, "lr": 0.02, "adamw_lr": 0.0005, "elapsed_time": 439.5012757778168, "prnt": false}
{"event": "training_step", "timestamp": 1782396880.701854, "step": 707, "max_steps": 1883, "loss": 5.631220817565918, "lr": 0.02, "adamw_lr": 0.0005, "elapsed_time": 440.0979018211365, "prnt": false}
{"event": "training_step", "timestamp": 1782396881.284387, "step": 708, "max_steps": 1883, "loss": 5.630919456481934, "lr": 0.02, "adamw_lr": 0.0005, "elapsed_time": 440.6804349422455, "prnt": false}
{"event": "training_step", "timestamp": 1782396881.868109, "step": 709, "max_steps": 1883, "loss": 5.569545745849609, "lr": 0.02, "adamw_lr": 0.0005, "elapsed_time": 441.2641568183899, "prnt": false}
{"event": "training_step", "timestamp": 1782396882.4462998, "step": 710, "max_steps": 1883, "loss": 5.684459209442139, "lr": 0.02, "adamw_lr": 0.0005, "elapsed_time": 441.8423480987549, "prnt": false}
{"event": "training_step", "timestamp": 1782396883.0468311, "step": 711, "max_steps": 1883, "loss": 5.645519256591797, "lr": 0.02, "adamw_lr": 0.0005, "elapsed_time": 442.4428789615631, "prnt": false}
{"event": "training_step", "timestamp": 1782396883.622399, "step": 712, "max_steps": 1883, "loss": 5.572242736816406, "lr": 0.02, "adamw_lr": 0.0005, "elapsed_time": 443.01844573020935, "prnt": false}
{"event": "validation_step", "timestamp": 1782396888.1175292, "step": 712, "max_steps": 1883, "loss": 1.22816130099922, "ema": true, "elapsed_time": 443.01844573020935}
{"event": "training_step", "timestamp": 1782396888.601373, "step": 713, "max_steps": 1883, "loss": 5.5085248947143555, "lr": 0.02, "adamw_lr": 0.0005, "elapsed_time": 447.99742102622986, "prnt": false}
{"event": "training_step", "timestamp": 1782396889.198791, "step": 714, "max_steps": 1883, "loss": 5.612917423248291, "lr": 0.02, "adamw_lr": 0.0005, "elapsed_time": 448.59484004974365, "prnt": false}
{"event": "training_step", "timestamp": 1782396889.7754722, "step": 715, "max_steps": 1883, "loss": 5.529671669006348, "lr": 0.02, "adamw_lr": 0.0005, "elapsed_time": 449.1715199947357, "prnt": false}
{"event": "training_step", "timestamp": 1782396890.355948, "step": 716, "max_steps": 1883, "loss": 5.568163871765137, "lr": 0.02, "adamw_lr": 0.0005, "elapsed_time": 449.75199484825134, "prnt": false}
{"event": "training_step", "timestamp": 1782396890.925662, "step": 717, "max_steps": 1883, "loss": 5.682914733886719, "lr": 0.02, "adamw_lr": 0.0005, "elapsed_time": 450.32171082496643, "prnt": false}
{"event": "training_step", "timestamp": 1782396891.489873, "step": 718, "max_steps": 1883, "loss": 5.621890544891357, "lr": 0.02, "adamw_lr": 0.0005, "elapsed_time": 450.88592195510864, "prnt": false}
{"event": "training_step", "timestamp": 1782396892.066575, "step": 719, "max_steps": 1883, "loss": 5.6351423263549805, "lr": 0.02, "adamw_lr": 0.0005, "elapsed_time": 451.46262288093567, "prnt": false}
{"event": "training_step", "timestamp": 1782396892.635464, "step": 720, "max_steps": 1883, "loss": 5.4552483558654785, "lr": 0.02, "adamw_lr": 0.0005, "elapsed_time": 452.03151273727417, "prnt": false}
{"event": "training_step", "timestamp": 1782396893.202389, "step": 721, "max_steps": 1883, "loss": 5.57130241394043, "lr": 0.02, "adamw_lr": 0.0005, "elapsed_time": 452.598436832428, "prnt": false}
{"event": "training_step", "timestamp": 1782396893.783217, "step": 722, "max_steps": 1883, "loss": 5.516261577606201, "lr": 0.02, "adamw_lr": 0.0005, "elapsed_time": 453.1792619228363, "prnt": false}
{"event": "training_step", "timestamp": 1782396894.360516, "step": 723, "max_steps": 1883, "loss": 5.632033824920654, "lr": 0.02, "adamw_lr": 0.0005, "elapsed_time": 453.75656390190125, "prnt": false}
{"event": "training_step", "timestamp": 1782396894.938119, "step": 724, "max_steps": 1883, "loss": 5.49562406539917, "lr": 0.02, "adamw_lr": 0.0005, "elapsed_time": 454.3341670036316, "prnt": false}
{"event": "training_step", "timestamp": 1782396895.505002, "step": 725, "max_steps": 1883, "loss": 5.6020355224609375, "lr": 0.02, "adamw_lr": 0.0005, "elapsed_time": 454.9010498523712, "prnt": false}
{"event": "training_step", "timestamp": 1782396896.074636, "step": 726, "max_steps": 1883, "loss": 5.570894241333008, "lr": 0.02, "adamw_lr": 0.0005, "elapsed_time": 455.4706838130951, "prnt": false}
{"event": "training_step", "timestamp": 1782396896.638279, "step": 727, "max_steps": 1883, "loss": 5.582550048828125, "lr": 0.02, "adamw_lr": 0.0005, "elapsed_time": 456.0343270301819, "prnt": false}
{"event": "training_step", "timestamp": 1782396897.201592, "step": 728, "max_steps": 1883, "loss": 5.512450695037842, "lr": 0.02, "adamw_lr": 0.0005, "elapsed_time": 456.5976388454437, "prnt": false}
{"event": "training_step", "timestamp": 1782396897.7761788, "step": 729, "max_steps": 1883, "loss": 5.723021507263184, "lr": 0.02, "adamw_lr": 0.0005, "elapsed_time": 457.17222785949707, "prnt": false}
{"event": "training_step", "timestamp": 1782396898.337447, "step": 730, "max_steps": 1883, "loss": 5.679014205932617, "lr": 0.02, "adamw_lr": 0.0005, "elapsed_time": 457.73349499702454, "prnt": false}
{"event": "training_step", "timestamp": 1782396898.907399, "step": 731, "max_steps": 1883, "loss": 5.5338850021362305, "lr": 0.02, "adamw_lr": 0.0005, "elapsed_time": 458.30344700813293, "prnt": false}
{"event": "training_step", "timestamp": 1782396899.4750988, "step": 732, "max_steps": 1883, "loss": 5.662152290344238, "lr": 0.02, "adamw_lr": 0.0005, "elapsed_time": 458.87114691734314, "prnt": false}
{"event": "training_step", "timestamp": 1782396900.0499442, "step": 733, "max_steps": 1883, "loss": 5.582048416137695, "lr": 0.02, "adamw_lr": 0.0005, "elapsed_time": 459.44599199295044, "prnt": false}
{"event": "training_step", "timestamp": 1782396900.61753, "step": 734, "max_steps": 1883, "loss": 5.552891254425049, "lr": 0.02, "adamw_lr": 0.0005, "elapsed_time": 460.01357889175415, "prnt": false}
{"event": "training_step", "timestamp": 1782396901.1790972, "step": 735, "max_steps": 1883, "loss": 5.632578372955322, "lr": 0.02, "adamw_lr": 0.0005, "elapsed_time": 460.5751459598541, "prnt": false}
{"event": "training_step", "timestamp": 1782396901.7482948, "step": 736, "max_steps": 1883, "loss": 5.624434471130371, "lr": 0.02, "adamw_lr": 0.0005, "elapsed_time": 461.1443431377411, "prnt": false}
{"event": "training_step", "timestamp": 1782396902.318524, "step": 737, "max_steps": 1883, "loss": 5.527807235717773, "lr": 0.02, "adamw_lr": 0.0005, "elapsed_time": 461.7145719528198, "prnt": false}
{"event": "training_step", "timestamp": 1782396902.8945112, "step": 738, "max_steps": 1883, "loss": 5.637762546539307, "lr": 0.02, "adamw_lr": 0.0005, "elapsed_time": 462.290559053421, "prnt": false}
{"event": "training_step", "timestamp": 1782396903.4687831, "step": 739, "max_steps": 1883, "loss": 5.609066963195801, "lr": 0.02, "adamw_lr": 0.0005, "elapsed_time": 462.86483097076416, "prnt": false}
{"event": "training_step", "timestamp": 1782396904.031001, "step": 740, "max_steps": 1883, "loss": 5.605390548706055, "lr": 0.02, "adamw_lr": 0.0005, "elapsed_time": 463.4270489215851, "prnt": false}
{"event": "training_step", "timestamp": 1782396904.6037629, "step": 741, "max_steps": 1883, "loss": 5.535489082336426, "lr": 0.02, "adamw_lr": 0.0005, "elapsed_time": 463.9998118877411, "prnt": false}
{"event": "training_step", "timestamp": 1782396905.170654, "step": 742, "max_steps": 1883, "loss": 5.605151176452637, "lr": 0.02, "adamw_lr": 0.0005, "elapsed_time": 464.5667018890381, "prnt": false}
{"event": "training_step", "timestamp": 1782396905.754518, "step": 743, "max_steps": 1883, "loss": 5.657898426055908, "lr": 0.02, "adamw_lr": 0.0005, "elapsed_time": 465.15056586265564, "prnt": false}
{"event": "training_step", "timestamp": 1782396906.3191009, "step": 744, "max_steps": 1883, "loss": 5.5977020263671875, "lr": 0.02, "adamw_lr": 0.0005, "elapsed_time": 465.71514892578125, "prnt": false}
{"event": "training_step", "timestamp": 1782396906.8985898, "step": 745, "max_steps": 1883, "loss": 5.523127555847168, "lr": 0.02, "adamw_lr": 0.0005, "elapsed_time": 466.2946388721466, "prnt": false}
{"event": "training_step", "timestamp": 1782396907.480353, "step": 746, "max_steps": 1883, "loss": 5.562827110290527, "lr": 0.02, "adamw_lr": 0.0005, "elapsed_time": 466.8764009475708, "prnt": false}
{"event": "training_step", "timestamp": 1782396908.0695329, "step": 747, "max_steps": 1883, "loss": 5.56870174407959, "lr": 0.02, "adamw_lr": 0.0005, "elapsed_time": 467.4655809402466, "prnt": false}
{"event": "training_step", "timestamp": 1782396908.678187, "step": 748, "max_steps": 1883, "loss": 5.570925712585449, "lr": 0.02, "adamw_lr": 0.0005, "elapsed_time": 468.0742349624634, "prnt": false}
{"event": "training_step", "timestamp": 1782396909.270946, "step": 749, "max_steps": 1883, "loss": 5.668072700500488, "lr": 0.02, "adamw_lr": 0.0005, "elapsed_time": 468.66699385643005, "prnt": false}
{"event": "training_step", "timestamp": 1782396909.845433, "step": 750, "max_steps": 1883, "loss": 5.524630546569824, "lr": 0.02, "adamw_lr": 0.0005, "elapsed_time": 469.2414798736572, "prnt": false}
{"event": "training_step", "timestamp": 1782396910.4350421, "step": 751, "max_steps": 1883, "loss": 5.567836761474609, "lr": 0.02, "adamw_lr": 0.0005, "elapsed_time": 469.8310899734497, "prnt": false}
{"event": "training_step", "timestamp": 1782396911.014554, "step": 752, "max_steps": 1883, "loss": 5.649505138397217, "lr": 0.02, "adamw_lr": 0.0005, "elapsed_time": 470.41060090065, "prnt": false}
{"event": "training_step", "timestamp": 1782396911.600975, "step": 753, "max_steps": 1883, "loss": 5.517282485961914, "lr": 0.02, "adamw_lr": 0.0005, "elapsed_time": 470.99702191352844, "prnt": false}
{"event": "training_step", "timestamp": 1782396912.173138, "step": 754, "max_steps": 1883, "loss": 5.554354667663574, "lr": 0.02, "adamw_lr": 0.0005, "elapsed_time": 471.56918501853943, "prnt": false}
{"event": "training_step", "timestamp": 1782396912.751159, "step": 755, "max_steps": 1883, "loss": 5.647691249847412, "lr": 0.02, "adamw_lr": 0.0005, "elapsed_time": 472.1472067832947, "prnt": false}
{"event": "training_step", "timestamp": 1782396913.326459, "step": 756, "max_steps": 1883, "loss": 5.566076278686523, "lr": 0.02, "adamw_lr": 0.0005, "elapsed_time": 472.7225079536438, "prnt": false}
{"event": "training_step", "timestamp": 1782396913.912121, "step": 757, "max_steps": 1883, "loss": 5.538473129272461, "lr": 0.02, "adamw_lr": 0.0005, "elapsed_time": 473.30816888809204, "prnt": false}
{"event": "training_step", "timestamp": 1782396914.4944751, "step": 758, "max_steps": 1883, "loss": 5.605349540710449, "lr": 0.02, "adamw_lr": 0.0005, "elapsed_time": 473.89052391052246, "prnt": false}
{"event": "training_step", "timestamp": 1782396915.0901031, "step": 759, "max_steps": 1883, "loss": 5.503715515136719, "lr": 0.02, "adamw_lr": 0.0005, "elapsed_time": 474.48614978790283, "prnt": false}
{"event": "training_step", "timestamp": 1782396915.676629, "step": 760, "max_steps": 1883, "loss": 5.600214004516602, "lr": 0.02, "adamw_lr": 0.0005, "elapsed_time": 475.07267594337463, "prnt": false}
{"event": "training_step", "timestamp": 1782396916.2505898, "step": 761, "max_steps": 1883, "loss": 5.543012619018555, "lr": 0.02, "adamw_lr": 0.0005, "elapsed_time": 475.646635055542, "prnt": false}
{"event": "training_step", "timestamp": 1782396916.8432891, "step": 762, "max_steps": 1883, "loss": 5.536963939666748, "lr": 0.02, "adamw_lr": 0.0005, "elapsed_time": 476.23933696746826, "prnt": false}
{"event": "training_step", "timestamp": 1782396917.433608, "step": 763, "max_steps": 1883, "loss": 5.458942413330078, "lr": 0.02, "adamw_lr": 0.0005, "elapsed_time": 476.829656124115, "prnt": false}
{"event": "training_step", "timestamp": 1782396918.022654, "step": 764, "max_steps": 1883, "loss": 5.443029403686523, "lr": 0.02, "adamw_lr": 0.0005, "elapsed_time": 477.41870188713074, "prnt": false}
{"event": "training_step", "timestamp": 1782396918.6135051, "step": 765, "max_steps": 1883, "loss": 5.704378128051758, "lr": 0.02, "adamw_lr": 0.0005, "elapsed_time": 478.00955295562744, "prnt": false}
{"event": "training_step", "timestamp": 1782396919.20392, "step": 766, "max_steps": 1883, "loss": 5.528238296508789, "lr": 0.02, "adamw_lr": 0.0005, "elapsed_time": 478.59996795654297, "prnt": false}
{"event": "training_step", "timestamp": 1782396919.798199, "step": 767, "max_steps": 1883, "loss": 5.589696884155273, "lr": 0.02, "adamw_lr": 0.0005, "elapsed_time": 479.19424700737, "prnt": false}
{"event": "training_step", "timestamp": 1782396920.389888, "step": 768, "max_steps": 1883, "loss": 5.589491844177246, "lr": 0.02, "adamw_lr": 0.0005, "elapsed_time": 479.78593587875366, "prnt": false}
{"event": "training_step", "timestamp": 1782396920.976091, "step": 769, "max_steps": 1883, "loss": 5.4774250984191895, "lr": 0.02, "adamw_lr": 0.0005, "elapsed_time": 480.3721389770508, "prnt": false}
{"event": "training_step", "timestamp": 1782396921.569021, "step": 770, "max_steps": 1883, "loss": 5.581074237823486, "lr": 0.02, "adamw_lr": 0.0005, "elapsed_time": 480.96506810188293, "prnt": false}
{"event": "training_step", "timestamp": 1782396922.170367, "step": 771, "max_steps": 1883, "loss": 5.591246604919434, "lr": 0.02, "adamw_lr": 0.0005, "elapsed_time": 481.56641483306885, "prnt": false}
{"event": "training_step", "timestamp": 1782396922.754379, "step": 772, "max_steps": 1883, "loss": 5.5377655029296875, "lr": 0.02, "adamw_lr": 0.0005, "elapsed_time": 482.1504259109497, "prnt": false}
{"event": "training_step", "timestamp": 1782396923.3332381, "step": 773, "max_steps": 1883, "loss": 5.551787376403809, "lr": 0.02, "adamw_lr": 0.0005, "elapsed_time": 482.7292847633362, "prnt": false}
{"event": "training_step", "timestamp": 1782396923.9168158, "step": 774, "max_steps": 1883, "loss": 5.61965274810791, "lr": 0.02, "adamw_lr": 0.0005, "elapsed_time": 483.3128628730774, "prnt": false}
{"event": "training_step", "timestamp": 1782396924.511465, "step": 775, "max_steps": 1883, "loss": 5.514847755432129, "lr": 0.02, "adamw_lr": 0.0005, "elapsed_time": 483.9075129032135, "prnt": false}
{"event": "training_step", "timestamp": 1782396925.0947452, "step": 776, "max_steps": 1883, "loss": 5.540021896362305, "lr": 0.02, "adamw_lr": 0.0005, "elapsed_time": 484.4907920360565, "prnt": false}
{"event": "training_step", "timestamp": 1782396925.6803331, "step": 777, "max_steps": 1883, "loss": 5.592166423797607, "lr": 0.02, "adamw_lr": 0.0005, "elapsed_time": 485.0763809680939, "prnt": false}
{"event": "training_step", "timestamp": 1782396926.261612, "step": 778, "max_steps": 1883, "loss": 5.550710678100586, "lr": 0.02, "adamw_lr": 0.0005, "elapsed_time": 485.6576600074768, "prnt": false}
{"event": "training_step", "timestamp": 1782396926.8338618, "step": 779, "max_steps": 1883, "loss": 5.445487976074219, "lr": 0.02, "adamw_lr": 0.0005, "elapsed_time": 486.2299098968506, "prnt": false}
{"event": "training_step", "timestamp": 1782396927.422446, "step": 780, "max_steps": 1883, "loss": 5.612813472747803, "lr": 0.02, "adamw_lr": 0.0005, "elapsed_time": 486.8184938430786, "prnt": false}
{"event": "training_step", "timestamp": 1782396927.9958742, "step": 781, "max_steps": 1883, "loss": 5.516166687011719, "lr": 0.02, "adamw_lr": 0.0005, "elapsed_time": 487.3919219970703, "prnt": false}
{"event": "training_step", "timestamp": 1782396928.5737338, "step": 782, "max_steps": 1883, "loss": 5.561003684997559, "lr": 0.02, "adamw_lr": 0.0005, "elapsed_time": 487.96978092193604, "prnt": false}
{"event": "training_step", "timestamp": 1782396929.1470358, "step": 783, "max_steps": 1883, "loss": 5.456578731536865, "lr": 0.02, "adamw_lr": 0.0005, "elapsed_time": 488.5430839061737, "prnt": false}
{"event": "training_step", "timestamp": 1782396929.725635, "step": 784, "max_steps": 1883, "loss": 5.485574722290039, "lr": 0.02, "adamw_lr": 0.0005, "elapsed_time": 489.1216838359833, "prnt": false}
{"event": "training_step", "timestamp": 1782396930.293907, "step": 785, "max_steps": 1883, "loss": 5.547881126403809, "lr": 0.02, "adamw_lr": 0.0005, "elapsed_time": 489.68995571136475, "prnt": false}
{"event": "training_step", "timestamp": 1782396930.862538, "step": 786, "max_steps": 1883, "loss": 5.574276924133301, "lr": 0.02, "adamw_lr": 0.0005, "elapsed_time": 490.2585847377777, "prnt": false}
{"event": "training_step", "timestamp": 1782396931.437883, "step": 787, "max_steps": 1883, "loss": 5.521873474121094, "lr": 0.02, "adamw_lr": 0.0005, "elapsed_time": 490.8339319229126, "prnt": false}
{"event": "training_step", "timestamp": 1782396932.019264, "step": 788, "max_steps": 1883, "loss": 5.5138726234436035, "lr": 0.02, "adamw_lr": 0.0005, "elapsed_time": 491.4153118133545, "prnt": false}
{"event": "training_step", "timestamp": 1782396932.6001978, "step": 789, "max_steps": 1883, "loss": 5.593703746795654, "lr": 0.02, "adamw_lr": 0.0005, "elapsed_time": 491.99624609947205, "prnt": false}
{"event": "training_step", "timestamp": 1782396933.1806889, "step": 790, "max_steps": 1883, "loss": 5.414573669433594, "lr": 0.02, "adamw_lr": 0.0005, "elapsed_time": 492.57673692703247, "prnt": false}
{"event": "training_step", "timestamp": 1782396933.764009, "step": 791, "max_steps": 1883, "loss": 5.597629547119141, "lr": 0.02, "adamw_lr": 0.0005, "elapsed_time": 493.1600568294525, "prnt": false}
{"event": "training_step", "timestamp": 1782396934.3466911, "step": 792, "max_steps": 1883, "loss": 5.554329872131348, "lr": 0.02, "adamw_lr": 0.0005, "elapsed_time": 493.74273896217346, "prnt": false}
{"event": "training_step", "timestamp": 1782396934.919747, "step": 793, "max_steps": 1883, "loss": 5.576230049133301, "lr": 0.02, "adamw_lr": 0.0005, "elapsed_time": 494.31579399108887, "prnt": false}
{"event": "training_step", "timestamp": 1782396935.4919739, "step": 794, "max_steps": 1883, "loss": 5.500274658203125, "lr": 0.02, "adamw_lr": 0.0005, "elapsed_time": 494.88802194595337, "prnt": false}
{"event": "training_step", "timestamp": 1782396936.070963, "step": 795, "max_steps": 1883, "loss": 5.540251731872559, "lr": 0.02, "adamw_lr": 0.0005, "elapsed_time": 495.4670090675354, "prnt": false}
{"event": "training_step", "timestamp": 1782396936.653887, "step": 796, "max_steps": 1883, "loss": 5.571475028991699, "lr": 0.02, "adamw_lr": 0.0005, "elapsed_time": 496.0499339103699, "prnt": false}
{"event": "training_step", "timestamp": 1782396937.222971, "step": 797, "max_steps": 1883, "loss": 5.5251874923706055, "lr": 0.02, "adamw_lr": 0.0005, "elapsed_time": 496.61901903152466, "prnt": false}
{"event": "training_step", "timestamp": 1782396937.8131142, "step": 798, "max_steps": 1883, "loss": 5.66514253616333, "lr": 0.02, "adamw_lr": 0.0005, "elapsed_time": 497.20916199684143, "prnt": false}
{"event": "training_step", "timestamp": 1782396938.3888772, "step": 799, "max_steps": 1883, "loss": 5.481905460357666, "lr": 0.02, "adamw_lr": 0.0005, "elapsed_time": 497.78492498397827, "prnt": false}
{"event": "training_step", "timestamp": 1782396938.981893, "step": 800, "max_steps": 1883, "loss": 5.529451847076416, "lr": 0.02, "adamw_lr": 0.0005, "elapsed_time": 498.3779408931732, "prnt": false}
{"event": "training_step", "timestamp": 1782396939.582498, "step": 801, "max_steps": 1883, "loss": 5.5231499671936035, "lr": 0.02, "adamw_lr": 0.0005, "elapsed_time": 498.97854590415955, "prnt": false}
{"event": "validation_step", "timestamp": 1782396944.1430552, "step": 801, "max_steps": 1883, "loss": 1.2150481783967295, "ema": true, "elapsed_time": 498.97854590415955}
{"event": "training_step", "timestamp": 1782396944.634194, "step": 802, "max_steps": 1883, "loss": 5.583245277404785, "lr": 0.02, "adamw_lr": 0.0005, "elapsed_time": 504.03024101257324, "prnt": false}
{"event": "training_step", "timestamp": 1782396945.241297, "step": 803, "max_steps": 1883, "loss": 5.548927307128906, "lr": 0.02, "adamw_lr": 0.0005, "elapsed_time": 504.6373450756073, "prnt": false}
{"event": "training_step", "timestamp": 1782396945.8182158, "step": 804, "max_steps": 1883, "loss": 5.469588279724121, "lr": 0.02, "adamw_lr": 0.0005, "elapsed_time": 505.2142629623413, "prnt": false}
{"event": "training_step", "timestamp": 1782396946.383857, "step": 805, "max_steps": 1883, "loss": 5.52107048034668, "lr": 0.02, "adamw_lr": 0.0005, "elapsed_time": 505.7799050807953, "prnt": false}
{"event": "training_step", "timestamp": 1782396946.961958, "step": 806, "max_steps": 1883, "loss": 5.522964000701904, "lr": 0.02, "adamw_lr": 0.0005, "elapsed_time": 506.3580050468445, "prnt": false}
{"event": "training_step", "timestamp": 1782396947.5336509, "step": 807, "max_steps": 1883, "loss": 5.4874396324157715, "lr": 0.02, "adamw_lr": 0.0005, "elapsed_time": 506.9296998977661, "prnt": false}
{"event": "training_step", "timestamp": 1782396948.119603, "step": 808, "max_steps": 1883, "loss": 5.591345310211182, "lr": 0.02, "adamw_lr": 0.0005, "elapsed_time": 507.5156509876251, "prnt": false}
{"event": "training_step", "timestamp": 1782396948.7103949, "step": 809, "max_steps": 1883, "loss": 5.524486541748047, "lr": 0.02, "adamw_lr": 0.0005, "elapsed_time": 508.1064429283142, "prnt": false}
{"event": "training_step", "timestamp": 1782396949.285974, "step": 810, "max_steps": 1883, "loss": 5.465113162994385, "lr": 0.02, "adamw_lr": 0.0005, "elapsed_time": 508.68202090263367, "prnt": false}
{"event": "training_step", "timestamp": 1782396949.875505, "step": 811, "max_steps": 1883, "loss": 5.499317169189453, "lr": 0.02, "adamw_lr": 0.0005, "elapsed_time": 509.27155208587646, "prnt": false}
{"event": "training_step", "timestamp": 1782396950.4617732, "step": 812, "max_steps": 1883, "loss": 5.47110652923584, "lr": 0.02, "adamw_lr": 0.0005, "elapsed_time": 509.85782194137573, "prnt": false}
{"event": "training_step", "timestamp": 1782396951.052211, "step": 813, "max_steps": 1883, "loss": 5.467263698577881, "lr": 0.02, "adamw_lr": 0.0005, "elapsed_time": 510.4482591152191, "prnt": false}
{"event": "training_step", "timestamp": 1782396951.658313, "step": 814, "max_steps": 1883, "loss": 5.557755470275879, "lr": 0.02, "adamw_lr": 0.0005, "elapsed_time": 511.0543601512909, "prnt": false}
{"event": "training_step", "timestamp": 1782396952.2282062, "step": 815, "max_steps": 1883, "loss": 5.493279457092285, "lr": 0.02, "adamw_lr": 0.0005, "elapsed_time": 511.6242527961731, "prnt": false}
{"event": "training_step", "timestamp": 1782396952.804906, "step": 816, "max_steps": 1883, "loss": 5.461849689483643, "lr": 0.02, "adamw_lr": 0.0005, "elapsed_time": 512.2009520530701, "prnt": false}
{"event": "training_step", "timestamp": 1782396953.3939798, "step": 817, "max_steps": 1883, "loss": 5.5003981590271, "lr": 0.02, "adamw_lr": 0.0005, "elapsed_time": 512.7900280952454, "prnt": false}
{"event": "training_step", "timestamp": 1782396953.977859, "step": 818, "max_steps": 1883, "loss": 5.447470664978027, "lr": 0.02, "adamw_lr": 0.0005, "elapsed_time": 513.3739058971405, "prnt": false}
{"event": "training_step", "timestamp": 1782396954.553024, "step": 819, "max_steps": 1883, "loss": 5.5836029052734375, "lr": 0.02, "adamw_lr": 0.0005, "elapsed_time": 513.949070930481, "prnt": false}
{"event": "training_step", "timestamp": 1782396955.12624, "step": 820, "max_steps": 1883, "loss": 5.448958396911621, "lr": 0.02, "adamw_lr": 0.0005, "elapsed_time": 514.5222878456116, "prnt": false}
{"event": "training_step", "timestamp": 1782396955.681747, "step": 821, "max_steps": 1883, "loss": 5.492154121398926, "lr": 0.02, "adamw_lr": 0.0005, "elapsed_time": 515.077794790268, "prnt": false}
{"event": "training_step", "timestamp": 1782396956.2515619, "step": 822, "max_steps": 1883, "loss": 5.564060211181641, "lr": 0.02, "adamw_lr": 0.0005, "elapsed_time": 515.6476099491119, "prnt": false}
{"event": "training_step", "timestamp": 1782396956.823093, "step": 823, "max_steps": 1883, "loss": 5.577370643615723, "lr": 0.02, "adamw_lr": 0.0005, "elapsed_time": 516.2191407680511, "prnt": false}
{"event": "training_step", "timestamp": 1782396957.4011421, "step": 824, "max_steps": 1883, "loss": 5.5385355949401855, "lr": 0.02, "adamw_lr": 0.0005, "elapsed_time": 516.797189950943, "prnt": false}
{"event": "training_step", "timestamp": 1782396957.9706361, "step": 825, "max_steps": 1883, "loss": 5.4297709465026855, "lr": 0.02, "adamw_lr": 0.0005, "elapsed_time": 517.3666849136353, "prnt": false}
{"event": "training_step", "timestamp": 1782396958.540582, "step": 826, "max_steps": 1883, "loss": 5.485339164733887, "lr": 0.02, "adamw_lr": 0.0005, "elapsed_time": 517.9366300106049, "prnt": false}
{"event": "training_step", "timestamp": 1782396959.1178691, "step": 827, "max_steps": 1883, "loss": 5.519418716430664, "lr": 0.02, "adamw_lr": 0.0005, "elapsed_time": 518.5139169692993, "prnt": false}
{"event": "training_step", "timestamp": 1782396959.693089, "step": 828, "max_steps": 1883, "loss": 5.45060920715332, "lr": 0.02, "adamw_lr": 0.0005, "elapsed_time": 519.089136838913, "prnt": false}
{"event": "training_step", "timestamp": 1782396960.258739, "step": 829, "max_steps": 1883, "loss": 5.444333076477051, "lr": 0.02, "adamw_lr": 0.0005, "elapsed_time": 519.6547870635986, "prnt": false}
{"event": "training_step", "timestamp": 1782396960.837127, "step": 830, "max_steps": 1883, "loss": 5.458955764770508, "lr": 0.02, "adamw_lr": 0.0005, "elapsed_time": 520.2331759929657, "prnt": false}
{"event": "training_step", "timestamp": 1782396961.400439, "step": 831, "max_steps": 1883, "loss": 5.525801181793213, "lr": 0.02, "adamw_lr": 0.0005, "elapsed_time": 520.7964878082275, "prnt": false}
{"event": "training_step", "timestamp": 1782396961.96425, "step": 832, "max_steps": 1883, "loss": 5.423877716064453, "lr": 0.02, "adamw_lr": 0.0005, "elapsed_time": 521.3602979183197, "prnt": false}
{"event": "training_step", "timestamp": 1782396962.536526, "step": 833, "max_steps": 1883, "loss": 5.508453845977783, "lr": 0.02, "adamw_lr": 0.0005, "elapsed_time": 521.9325740337372, "prnt": false}
{"event": "training_step", "timestamp": 1782396963.1165068, "step": 834, "max_steps": 1883, "loss": 5.551753997802734, "lr": 0.02, "adamw_lr": 0.0005, "elapsed_time": 522.5125548839569, "prnt": false}
{"event": "training_step", "timestamp": 1782396963.689121, "step": 835, "max_steps": 1883, "loss": 5.4091010093688965, "lr": 0.02, "adamw_lr": 0.0005, "elapsed_time": 523.085168838501, "prnt": false}
{"event": "training_step", "timestamp": 1782396964.25298, "step": 836, "max_steps": 1883, "loss": 5.477426528930664, "lr": 0.02, "adamw_lr": 0.0005, "elapsed_time": 523.6490278244019, "prnt": false}
{"event": "training_step", "timestamp": 1782396964.8282151, "step": 837, "max_steps": 1883, "loss": 5.449182033538818, "lr": 0.02, "adamw_lr": 0.0005, "elapsed_time": 524.2242629528046, "prnt": false}
{"event": "training_step", "timestamp": 1782396965.407566, "step": 838, "max_steps": 1883, "loss": 5.502042770385742, "lr": 0.02, "adamw_lr": 0.0005, "elapsed_time": 524.8036139011383, "prnt": false}
{"event": "training_step", "timestamp": 1782396965.98414, "step": 839, "max_steps": 1883, "loss": 5.5113325119018555, "lr": 0.02, "adamw_lr": 0.0005, "elapsed_time": 525.3801879882812, "prnt": false}
{"event": "training_step", "timestamp": 1782396966.5643451, "step": 840, "max_steps": 1883, "loss": 5.56020450592041, "lr": 0.02, "adamw_lr": 0.0005, "elapsed_time": 525.9603939056396, "prnt": false}
{"event": "training_step", "timestamp": 1782396967.148591, "step": 841, "max_steps": 1883, "loss": 5.397313594818115, "lr": 0.02, "adamw_lr": 0.0005, "elapsed_time": 526.5446388721466, "prnt": false}
{"event": "training_step", "timestamp": 1782396967.7382169, "step": 842, "max_steps": 1883, "loss": 5.499059200286865, "lr": 0.02, "adamw_lr": 0.0005, "elapsed_time": 527.1342639923096, "prnt": false}
{"event": "training_step", "timestamp": 1782396968.3355021, "step": 843, "max_steps": 1883, "loss": 5.487723350524902, "lr": 0.02, "adamw_lr": 0.0005, "elapsed_time": 527.7315499782562, "prnt": false}
{"event": "training_step", "timestamp": 1782396968.927456, "step": 844, "max_steps": 1883, "loss": 5.433113098144531, "lr": 0.02, "adamw_lr": 0.0005, "elapsed_time": 528.3235039710999, "prnt": false}
{"event": "training_step", "timestamp": 1782396969.50836, "step": 845, "max_steps": 1883, "loss": 5.50822639465332, "lr": 0.02, "adamw_lr": 0.0005, "elapsed_time": 528.9044079780579, "prnt": false}
{"event": "training_step", "timestamp": 1782396970.1040618, "step": 846, "max_steps": 1883, "loss": 5.5076494216918945, "lr": 0.02, "adamw_lr": 0.0005, "elapsed_time": 529.500109910965, "prnt": false}
{"event": "training_step", "timestamp": 1782396970.689452, "step": 847, "max_steps": 1883, "loss": 5.472629547119141, "lr": 0.02, "adamw_lr": 0.0005, "elapsed_time": 530.0855000019073, "prnt": false}
{"event": "training_step", "timestamp": 1782396971.269136, "step": 848, "max_steps": 1883, "loss": 5.4461212158203125, "lr": 0.02, "adamw_lr": 0.0005, "elapsed_time": 530.6651849746704, "prnt": false}
{"event": "training_step", "timestamp": 1782396971.858233, "step": 849, "max_steps": 1883, "loss": 5.402120590209961, "lr": 0.02, "adamw_lr": 0.0005, "elapsed_time": 531.2542810440063, "prnt": false}
{"event": "training_step", "timestamp": 1782396972.428156, "step": 850, "max_steps": 1883, "loss": 5.4433794021606445, "lr": 0.02, "adamw_lr": 0.0005, "elapsed_time": 531.8242039680481, "prnt": false}
{"event": "training_step", "timestamp": 1782396973.011329, "step": 851, "max_steps": 1883, "loss": 5.496634006500244, "lr": 0.02, "adamw_lr": 0.0005, "elapsed_time": 532.4073767662048, "prnt": false}
{"event": "training_step", "timestamp": 1782396973.585797, "step": 852, "max_steps": 1883, "loss": 5.472838878631592, "lr": 0.02, "adamw_lr": 0.0005, "elapsed_time": 532.9818449020386, "prnt": false}
{"event": "training_step", "timestamp": 1782396974.168965, "step": 853, "max_steps": 1883, "loss": 5.479150295257568, "lr": 0.02, "adamw_lr": 0.0005, "elapsed_time": 533.565013885498, "prnt": false}
{"event": "training_step", "timestamp": 1782396974.752012, "step": 854, "max_steps": 1883, "loss": 5.376551628112793, "lr": 0.02, "adamw_lr": 0.0005, "elapsed_time": 534.1480598449707, "prnt": false}
{"event": "training_step", "timestamp": 1782396975.3361962, "step": 855, "max_steps": 1883, "loss": 5.5442399978637695, "lr": 0.02, "adamw_lr": 0.0005, "elapsed_time": 534.7322428226471, "prnt": false}
{"event": "training_step", "timestamp": 1782396975.9195552, "step": 856, "max_steps": 1883, "loss": 5.536130428314209, "lr": 0.02, "adamw_lr": 0.0005, "elapsed_time": 535.315603017807, "prnt": false}
{"event": "training_step", "timestamp": 1782396976.502573, "step": 857, "max_steps": 1883, "loss": 5.319063186645508, "lr": 0.02, "adamw_lr": 0.0005, "elapsed_time": 535.8986208438873, "prnt": false}
{"event": "training_step", "timestamp": 1782396977.0777621, "step": 858, "max_steps": 1883, "loss": 5.454632759094238, "lr": 0.02, "adamw_lr": 0.0005, "elapsed_time": 536.4738109111786, "prnt": false}
{"event": "training_step", "timestamp": 1782396977.663004, "step": 859, "max_steps": 1883, "loss": 5.468001365661621, "lr": 0.02, "adamw_lr": 0.0005, "elapsed_time": 537.0590529441833, "prnt": false}
{"event": "training_step", "timestamp": 1782396978.234869, "step": 860, "max_steps": 1883, "loss": 5.3752217292785645, "lr": 0.02, "adamw_lr": 0.0005, "elapsed_time": 537.6309168338776, "prnt": false}
{"event": "training_step", "timestamp": 1782396978.808523, "step": 861, "max_steps": 1883, "loss": 5.38494873046875, "lr": 0.02, "adamw_lr": 0.0005, "elapsed_time": 538.2045719623566, "prnt": false}
{"event": "training_step", "timestamp": 1782396979.384904, "step": 862, "max_steps": 1883, "loss": 5.42647647857666, "lr": 0.02, "adamw_lr": 0.0005, "elapsed_time": 538.7809529304504, "prnt": false}
{"event": "training_step", "timestamp": 1782396979.9729311, "step": 863, "max_steps": 1883, "loss": 5.441069602966309, "lr": 0.02, "adamw_lr": 0.0005, "elapsed_time": 539.3689789772034, "prnt": false}
{"event": "training_step", "timestamp": 1782396980.5438762, "step": 864, "max_steps": 1883, "loss": 5.3540215492248535, "lr": 0.02, "adamw_lr": 0.0005, "elapsed_time": 539.9399240016937, "prnt": false}
{"event": "training_step", "timestamp": 1782396981.120948, "step": 865, "max_steps": 1883, "loss": 5.445000648498535, "lr": 0.02, "adamw_lr": 0.0005, "elapsed_time": 540.5169959068298, "prnt": false}
{"event": "training_step", "timestamp": 1782396981.680035, "step": 866, "max_steps": 1883, "loss": 5.420540809631348, "lr": 0.02, "adamw_lr": 0.0005, "elapsed_time": 541.07608294487, "prnt": false}
{"event": "training_step", "timestamp": 1782396982.258343, "step": 867, "max_steps": 1883, "loss": 5.520468711853027, "lr": 0.02, "adamw_lr": 0.0005, "elapsed_time": 541.6543910503387, "prnt": false}
{"event": "training_step", "timestamp": 1782396982.837012, "step": 868, "max_steps": 1883, "loss": 5.504034996032715, "lr": 0.02, "adamw_lr": 0.0005, "elapsed_time": 542.2330598831177, "prnt": false}
{"event": "training_step", "timestamp": 1782396983.4066648, "step": 869, "max_steps": 1883, "loss": 5.36422061920166, "lr": 0.02, "adamw_lr": 0.0005, "elapsed_time": 542.8027138710022, "prnt": false}
{"event": "training_step", "timestamp": 1782396983.987169, "step": 870, "max_steps": 1883, "loss": 5.495265960693359, "lr": 0.02, "adamw_lr": 0.0005, "elapsed_time": 543.3832159042358, "prnt": false}
{"event": "training_step", "timestamp": 1782396984.5723038, "step": 871, "max_steps": 1883, "loss": 5.4490861892700195, "lr": 0.02, "adamw_lr": 0.0005, "elapsed_time": 543.9683520793915, "prnt": false}
{"event": "training_step", "timestamp": 1782396985.157196, "step": 872, "max_steps": 1883, "loss": 5.457798480987549, "lr": 0.02, "adamw_lr": 0.0005, "elapsed_time": 544.5532438755035, "prnt": false}
{"event": "training_step", "timestamp": 1782396985.7253819, "step": 873, "max_steps": 1883, "loss": 5.396807670593262, "lr": 0.02, "adamw_lr": 0.0005, "elapsed_time": 545.1214289665222, "prnt": false}
{"event": "training_step", "timestamp": 1782396986.304906, "step": 874, "max_steps": 1883, "loss": 5.41098165512085, "lr": 0.02, "adamw_lr": 0.0005, "elapsed_time": 545.7009527683258, "prnt": false}
{"event": "training_step", "timestamp": 1782396986.877905, "step": 875, "max_steps": 1883, "loss": 5.325174331665039, "lr": 0.02, "adamw_lr": 0.0005, "elapsed_time": 546.273952960968, "prnt": false}
{"event": "training_step", "timestamp": 1782396987.454987, "step": 876, "max_steps": 1883, "loss": 5.37412691116333, "lr": 0.02, "adamw_lr": 0.0005, "elapsed_time": 546.8510358333588, "prnt": false}
{"event": "training_step", "timestamp": 1782396988.036093, "step": 877, "max_steps": 1883, "loss": 5.393128395080566, "lr": 0.02, "adamw_lr": 0.0005, "elapsed_time": 547.4321417808533, "prnt": false}
{"event": "training_step", "timestamp": 1782396988.6109738, "step": 878, "max_steps": 1883, "loss": 5.483826637268066, "lr": 0.02, "adamw_lr": 0.0005, "elapsed_time": 548.0070219039917, "prnt": false}
{"event": "training_step", "timestamp": 1782396989.178703, "step": 879, "max_steps": 1883, "loss": 5.478118896484375, "lr": 0.02, "adamw_lr": 0.0005, "elapsed_time": 548.5747509002686, "prnt": false}
{"event": "training_step", "timestamp": 1782396989.7403572, "step": 880, "max_steps": 1883, "loss": 5.424983978271484, "lr": 0.02, "adamw_lr": 0.0005, "elapsed_time": 549.1364049911499, "prnt": false}
{"event": "training_step", "timestamp": 1782396990.3063319, "step": 881, "max_steps": 1883, "loss": 5.439000129699707, "lr": 0.02, "adamw_lr": 0.0005, "elapsed_time": 549.702378988266, "prnt": false}
{"event": "training_step", "timestamp": 1782396990.8809721, "step": 882, "max_steps": 1883, "loss": 5.44999885559082, "lr": 0.02, "adamw_lr": 0.0005, "elapsed_time": 550.2770199775696, "prnt": false}
{"event": "training_step", "timestamp": 1782396991.461648, "step": 883, "max_steps": 1883, "loss": 5.493542671203613, "lr": 0.02, "adamw_lr": 0.0005, "elapsed_time": 550.857696056366, "prnt": false}
{"event": "training_step", "timestamp": 1782396992.059665, "step": 884, "max_steps": 1883, "loss": 5.530864715576172, "lr": 0.02, "adamw_lr": 0.0005, "elapsed_time": 551.4557130336761, "prnt": false}
{"event": "training_step", "timestamp": 1782396992.658153, "step": 885, "max_steps": 1883, "loss": 5.3984222412109375, "lr": 0.02, "adamw_lr": 0.0005, "elapsed_time": 552.05420088768, "prnt": false}
{"event": "training_step", "timestamp": 1782396993.2227252, "step": 886, "max_steps": 1883, "loss": 5.448332786560059, "lr": 0.02, "adamw_lr": 0.0005, "elapsed_time": 552.6187720298767, "prnt": false}
{"event": "training_step", "timestamp": 1782396993.792968, "step": 887, "max_steps": 1883, "loss": 5.370053291320801, "lr": 0.02, "adamw_lr": 0.0005, "elapsed_time": 553.1890161037445, "prnt": false}
{"event": "training_step", "timestamp": 1782396994.374867, "step": 888, "max_steps": 1883, "loss": 5.475523471832275, "lr": 0.02, "adamw_lr": 0.0005, "elapsed_time": 553.7709157466888, "prnt": false}
{"event": "training_step", "timestamp": 1782396994.9511209, "step": 889, "max_steps": 1883, "loss": 5.515554904937744, "lr": 0.02, "adamw_lr": 0.0005, "elapsed_time": 554.3471689224243, "prnt": false}
{"event": "training_step", "timestamp": 1782396995.5227761, "step": 890, "max_steps": 1883, "loss": 5.444845199584961, "lr": 0.02, "adamw_lr": 0.0005, "elapsed_time": 554.9188230037689, "prnt": false}
{"event": "validation_step", "timestamp": 1782397000.033689, "step": 890, "max_steps": 1883, "loss": 1.2048074311307808, "ema": true, "elapsed_time": 554.9188230037689}
{"event": "training_step", "timestamp": 1782397000.523297, "step": 891, "max_steps": 1883, "loss": 5.272734642028809, "lr": 0.02, "adamw_lr": 0.0005, "elapsed_time": 559.9193449020386, "prnt": false}
{"event": "training_step", "timestamp": 1782397001.134112, "step": 892, "max_steps": 1883, "loss": 5.444378852844238, "lr": 0.02, "adamw_lr": 0.0005, "elapsed_time": 560.5301609039307, "prnt": false}
{"event": "training_step", "timestamp": 1782397001.703938, "step": 893, "max_steps": 1883, "loss": 5.392662048339844, "lr": 0.02, "adamw_lr": 0.0005, "elapsed_time": 561.0999858379364, "prnt": false}
{"event": "training_step", "timestamp": 1782397002.279597, "step": 894, "max_steps": 1883, "loss": 5.391582489013672, "lr": 0.02, "adamw_lr": 0.0005, "elapsed_time": 561.6756448745728, "prnt": false}
{"event": "training_step", "timestamp": 1782397002.8489, "step": 895, "max_steps": 1883, "loss": 5.366097927093506, "lr": 0.02, "adamw_lr": 0.0005, "elapsed_time": 562.2449479103088, "prnt": false}
{"event": "training_step", "timestamp": 1782397003.42808, "step": 896, "max_steps": 1883, "loss": 5.393558502197266, "lr": 0.02, "adamw_lr": 0.0005, "elapsed_time": 562.824126958847, "prnt": false}
{"event": "training_step", "timestamp": 1782397003.995821, "step": 897, "max_steps": 1883, "loss": 5.404754638671875, "lr": 0.02, "adamw_lr": 0.0005, "elapsed_time": 563.3918688297272, "prnt": false}
{"event": "training_step", "timestamp": 1782397004.572226, "step": 898, "max_steps": 1883, "loss": 5.352500915527344, "lr": 0.02, "adamw_lr": 0.0005, "elapsed_time": 563.9682748317719, "prnt": false}
{"event": "training_step", "timestamp": 1782397005.1528268, "step": 899, "max_steps": 1883, "loss": 5.376278877258301, "lr": 0.02, "adamw_lr": 0.0005, "elapsed_time": 564.5488760471344, "prnt": false}
{"event": "training_step", "timestamp": 1782397005.7249122, "step": 900, "max_steps": 1883, "loss": 5.422825813293457, "lr": 0.02, "adamw_lr": 0.0005, "elapsed_time": 565.1209599971771, "prnt": false}
{"event": "training_step", "timestamp": 1782397006.296164, "step": 901, "max_steps": 1883, "loss": 5.407535552978516, "lr": 0.02, "adamw_lr": 0.0005, "elapsed_time": 565.6922118663788, "prnt": false}
{"event": "training_step", "timestamp": 1782397006.8597188, "step": 902, "max_steps": 1883, "loss": 5.419826507568359, "lr": 0.02, "adamw_lr": 0.0005, "elapsed_time": 566.2557680606842, "prnt": false}
{"event": "training_step", "timestamp": 1782397007.4219651, "step": 903, "max_steps": 1883, "loss": 5.463325500488281, "lr": 0.02, "adamw_lr": 0.0005, "elapsed_time": 566.8180129528046, "prnt": false}
{"event": "training_step", "timestamp": 1782397007.996309, "step": 904, "max_steps": 1883, "loss": 5.330787658691406, "lr": 0.02, "adamw_lr": 0.0005, "elapsed_time": 567.3923568725586, "prnt": false}
{"event": "training_step", "timestamp": 1782397008.563244, "step": 905, "max_steps": 1883, "loss": 5.381854057312012, "lr": 0.02, "adamw_lr": 0.0005, "elapsed_time": 567.959291934967, "prnt": false}
{"event": "training_step", "timestamp": 1782397009.13912, "step": 906, "max_steps": 1883, "loss": 5.521656036376953, "lr": 0.02, "adamw_lr": 0.0005, "elapsed_time": 568.5351679325104, "prnt": false}
{"event": "training_step", "timestamp": 1782397009.720344, "step": 907, "max_steps": 1883, "loss": 5.435947418212891, "lr": 0.02, "adamw_lr": 0.0005, "elapsed_time": 569.1163918972015, "prnt": false}
{"event": "training_step", "timestamp": 1782397010.2936618, "step": 908, "max_steps": 1883, "loss": 5.405496597290039, "lr": 0.02, "adamw_lr": 0.0005, "elapsed_time": 569.6897099018097, "prnt": false}
{"event": "training_step", "timestamp": 1782397010.864151, "step": 909, "max_steps": 1883, "loss": 5.534400939941406, "lr": 0.02, "adamw_lr": 0.0005, "elapsed_time": 570.2601988315582, "prnt": false}
{"event": "training_step", "timestamp": 1782397011.43806, "step": 910, "max_steps": 1883, "loss": 5.334803581237793, "lr": 0.02, "adamw_lr": 0.0005, "elapsed_time": 570.8341088294983, "prnt": false}
{"event": "training_step", "timestamp": 1782397011.9954848, "step": 911, "max_steps": 1883, "loss": 5.4295830726623535, "lr": 0.02, "adamw_lr": 0.0005, "elapsed_time": 571.3915331363678, "prnt": false}
{"event": "training_step", "timestamp": 1782397012.563966, "step": 912, "max_steps": 1883, "loss": 5.388027191162109, "lr": 0.02, "adamw_lr": 0.0005, "elapsed_time": 571.9600148200989, "prnt": false}
{"event": "training_step", "timestamp": 1782397013.14297, "step": 913, "max_steps": 1883, "loss": 5.428286075592041, "lr": 0.02, "adamw_lr": 0.0005, "elapsed_time": 572.5390179157257, "prnt": false}
{"event": "training_step", "timestamp": 1782397013.726051, "step": 914, "max_steps": 1883, "loss": 5.387236595153809, "lr": 0.02, "adamw_lr": 0.0005, "elapsed_time": 573.1220989227295, "prnt": false}
{"event": "training_step", "timestamp": 1782397014.312466, "step": 915, "max_steps": 1883, "loss": 5.399181365966797, "lr": 0.02, "adamw_lr": 0.0005, "elapsed_time": 573.7085130214691, "prnt": false}
{"event": "training_step", "timestamp": 1782397014.893964, "step": 916, "max_steps": 1883, "loss": 5.410796165466309, "lr": 0.02, "adamw_lr": 0.0005, "elapsed_time": 574.2900109291077, "prnt": false}
{"event": "training_step", "timestamp": 1782397015.475379, "step": 917, "max_steps": 1883, "loss": 5.3954973220825195, "lr": 0.02, "adamw_lr": 0.0005, "elapsed_time": 574.8714249134064, "prnt": false}
{"event": "training_step", "timestamp": 1782397016.0494668, "step": 918, "max_steps": 1883, "loss": 5.418008804321289, "lr": 0.02, "adamw_lr": 0.0005, "elapsed_time": 575.4455139636993, "prnt": false}
{"event": "training_step", "timestamp": 1782397016.6321669, "step": 919, "max_steps": 1883, "loss": 5.351175785064697, "lr": 0.02, "adamw_lr": 0.0005, "elapsed_time": 576.0282139778137, "prnt": false}
{"event": "training_step", "timestamp": 1782397017.210828, "step": 920, "max_steps": 1883, "loss": 5.406673908233643, "lr": 0.02, "adamw_lr": 0.0005, "elapsed_time": 576.6068758964539, "prnt": false}
{"event": "training_step", "timestamp": 1782397017.785245, "step": 921, "max_steps": 1883, "loss": 5.370664596557617, "lr": 0.02, "adamw_lr": 0.0005, "elapsed_time": 577.1812930107117, "prnt": false}
{"event": "training_step", "timestamp": 1782397018.369725, "step": 922, "max_steps": 1883, "loss": 5.403162956237793, "lr": 0.02, "adamw_lr": 0.0005, "elapsed_time": 577.7657737731934, "prnt": false}
{"event": "training_step", "timestamp": 1782397018.9410381, "step": 923, "max_steps": 1883, "loss": 5.3400139808654785, "lr": 0.02, "adamw_lr": 0.0005, "elapsed_time": 578.3370859622955, "prnt": false}
{"event": "training_step", "timestamp": 1782397019.528173, "step": 924, "max_steps": 1883, "loss": 5.3762030601501465, "lr": 0.02, "adamw_lr": 0.0005, "elapsed_time": 578.9242208003998, "prnt": false}
{"event": "training_step", "timestamp": 1782397020.110301, "step": 925, "max_steps": 1883, "loss": 5.345483779907227, "lr": 0.02, "adamw_lr": 0.0005, "elapsed_time": 579.5063490867615, "prnt": false}
{"event": "training_step", "timestamp": 1782397020.686153, "step": 926, "max_steps": 1883, "loss": 5.439675331115723, "lr": 0.02, "adamw_lr": 0.0005, "elapsed_time": 580.082200050354, "prnt": false}
{"event": "training_step", "timestamp": 1782397021.261324, "step": 927, "max_steps": 1883, "loss": 5.471756458282471, "lr": 0.02, "adamw_lr": 0.0005, "elapsed_time": 580.6573719978333, "prnt": false}
{"event": "training_step", "timestamp": 1782397021.841758, "step": 928, "max_steps": 1883, "loss": 5.456267356872559, "lr": 0.02, "adamw_lr": 0.0005, "elapsed_time": 581.2378058433533, "prnt": false}
{"event": "training_step", "timestamp": 1782397022.413358, "step": 929, "max_steps": 1883, "loss": 5.465544700622559, "lr": 0.02, "adamw_lr": 0.0005, "elapsed_time": 581.809406042099, "prnt": false}
{"event": "training_step", "timestamp": 1782397023.0004458, "step": 930, "max_steps": 1883, "loss": 5.49212646484375, "lr": 0.02, "adamw_lr": 0.0005, "elapsed_time": 582.3964939117432, "prnt": false}
{"event": "training_step", "timestamp": 1782397023.59022, "step": 931, "max_steps": 1883, "loss": 5.46782922744751, "lr": 0.02, "adamw_lr": 0.0005, "elapsed_time": 582.9862668514252, "prnt": false}
{"event": "training_step", "timestamp": 1782397024.172385, "step": 932, "max_steps": 1883, "loss": 5.508142948150635, "lr": 0.02, "adamw_lr": 0.0005, "elapsed_time": 583.568431854248, "prnt": false}
{"event": "training_step", "timestamp": 1782397024.762082, "step": 933, "max_steps": 1883, "loss": 5.430433750152588, "lr": 0.02, "adamw_lr": 0.0005, "elapsed_time": 584.1581299304962, "prnt": false}
{"event": "training_step", "timestamp": 1782397025.3523378, "step": 934, "max_steps": 1883, "loss": 5.377261638641357, "lr": 0.02, "adamw_lr": 0.0005, "elapsed_time": 584.7483861446381, "prnt": false}
{"event": "training_step", "timestamp": 1782397025.93029, "step": 935, "max_steps": 1883, "loss": 5.38648796081543, "lr": 0.02, "adamw_lr": 0.0005, "elapsed_time": 585.3263380527496, "prnt": false}
{"event": "training_step", "timestamp": 1782397026.506548, "step": 936, "max_steps": 1883, "loss": 5.410882949829102, "lr": 0.02, "adamw_lr": 0.0005, "elapsed_time": 585.9025957584381, "prnt": false}
{"event": "training_step", "timestamp": 1782397027.072414, "step": 937, "max_steps": 1883, "loss": 5.32880973815918, "lr": 0.02, "adamw_lr": 0.0005, "elapsed_time": 586.4684610366821, "prnt": false}
{"event": "training_step", "timestamp": 1782397027.6577349, "step": 938, "max_steps": 1883, "loss": 5.321129322052002, "lr": 0.02, "adamw_lr": 0.0005, "elapsed_time": 587.0537829399109, "prnt": false}
{"event": "training_step", "timestamp": 1782397028.229216, "step": 939, "max_steps": 1883, "loss": 5.332978248596191, "lr": 0.02, "adamw_lr": 0.0005, "elapsed_time": 587.6252648830414, "prnt": false}
{"event": "training_step", "timestamp": 1782397028.8039181, "step": 940, "max_steps": 1883, "loss": 5.35564661026001, "lr": 0.02, "adamw_lr": 0.0005, "elapsed_time": 588.1999659538269, "prnt": false}
{"event": "training_step", "timestamp": 1782397029.383446, "step": 941, "max_steps": 1883, "loss": 5.3979926109313965, "lr": 0.02, "adamw_lr": 0.0005, "elapsed_time": 588.7794859409332, "prnt": false}
{"event": "training_step", "timestamp": 1782397029.957969, "step": 942, "max_steps": 1883, "loss": 5.2577972412109375, "lr": 0.02, "adamw_lr": 0.0005, "elapsed_time": 589.3540170192719, "prnt": false}
{"event": "training_step", "timestamp": 1782397030.523733, "step": 943, "max_steps": 1883, "loss": 5.364724159240723, "lr": 0.02, "adamw_lr": 0.0005, "elapsed_time": 589.9197807312012, "prnt": false}
{"event": "training_step", "timestamp": 1782397031.1032152, "step": 944, "max_steps": 1883, "loss": 5.4178571701049805, "lr": 0.02, "adamw_lr": 0.0005, "elapsed_time": 590.499263048172, "prnt": false}
{"event": "training_step", "timestamp": 1782397031.668818, "step": 945, "max_steps": 1883, "loss": 5.413665771484375, "lr": 0.02, "adamw_lr": 0.0005, "elapsed_time": 591.064866065979, "prnt": false}
{"event": "training_step", "timestamp": 1782397032.246937, "step": 946, "max_steps": 1883, "loss": 5.374244689941406, "lr": 0.02, "adamw_lr": 0.0005, "elapsed_time": 591.6429839134216, "prnt": false}
{"event": "training_step", "timestamp": 1782397032.8210292, "step": 947, "max_steps": 1883, "loss": 5.361680030822754, "lr": 0.02, "adamw_lr": 0.0005, "elapsed_time": 592.2170770168304, "prnt": false}
{"event": "training_step", "timestamp": 1782397033.408628, "step": 948, "max_steps": 1883, "loss": 5.3297224044799805, "lr": 0.02, "adamw_lr": 0.0005, "elapsed_time": 592.8046767711639, "prnt": false}
{"event": "training_step", "timestamp": 1782397033.984496, "step": 949, "max_steps": 1883, "loss": 5.4547600746154785, "lr": 0.02, "adamw_lr": 0.0005, "elapsed_time": 593.3805439472198, "prnt": false}
{"event": "training_step", "timestamp": 1782397034.572481, "step": 950, "max_steps": 1883, "loss": 5.3898820877075195, "lr": 0.02, "adamw_lr": 0.0005, "elapsed_time": 593.9685289859772, "prnt": false}
{"event": "training_step", "timestamp": 1782397035.1555939, "step": 951, "max_steps": 1883, "loss": 5.36336088180542, "lr": 0.02, "adamw_lr": 0.0005, "elapsed_time": 594.5516407489777, "prnt": false}
{"event": "training_step", "timestamp": 1782397035.72657, "step": 952, "max_steps": 1883, "loss": 5.304864883422852, "lr": 0.02, "adamw_lr": 0.0005, "elapsed_time": 595.1226167678833, "prnt": false}
{"event": "training_step", "timestamp": 1782397036.30181, "step": 953, "max_steps": 1883, "loss": 5.291996955871582, "lr": 0.02, "adamw_lr": 0.0005, "elapsed_time": 595.6978580951691, "prnt": false}
{"event": "training_step", "timestamp": 1782397036.883159, "step": 954, "max_steps": 1883, "loss": 5.3162078857421875, "lr": 0.02, "adamw_lr": 0.0005, "elapsed_time": 596.2792069911957, "prnt": false}
{"event": "training_step", "timestamp": 1782397037.456979, "step": 955, "max_steps": 1883, "loss": 5.3730316162109375, "lr": 0.02, "adamw_lr": 0.0005, "elapsed_time": 596.8530278205872, "prnt": false}
{"event": "training_step", "timestamp": 1782397038.047743, "step": 956, "max_steps": 1883, "loss": 5.452315807342529, "lr": 0.02, "adamw_lr": 0.0005, "elapsed_time": 597.4437897205353, "prnt": false}
{"event": "training_step", "timestamp": 1782397038.6142871, "step": 957, "max_steps": 1883, "loss": 5.419321060180664, "lr": 0.02, "adamw_lr": 0.0005, "elapsed_time": 598.0103340148926, "prnt": false}
{"event": "training_step", "timestamp": 1782397039.197999, "step": 958, "max_steps": 1883, "loss": 5.376587867736816, "lr": 0.02, "adamw_lr": 0.0005, "elapsed_time": 598.5940480232239, "prnt": false}
{"event": "training_step", "timestamp": 1782397039.779674, "step": 959, "max_steps": 1883, "loss": 5.392155647277832, "lr": 0.02, "adamw_lr": 0.0005, "elapsed_time": 599.1757218837738, "prnt": false}
{"event": "training_step", "timestamp": 1782397040.3664992, "step": 960, "max_steps": 1883, "loss": 5.386748790740967, "lr": 0.02, "adamw_lr": 0.0005, "elapsed_time": 599.7625470161438, "prnt": false}
{"event": "training_step", "timestamp": 1782397040.943104, "step": 961, "max_steps": 1883, "loss": 5.343328475952148, "lr": 0.02, "adamw_lr": 0.0005, "elapsed_time": 600.3391518592834, "prnt": false}
{"event": "training_step", "timestamp": 1782397041.5069492, "step": 962, "max_steps": 1883, "loss": 5.465389251708984, "lr": 0.02, "adamw_lr": 0.0005, "elapsed_time": 600.9029970169067, "prnt": false}
{"event": "training_step", "timestamp": 1782397042.0804548, "step": 963, "max_steps": 1883, "loss": 5.363705635070801, "lr": 0.02, "adamw_lr": 0.0005, "elapsed_time": 601.4765031337738, "prnt": false}
{"event": "training_step", "timestamp": 1782397042.663541, "step": 964, "max_steps": 1883, "loss": 5.395007133483887, "lr": 0.02, "adamw_lr": 0.0005, "elapsed_time": 602.0595889091492, "prnt": false}
{"event": "training_step", "timestamp": 1782397043.251894, "step": 965, "max_steps": 1883, "loss": 5.403076648712158, "lr": 0.02, "adamw_lr": 0.0005, "elapsed_time": 602.647941827774, "prnt": false}
{"event": "training_step", "timestamp": 1782397043.829854, "step": 966, "max_steps": 1883, "loss": 5.310953140258789, "lr": 0.02, "adamw_lr": 0.0005, "elapsed_time": 603.2259011268616, "prnt": false}
{"event": "training_step", "timestamp": 1782397044.3895218, "step": 967, "max_steps": 1883, "loss": 5.369609832763672, "lr": 0.02, "adamw_lr": 0.0005, "elapsed_time": 603.7855701446533, "prnt": false}
{"event": "training_step", "timestamp": 1782397044.957498, "step": 968, "max_steps": 1883, "loss": 5.396213531494141, "lr": 0.02, "adamw_lr": 0.0005, "elapsed_time": 604.3535470962524, "prnt": false}
{"event": "training_step", "timestamp": 1782397045.536463, "step": 969, "max_steps": 1883, "loss": 5.363222122192383, "lr": 0.02, "adamw_lr": 0.0005, "elapsed_time": 604.9325108528137, "prnt": false}
{"event": "training_step", "timestamp": 1782397046.1106932, "step": 970, "max_steps": 1883, "loss": 5.380222320556641, "lr": 0.02, "adamw_lr": 0.0005, "elapsed_time": 605.5067420005798, "prnt": false}
{"event": "training_step", "timestamp": 1782397046.6795928, "step": 971, "max_steps": 1883, "loss": 5.24937629699707, "lr": 0.02, "adamw_lr": 0.0005, "elapsed_time": 606.0756418704987, "prnt": false}
{"event": "training_step", "timestamp": 1782397047.257878, "step": 972, "max_steps": 1883, "loss": 5.444065093994141, "lr": 0.02, "adamw_lr": 0.0005, "elapsed_time": 606.6539258956909, "prnt": false}
{"event": "training_step", "timestamp": 1782397047.81967, "step": 973, "max_steps": 1883, "loss": 5.316459655761719, "lr": 0.02, "adamw_lr": 0.0005, "elapsed_time": 607.215717792511, "prnt": false}
{"event": "training_step", "timestamp": 1782397048.408443, "step": 974, "max_steps": 1883, "loss": 5.364694595336914, "lr": 0.02, "adamw_lr": 0.0005, "elapsed_time": 607.8044910430908, "prnt": false}
{"event": "training_step", "timestamp": 1782397048.9972868, "step": 975, "max_steps": 1883, "loss": 5.279197692871094, "lr": 0.02, "adamw_lr": 0.0005, "elapsed_time": 608.393336057663, "prnt": false}
{"event": "training_step", "timestamp": 1782397049.575744, "step": 976, "max_steps": 1883, "loss": 5.39409875869751, "lr": 0.02, "adamw_lr": 0.0005, "elapsed_time": 608.9717917442322, "prnt": false}
{"event": "training_step", "timestamp": 1782397050.1613781, "step": 977, "max_steps": 1883, "loss": 5.386417865753174, "lr": 0.02, "adamw_lr": 0.0005, "elapsed_time": 609.5574269294739, "prnt": false}
{"event": "training_step", "timestamp": 1782397050.7367349, "step": 978, "max_steps": 1883, "loss": 5.322749137878418, "lr": 0.02, "adamw_lr": 0.0005, "elapsed_time": 610.1327829360962, "prnt": false}
{"event": "training_step", "timestamp": 1782397051.3203058, "step": 979, "max_steps": 1883, "loss": 5.432355880737305, "lr": 0.02, "adamw_lr": 0.0005, "elapsed_time": 610.7163541316986, "prnt": false}
{"event": "validation_step", "timestamp": 1782397055.863598, "step": 979, "max_steps": 1883, "loss": 1.195834589604043, "ema": true, "elapsed_time": 610.7163541316986}
{"event": "training_step", "timestamp": 1782397056.343509, "step": 980, "max_steps": 1883, "loss": 5.377130508422852, "lr": 0.02, "adamw_lr": 0.0005, "elapsed_time": 615.7395558357239, "prnt": false}
{"event": "training_step", "timestamp": 1782397056.947, "step": 981, "max_steps": 1883, "loss": 5.330283164978027, "lr": 0.02, "adamw_lr": 0.0005, "elapsed_time": 616.3430478572845, "prnt": false}
{"event": "training_step", "timestamp": 1782397057.535785, "step": 982, "max_steps": 1883, "loss": 5.254391670227051, "lr": 0.02, "adamw_lr": 0.0005, "elapsed_time": 616.931832075119, "prnt": false}
{"event": "training_step", "timestamp": 1782397058.103774, "step": 983, "max_steps": 1883, "loss": 5.350857734680176, "lr": 0.02, "adamw_lr": 0.0005, "elapsed_time": 617.4998199939728, "prnt": false}
{"event": "training_step", "timestamp": 1782397058.6697202, "step": 984, "max_steps": 1883, "loss": 5.290369987487793, "lr": 0.02, "adamw_lr": 0.0005, "elapsed_time": 618.0657680034637, "prnt": false}
{"event": "training_step", "timestamp": 1782397059.247829, "step": 985, "max_steps": 1883, "loss": 5.3387675285339355, "lr": 0.02, "adamw_lr": 0.0005, "elapsed_time": 618.6438767910004, "prnt": false}
{"event": "training_step", "timestamp": 1782397059.815205, "step": 986, "max_steps": 1883, "loss": 5.402621269226074, "lr": 0.02, "adamw_lr": 0.0005, "elapsed_time": 619.2112529277802, "prnt": false}
{"event": "training_step", "timestamp": 1782397060.4000618, "step": 987, "max_steps": 1883, "loss": 5.35983419418335, "lr": 0.02, "adamw_lr": 0.0005, "elapsed_time": 619.796110868454, "prnt": false}
{"event": "training_step", "timestamp": 1782397060.9811919, "step": 988, "max_steps": 1883, "loss": 5.383396148681641, "lr": 0.02, "adamw_lr": 0.0005, "elapsed_time": 620.377240896225, "prnt": false}
{"event": "training_step", "timestamp": 1782397061.549862, "step": 989, "max_steps": 1883, "loss": 5.233138084411621, "lr": 0.02, "adamw_lr": 0.0005, "elapsed_time": 620.9459099769592, "prnt": false}
{"event": "training_step", "timestamp": 1782397062.133656, "step": 990, "max_steps": 1883, "loss": 5.342010498046875, "lr": 0.02, "adamw_lr": 0.0005, "elapsed_time": 621.5297038555145, "prnt": false}
{"event": "training_step", "timestamp": 1782397062.7028842, "step": 991, "max_steps": 1883, "loss": 5.267764568328857, "lr": 0.02, "adamw_lr": 0.0005, "elapsed_time": 622.0989320278168, "prnt": false}
{"event": "training_step", "timestamp": 1782397063.27646, "step": 992, "max_steps": 1883, "loss": 5.383497714996338, "lr": 0.02, "adamw_lr": 0.0005, "elapsed_time": 622.6725080013275, "prnt": false}
{"event": "training_step", "timestamp": 1782397063.842428, "step": 993, "max_steps": 1883, "loss": 5.244030952453613, "lr": 0.02, "adamw_lr": 0.0005, "elapsed_time": 623.2384760379791, "prnt": false}
{"event": "training_step", "timestamp": 1782397064.415442, "step": 994, "max_steps": 1883, "loss": 5.350709915161133, "lr": 0.02, "adamw_lr": 0.0005, "elapsed_time": 623.8114891052246, "prnt": false}
{"event": "training_step", "timestamp": 1782397064.979885, "step": 995, "max_steps": 1883, "loss": 5.309004306793213, "lr": 0.02, "adamw_lr": 0.0005, "elapsed_time": 624.3759329319, "prnt": false}
{"event": "training_step", "timestamp": 1782397065.557823, "step": 996, "max_steps": 1883, "loss": 5.339559078216553, "lr": 0.02, "adamw_lr": 0.0005, "elapsed_time": 624.9538707733154, "prnt": false}
{"event": "training_step", "timestamp": 1782397066.142275, "step": 997, "max_steps": 1883, "loss": 5.269315242767334, "lr": 0.02, "adamw_lr": 0.0005, "elapsed_time": 625.5383229255676, "prnt": false}
{"event": "training_step", "timestamp": 1782397066.700289, "step": 998, "max_steps": 1883, "loss": 5.493149757385254, "lr": 0.02, "adamw_lr": 0.0005, "elapsed_time": 626.0963377952576, "prnt": false}
{"event": "training_step", "timestamp": 1782397067.2837892, "step": 999, "max_steps": 1883, "loss": 5.45124626159668, "lr": 0.02, "adamw_lr": 0.0005, "elapsed_time": 626.6798369884491, "prnt": false}
{"event": "training_step", "timestamp": 1782397067.8640409, "step": 1000, "max_steps": 1883, "loss": 5.296133995056152, "lr": 0.02, "adamw_lr": 0.0005, "elapsed_time": 627.260087966919, "prnt": false}
{"event": "training_step", "timestamp": 1782397068.445528, "step": 1001, "max_steps": 1883, "loss": 5.403181076049805, "lr": 0.02, "adamw_lr": 0.0005, "elapsed_time": 627.8415758609772, "prnt": false}
{"event": "training_step", "timestamp": 1782397069.022138, "step": 1002, "max_steps": 1883, "loss": 5.331482887268066, "lr": 0.02, "adamw_lr": 0.0005, "elapsed_time": 628.4181859493256, "prnt": false}
{"event": "training_step", "timestamp": 1782397069.588979, "step": 1003, "max_steps": 1883, "loss": 5.328835487365723, "lr": 0.02, "adamw_lr": 0.0005, "elapsed_time": 628.9850270748138, "prnt": false}
{"event": "training_step", "timestamp": 1782397070.151785, "step": 1004, "max_steps": 1883, "loss": 5.390263080596924, "lr": 0.02, "adamw_lr": 0.0005, "elapsed_time": 629.5478320121765, "prnt": false}
{"event": "training_step", "timestamp": 1782397070.725494, "step": 1005, "max_steps": 1883, "loss": 5.379826545715332, "lr": 0.02, "adamw_lr": 0.0005, "elapsed_time": 630.1215398311615, "prnt": false}
{"event": "training_step", "timestamp": 1782397071.3088791, "step": 1006, "max_steps": 1883, "loss": 5.274582862854004, "lr": 0.02, "adamw_lr": 0.0005, "elapsed_time": 630.7049260139465, "prnt": false}
{"event": "training_step", "timestamp": 1782397071.8768861, "step": 1007, "max_steps": 1883, "loss": 5.386984825134277, "lr": 0.02, "adamw_lr": 0.0005, "elapsed_time": 631.2729339599609, "prnt": false}
{"event": "training_step", "timestamp": 1782397072.4595132, "step": 1008, "max_steps": 1883, "loss": 5.362792015075684, "lr": 0.02, "adamw_lr": 0.0005, "elapsed_time": 631.8555610179901, "prnt": false}
{"event": "training_step", "timestamp": 1782397073.0298398, "step": 1009, "max_steps": 1883, "loss": 5.370182991027832, "lr": 0.02, "adamw_lr": 0.0005, "elapsed_time": 632.4258880615234, "prnt": false}
{"event": "training_step", "timestamp": 1782397073.598237, "step": 1010, "max_steps": 1883, "loss": 5.296177864074707, "lr": 0.02, "adamw_lr": 0.0005, "elapsed_time": 632.9942851066589, "prnt": false}
{"event": "training_step", "timestamp": 1782397074.1830049, "step": 1011, "max_steps": 1883, "loss": 5.362617015838623, "lr": 0.02, "adamw_lr": 0.0005, "elapsed_time": 633.5790529251099, "prnt": false}
{"event": "training_step", "timestamp": 1782397074.7609, "step": 1012, "max_steps": 1883, "loss": 5.423651218414307, "lr": 0.02, "adamw_lr": 0.0005, "elapsed_time": 634.156947851181, "prnt": false}
{"event": "training_step", "timestamp": 1782397075.32213, "step": 1013, "max_steps": 1883, "loss": 5.364266395568848, "lr": 0.02, "adamw_lr": 0.0005, "elapsed_time": 634.7181787490845, "prnt": false}
{"event": "training_step", "timestamp": 1782397075.874974, "step": 1014, "max_steps": 1883, "loss": 5.278456687927246, "lr": 0.02, "adamw_lr": 0.0005, "elapsed_time": 635.2710211277008, "prnt": false}
{"event": "training_step", "timestamp": 1782397076.4432268, "step": 1015, "max_steps": 1883, "loss": 5.324164390563965, "lr": 0.02, "adamw_lr": 0.0005, "elapsed_time": 635.8392760753632, "prnt": false}
{"event": "training_step", "timestamp": 1782397077.017639, "step": 1016, "max_steps": 1883, "loss": 5.335290908813477, "lr": 0.02, "adamw_lr": 0.0005, "elapsed_time": 636.4136879444122, "prnt": false}
{"event": "training_step", "timestamp": 1782397077.597103, "step": 1017, "max_steps": 1883, "loss": 5.313050270080566, "lr": 0.02, "adamw_lr": 0.0005, "elapsed_time": 636.9931519031525, "prnt": false}
{"event": "training_step", "timestamp": 1782397078.165848, "step": 1018, "max_steps": 1883, "loss": 5.427446365356445, "lr": 0.02, "adamw_lr": 0.0005, "elapsed_time": 637.5618958473206, "prnt": false}
{"event": "training_step", "timestamp": 1782397078.7435, "step": 1019, "max_steps": 1883, "loss": 5.292738914489746, "lr": 0.02, "adamw_lr": 0.0005, "elapsed_time": 638.1395478248596, "prnt": false}
{"event": "training_step", "timestamp": 1782397079.30963, "step": 1020, "max_steps": 1883, "loss": 5.334258556365967, "lr": 0.02, "adamw_lr": 0.0005, "elapsed_time": 638.7056770324707, "prnt": false}
{"event": "training_step", "timestamp": 1782397079.897865, "step": 1021, "max_steps": 1883, "loss": 5.405272483825684, "lr": 0.02, "adamw_lr": 0.0005, "elapsed_time": 639.2938838005066, "prnt": false}
{"event": "training_step", "timestamp": 1782397080.4793248, "step": 1022, "max_steps": 1883, "loss": 5.289368629455566, "lr": 0.02, "adamw_lr": 0.0005, "elapsed_time": 639.8753731250763, "prnt": false}
{"event": "training_step", "timestamp": 1782397081.0548239, "step": 1023, "max_steps": 1883, "loss": 5.308149337768555, "lr": 0.02, "adamw_lr": 0.0005, "elapsed_time": 640.4508719444275, "prnt": false}
{"event": "training_step", "timestamp": 1782397081.632464, "step": 1024, "max_steps": 1883, "loss": 5.419295310974121, "lr": 0.02, "adamw_lr": 0.0005, "elapsed_time": 641.0285120010376, "prnt": false}
{"event": "training_step", "timestamp": 1782397082.196604, "step": 1025, "max_steps": 1883, "loss": 5.3257246017456055, "lr": 0.02, "adamw_lr": 0.0005, "elapsed_time": 641.5926520824432, "prnt": false}
{"event": "training_step", "timestamp": 1782397082.767793, "step": 1026, "max_steps": 1883, "loss": 5.305976867675781, "lr": 0.02, "adamw_lr": 0.0005, "elapsed_time": 642.16384100914, "prnt": false}
{"event": "training_step", "timestamp": 1782397083.333457, "step": 1027, "max_steps": 1883, "loss": 5.350178241729736, "lr": 0.02, "adamw_lr": 0.0005, "elapsed_time": 642.7295050621033, "prnt": false}
{"event": "training_step", "timestamp": 1782397083.9132302, "step": 1028, "max_steps": 1883, "loss": 5.270143508911133, "lr": 0.02, "adamw_lr": 0.0005, "elapsed_time": 643.309278011322, "prnt": false}
{"event": "training_step", "timestamp": 1782397084.4795609, "step": 1029, "max_steps": 1883, "loss": 5.367042064666748, "lr": 0.02, "adamw_lr": 0.0005, "elapsed_time": 643.875608921051, "prnt": false}
{"event": "training_step", "timestamp": 1782397085.052323, "step": 1030, "max_steps": 1883, "loss": 5.290148735046387, "lr": 0.02, "adamw_lr": 0.0005, "elapsed_time": 644.4483699798584, "prnt": false}
{"event": "training_step", "timestamp": 1782397085.63253, "step": 1031, "max_steps": 1883, "loss": 5.301079750061035, "lr": 0.02, "adamw_lr": 0.0005, "elapsed_time": 645.028578042984, "prnt": false}
{"event": "training_step", "timestamp": 1782397086.215452, "step": 1032, "max_steps": 1883, "loss": 5.2257537841796875, "lr": 0.02, "adamw_lr": 0.0005, "elapsed_time": 645.6115000247955, "prnt": false}
{"event": "training_step", "timestamp": 1782397086.784322, "step": 1033, "max_steps": 1883, "loss": 5.221379280090332, "lr": 0.02, "adamw_lr": 0.0005, "elapsed_time": 646.1803698539734, "prnt": false}
{"event": "training_step", "timestamp": 1782397087.354499, "step": 1034, "max_steps": 1883, "loss": 5.472156524658203, "lr": 0.02, "adamw_lr": 0.0005, "elapsed_time": 646.7505478858948, "prnt": false}
{"event": "training_step", "timestamp": 1782397087.918823, "step": 1035, "max_steps": 1883, "loss": 5.294120788574219, "lr": 0.02, "adamw_lr": 0.0005, "elapsed_time": 647.3148710727692, "prnt": false}
{"event": "training_step", "timestamp": 1782397088.4956002, "step": 1036, "max_steps": 1883, "loss": 5.348679542541504, "lr": 0.02, "adamw_lr": 0.0005, "elapsed_time": 647.8916480541229, "prnt": false}
{"event": "training_step", "timestamp": 1782397089.078099, "step": 1037, "max_steps": 1883, "loss": 5.364895820617676, "lr": 0.02, "adamw_lr": 0.0005, "elapsed_time": 648.4741477966309, "prnt": false}
{"event": "training_step", "timestamp": 1782397089.6420321, "step": 1038, "max_steps": 1883, "loss": 5.233085632324219, "lr": 0.02, "adamw_lr": 0.0005, "elapsed_time": 649.0380809307098, "prnt": false}
{"event": "training_step", "timestamp": 1782397090.200166, "step": 1039, "max_steps": 1883, "loss": 5.361709117889404, "lr": 0.02, "adamw_lr": 0.0005, "elapsed_time": 649.5962128639221, "prnt": false}
{"event": "training_step", "timestamp": 1782397090.768428, "step": 1040, "max_steps": 1883, "loss": 5.35018253326416, "lr": 0.02, "adamw_lr": 0.0005, "elapsed_time": 650.1644768714905, "prnt": false}
{"event": "training_step", "timestamp": 1782397091.348465, "step": 1041, "max_steps": 1883, "loss": 5.29853630065918, "lr": 0.02, "adamw_lr": 0.0005, "elapsed_time": 650.7445130348206, "prnt": false}
{"event": "training_step", "timestamp": 1782397091.9202611, "step": 1042, "max_steps": 1883, "loss": 5.313943862915039, "lr": 0.02, "adamw_lr": 0.0005, "elapsed_time": 651.3163089752197, "prnt": false}
{"event": "training_step", "timestamp": 1782397092.484399, "step": 1043, "max_steps": 1883, "loss": 5.389392375946045, "lr": 0.02, "adamw_lr": 0.0005, "elapsed_time": 651.880448102951, "prnt": false}
{"event": "training_step", "timestamp": 1782397093.058292, "step": 1044, "max_steps": 1883, "loss": 5.2666802406311035, "lr": 0.02, "adamw_lr": 0.0005, "elapsed_time": 652.4543397426605, "prnt": false}
{"event": "training_step", "timestamp": 1782397093.6407611, "step": 1045, "max_steps": 1883, "loss": 5.326079368591309, "lr": 0.02, "adamw_lr": 0.0005, "elapsed_time": 653.0368089675903, "prnt": false}
{"event": "training_step", "timestamp": 1782397094.227886, "step": 1046, "max_steps": 1883, "loss": 5.368377208709717, "lr": 0.02, "adamw_lr": 0.0005, "elapsed_time": 653.6239340305328, "prnt": false}
{"event": "training_step", "timestamp": 1782397094.7983549, "step": 1047, "max_steps": 1883, "loss": 5.329822063446045, "lr": 0.02, "adamw_lr": 0.0005, "elapsed_time": 654.1944026947021, "prnt": false}
{"event": "training_step", "timestamp": 1782397095.385947, "step": 1048, "max_steps": 1883, "loss": 5.217782020568848, "lr": 0.02, "adamw_lr": 0.0005, "elapsed_time": 654.7819950580597, "prnt": false}
{"event": "training_step", "timestamp": 1782397095.959879, "step": 1049, "max_steps": 1883, "loss": 5.383903503417969, "lr": 0.02, "adamw_lr": 0.0005, "elapsed_time": 655.3559260368347, "prnt": false}
{"event": "training_step", "timestamp": 1782397096.5228832, "step": 1050, "max_steps": 1883, "loss": 5.287084579467773, "lr": 0.02, "adamw_lr": 0.0005, "elapsed_time": 655.9189140796661, "prnt": false}
{"event": "training_step", "timestamp": 1782397097.106836, "step": 1051, "max_steps": 1883, "loss": 5.325099468231201, "lr": 0.02, "adamw_lr": 0.0005, "elapsed_time": 656.5028839111328, "prnt": false}
{"event": "training_step", "timestamp": 1782397097.674586, "step": 1052, "max_steps": 1883, "loss": 5.226755142211914, "lr": 0.02, "adamw_lr": 0.0005, "elapsed_time": 657.0706329345703, "prnt": false}
{"event": "training_step", "timestamp": 1782397098.249962, "step": 1053, "max_steps": 1883, "loss": 5.238068103790283, "lr": 0.02, "adamw_lr": 0.0005, "elapsed_time": 657.6460087299347, "prnt": false}
{"event": "training_step", "timestamp": 1782397098.8267179, "step": 1054, "max_steps": 1883, "loss": 5.321067810058594, "lr": 0.02, "adamw_lr": 0.0005, "elapsed_time": 658.2227668762207, "prnt": false}
{"event": "training_step", "timestamp": 1782397099.412308, "step": 1055, "max_steps": 1883, "loss": 5.32219934463501, "lr": 0.02, "adamw_lr": 0.0005, "elapsed_time": 658.8083567619324, "prnt": false}
{"event": "training_step", "timestamp": 1782397099.974834, "step": 1056, "max_steps": 1883, "loss": 5.302584171295166, "lr": 0.02, "adamw_lr": 0.0005, "elapsed_time": 659.3708820343018, "prnt": false}
{"event": "training_step", "timestamp": 1782397100.548026, "step": 1057, "max_steps": 1883, "loss": 5.282690048217773, "lr": 0.02, "adamw_lr": 0.0005, "elapsed_time": 659.9440739154816, "prnt": false}
{"event": "training_step", "timestamp": 1782397101.114121, "step": 1058, "max_steps": 1883, "loss": 5.3673834800720215, "lr": 0.02, "adamw_lr": 0.0005, "elapsed_time": 660.5101687908173, "prnt": false}
{"event": "training_step", "timestamp": 1782397101.680114, "step": 1059, "max_steps": 1883, "loss": 5.193680763244629, "lr": 0.02, "adamw_lr": 0.0005, "elapsed_time": 661.0761590003967, "prnt": false}
{"event": "training_step", "timestamp": 1782397102.263285, "step": 1060, "max_steps": 1883, "loss": 5.367432594299316, "lr": 0.02, "adamw_lr": 0.0005, "elapsed_time": 661.6593327522278, "prnt": false}
{"event": "training_step", "timestamp": 1782397102.843447, "step": 1061, "max_steps": 1883, "loss": 5.339179515838623, "lr": 0.02, "adamw_lr": 0.0005, "elapsed_time": 662.2394959926605, "prnt": false}
{"event": "training_step", "timestamp": 1782397103.421671, "step": 1062, "max_steps": 1883, "loss": 5.346590042114258, "lr": 0.02, "adamw_lr": 0.0005, "elapsed_time": 662.8177180290222, "prnt": false}
{"event": "training_step", "timestamp": 1782397103.9809122, "step": 1063, "max_steps": 1883, "loss": 5.277859687805176, "lr": 0.02, "adamw_lr": 0.0005, "elapsed_time": 663.3769609928131, "prnt": false}
{"event": "training_step", "timestamp": 1782397104.5492659, "step": 1064, "max_steps": 1883, "loss": 5.328001976013184, "lr": 0.02, "adamw_lr": 0.0005, "elapsed_time": 663.9453129768372, "prnt": false}
{"event": "training_step", "timestamp": 1782397105.123706, "step": 1065, "max_steps": 1883, "loss": 5.334824562072754, "lr": 0.02, "adamw_lr": 0.0005, "elapsed_time": 664.5197539329529, "prnt": false}
{"event": "training_step", "timestamp": 1782397105.6881049, "step": 1066, "max_steps": 1883, "loss": 5.297417640686035, "lr": 0.02, "adamw_lr": 0.0005, "elapsed_time": 665.0841529369354, "prnt": false}
{"event": "training_step", "timestamp": 1782397106.2625191, "step": 1067, "max_steps": 1883, "loss": 5.4269561767578125, "lr": 0.02, "adamw_lr": 0.0005, "elapsed_time": 665.6585669517517, "prnt": false}
{"event": "training_step", "timestamp": 1782397106.832615, "step": 1068, "max_steps": 1883, "loss": 5.267812728881836, "lr": 0.02, "adamw_lr": 0.0005, "elapsed_time": 666.2286641597748, "prnt": false}
{"event": "validation_step", "timestamp": 1782397111.2589052, "step": 1068, "max_steps": 1883, "loss": 1.188698300627524, "ema": true, "elapsed_time": 666.2286641597748}
{"event": "training_step", "timestamp": 1782397111.740266, "step": 1069, "max_steps": 1883, "loss": 5.301620960235596, "lr": 0.02, "adamw_lr": 0.0005, "elapsed_time": 671.136314868927, "prnt": false}
{"event": "training_step", "timestamp": 1782397112.326798, "step": 1070, "max_steps": 1883, "loss": 5.31137752532959, "lr": 0.02, "adamw_lr": 0.0005, "elapsed_time": 671.722846031189, "prnt": false}
{"event": "training_step", "timestamp": 1782397112.9000719, "step": 1071, "max_steps": 1883, "loss": 5.369539260864258, "lr": 0.02, "adamw_lr": 0.0005, "elapsed_time": 672.2961201667786, "prnt": false}
{"event": "training_step", "timestamp": 1782397113.463307, "step": 1072, "max_steps": 1883, "loss": 5.325928688049316, "lr": 0.02, "adamw_lr": 0.0005, "elapsed_time": 672.8593537807465, "prnt": false}
{"event": "training_step", "timestamp": 1782397114.025057, "step": 1073, "max_steps": 1883, "loss": 5.256753444671631, "lr": 0.02, "adamw_lr": 0.0005, "elapsed_time": 673.4211049079895, "prnt": false}
{"event": "training_step", "timestamp": 1782397114.583945, "step": 1074, "max_steps": 1883, "loss": 5.297738075256348, "lr": 0.02, "adamw_lr": 0.0005, "elapsed_time": 673.9799928665161, "prnt": false}
{"event": "training_step", "timestamp": 1782397115.1560771, "step": 1075, "max_steps": 1883, "loss": 5.288871765136719, "lr": 0.02, "adamw_lr": 0.0005, "elapsed_time": 674.5521249771118, "prnt": false}
{"event": "training_step", "timestamp": 1782397115.72634, "step": 1076, "max_steps": 1883, "loss": 5.263553619384766, "lr": 0.02, "adamw_lr": 0.0005, "elapsed_time": 675.1223878860474, "prnt": false}
{"event": "training_step", "timestamp": 1782397116.2938712, "step": 1077, "max_steps": 1883, "loss": 5.366158962249756, "lr": 0.02, "adamw_lr": 0.0005, "elapsed_time": 675.6899189949036, "prnt": false}
{"event": "training_step", "timestamp": 1782397116.853272, "step": 1078, "max_steps": 1883, "loss": 5.299038410186768, "lr": 0.02, "adamw_lr": 0.0005, "elapsed_time": 676.2493200302124, "prnt": false}
{"event": "training_step", "timestamp": 1782397117.4343061, "step": 1079, "max_steps": 1883, "loss": 5.245436668395996, "lr": 0.02, "adamw_lr": 0.0005, "elapsed_time": 676.8303549289703, "prnt": false}
{"event": "training_step", "timestamp": 1782397117.997132, "step": 1080, "max_steps": 1883, "loss": 5.267988681793213, "lr": 0.02, "adamw_lr": 0.0005, "elapsed_time": 677.3931798934937, "prnt": false}
{"event": "training_step", "timestamp": 1782397118.577155, "step": 1081, "max_steps": 1883, "loss": 5.251621723175049, "lr": 0.02, "adamw_lr": 0.0005, "elapsed_time": 677.9732019901276, "prnt": false}
{"event": "training_step", "timestamp": 1782397119.1487072, "step": 1082, "max_steps": 1883, "loss": 5.254154205322266, "lr": 0.02, "adamw_lr": 0.0005, "elapsed_time": 678.5447518825531, "prnt": false}
{"event": "training_step", "timestamp": 1782397119.719985, "step": 1083, "max_steps": 1883, "loss": 5.332545757293701, "lr": 0.02, "adamw_lr": 0.0005, "elapsed_time": 679.11603307724, "prnt": false}
{"event": "training_step", "timestamp": 1782397120.2901518, "step": 1084, "max_steps": 1883, "loss": 5.269850730895996, "lr": 0.02, "adamw_lr": 0.0005, "elapsed_time": 679.6861979961395, "prnt": false}
{"event": "training_step", "timestamp": 1782397120.863489, "step": 1085, "max_steps": 1883, "loss": 5.236083030700684, "lr": 0.02, "adamw_lr": 0.0005, "elapsed_time": 680.259537935257, "prnt": false}
{"event": "training_step", "timestamp": 1782397121.42376, "step": 1086, "max_steps": 1883, "loss": 5.278639793395996, "lr": 0.02, "adamw_lr": 0.0005, "elapsed_time": 680.8198070526123, "prnt": false}
{"event": "training_step", "timestamp": 1782397122.0118568, "step": 1087, "max_steps": 1883, "loss": 5.230942726135254, "lr": 0.02, "adamw_lr": 0.0005, "elapsed_time": 681.4079020023346, "prnt": false}
{"event": "training_step", "timestamp": 1782397122.6216938, "step": 1088, "max_steps": 1883, "loss": 5.366213798522949, "lr": 0.02, "adamw_lr": 0.0005, "elapsed_time": 682.0177409648895, "prnt": false}
{"event": "training_step", "timestamp": 1782397123.225525, "step": 1089, "max_steps": 1883, "loss": 5.232551574707031, "lr": 0.02, "adamw_lr": 0.0005, "elapsed_time": 682.6215717792511, "prnt": false}
{"event": "training_step", "timestamp": 1782397123.838679, "step": 1090, "max_steps": 1883, "loss": 5.263542175292969, "lr": 0.02, "adamw_lr": 0.0005, "elapsed_time": 683.2347259521484, "prnt": false}
{"event": "training_step", "timestamp": 1782397124.427365, "step": 1091, "max_steps": 1883, "loss": 5.332768440246582, "lr": 0.02, "adamw_lr": 0.0005, "elapsed_time": 683.823410987854, "prnt": false}
{"event": "training_step", "timestamp": 1782397125.004713, "step": 1092, "max_steps": 1883, "loss": 5.35422945022583, "lr": 0.02, "adamw_lr": 0.0005, "elapsed_time": 684.4007608890533, "prnt": false}
{"event": "training_step", "timestamp": 1782397125.575304, "step": 1093, "max_steps": 1883, "loss": 5.3169355392456055, "lr": 0.02, "adamw_lr": 0.0005, "elapsed_time": 684.9713521003723, "prnt": false}
{"event": "training_step", "timestamp": 1782397126.1516008, "step": 1094, "max_steps": 1883, "loss": 5.218261241912842, "lr": 0.02, "adamw_lr": 0.0005, "elapsed_time": 685.5476489067078, "prnt": false}
{"event": "training_step", "timestamp": 1782397126.727848, "step": 1095, "max_steps": 1883, "loss": 5.25313663482666, "lr": 0.02, "adamw_lr": 0.0005, "elapsed_time": 686.1238949298859, "prnt": false}
{"event": "training_step", "timestamp": 1782397127.28202, "step": 1096, "max_steps": 1883, "loss": 5.302268981933594, "lr": 0.02, "adamw_lr": 0.0005, "elapsed_time": 686.6780669689178, "prnt": false}
{"event": "training_step", "timestamp": 1782397127.842456, "step": 1097, "max_steps": 1883, "loss": 5.2356414794921875, "lr": 0.02, "adamw_lr": 0.0005, "elapsed_time": 687.2385039329529, "prnt": false}
{"event": "training_step", "timestamp": 1782397128.41193, "step": 1098, "max_steps": 1883, "loss": 5.228811264038086, "lr": 0.02, "adamw_lr": 0.0005, "elapsed_time": 687.8079779148102, "prnt": false}
{"event": "training_step", "timestamp": 1782397128.9844968, "step": 1099, "max_steps": 1883, "loss": 5.248041152954102, "lr": 0.02, "adamw_lr": 0.0005, "elapsed_time": 688.3805449008942, "prnt": false}
{"event": "training_step", "timestamp": 1782397129.554809, "step": 1100, "max_steps": 1883, "loss": 5.310044288635254, "lr": 0.02, "adamw_lr": 0.0005, "elapsed_time": 688.9508578777313, "prnt": false}
{"event": "training_step", "timestamp": 1782397130.120929, "step": 1101, "max_steps": 1883, "loss": 5.194608688354492, "lr": 0.02, "adamw_lr": 0.0005, "elapsed_time": 689.5169768333435, "prnt": false}
{"event": "training_step", "timestamp": 1782397130.694189, "step": 1102, "max_steps": 1883, "loss": 5.2905168533325195, "lr": 0.02, "adamw_lr": 0.0005, "elapsed_time": 690.0902378559113, "prnt": false}
{"event": "training_step", "timestamp": 1782397131.266444, "step": 1103, "max_steps": 1883, "loss": 5.324479103088379, "lr": 0.02, "adamw_lr": 0.0005, "elapsed_time": 690.6624917984009, "prnt": false}
{"event": "training_step", "timestamp": 1782397131.8402188, "step": 1104, "max_steps": 1883, "loss": 5.185075759887695, "lr": 0.02, "adamw_lr": 0.0005, "elapsed_time": 691.2362680435181, "prnt": false}
{"event": "training_step", "timestamp": 1782397132.431744, "step": 1105, "max_steps": 1883, "loss": 5.254722595214844, "lr": 0.02, "adamw_lr": 0.0005, "elapsed_time": 691.827791929245, "prnt": false}
{"event": "training_step", "timestamp": 1782397133.039235, "step": 1106, "max_steps": 1883, "loss": 5.230618476867676, "lr": 0.02, "adamw_lr": 0.0005, "elapsed_time": 692.4352838993073, "prnt": false}
{"event": "training_step", "timestamp": 1782397133.6402009, "step": 1107, "max_steps": 1883, "loss": 5.292079925537109, "lr": 0.02, "adamw_lr": 0.0005, "elapsed_time": 693.036248922348, "prnt": false}
{"event": "training_step", "timestamp": 1782397134.238029, "step": 1108, "max_steps": 1883, "loss": 5.30034065246582, "lr": 0.02, "adamw_lr": 0.0005, "elapsed_time": 693.6340780258179, "prnt": false}
{"event": "training_step", "timestamp": 1782397134.820003, "step": 1109, "max_steps": 1883, "loss": 5.353152275085449, "lr": 0.02, "adamw_lr": 0.0005, "elapsed_time": 694.216050863266, "prnt": false}
{"event": "training_step", "timestamp": 1782397135.406496, "step": 1110, "max_steps": 1883, "loss": 5.202140808105469, "lr": 0.02, "adamw_lr": 0.0005, "elapsed_time": 694.8025460243225, "prnt": false}
{"event": "training_step", "timestamp": 1782397135.9864051, "step": 1111, "max_steps": 1883, "loss": 5.2889580726623535, "lr": 0.02, "adamw_lr": 0.0005, "elapsed_time": 695.382453918457, "prnt": false}
{"event": "training_step", "timestamp": 1782397136.5649102, "step": 1112, "max_steps": 1883, "loss": 5.2684783935546875, "lr": 0.02, "adamw_lr": 0.0005, "elapsed_time": 695.9609580039978, "prnt": false}
{"event": "training_step", "timestamp": 1782397137.157347, "step": 1113, "max_steps": 1883, "loss": 5.239538192749023, "lr": 0.02, "adamw_lr": 0.0005, "elapsed_time": 696.553395986557, "prnt": false}
{"event": "training_step", "timestamp": 1782397137.752973, "step": 1114, "max_steps": 1883, "loss": 5.283929347991943, "lr": 0.02, "adamw_lr": 0.0005, "elapsed_time": 697.1490178108215, "prnt": false}
{"event": "training_step", "timestamp": 1782397138.345689, "step": 1115, "max_steps": 1883, "loss": 5.304221153259277, "lr": 0.02, "adamw_lr": 0.0005, "elapsed_time": 697.7417359352112, "prnt": false}
{"event": "training_step", "timestamp": 1782397138.936568, "step": 1116, "max_steps": 1883, "loss": 5.2633867263793945, "lr": 0.02, "adamw_lr": 0.0005, "elapsed_time": 698.3326170444489, "prnt": false}
{"event": "training_step", "timestamp": 1782397139.5343528, "step": 1117, "max_steps": 1883, "loss": 5.221272945404053, "lr": 0.02, "adamw_lr": 0.0005, "elapsed_time": 698.9304010868073, "prnt": false}
{"event": "training_step", "timestamp": 1782397140.127418, "step": 1118, "max_steps": 1883, "loss": 5.190252780914307, "lr": 0.02, "adamw_lr": 0.0005, "elapsed_time": 699.5234658718109, "prnt": false}
{"event": "training_step", "timestamp": 1782397140.724638, "step": 1119, "max_steps": 1883, "loss": 5.233556270599365, "lr": 0.02, "adamw_lr": 0.0005, "elapsed_time": 700.1206858158112, "prnt": false}
{"event": "training_step", "timestamp": 1782397141.330593, "step": 1120, "max_steps": 1883, "loss": 5.287611961364746, "lr": 0.02, "adamw_lr": 0.0005, "elapsed_time": 700.7266409397125, "prnt": false}
{"event": "training_step", "timestamp": 1782397141.9462771, "step": 1121, "max_steps": 1883, "loss": 5.258832931518555, "lr": 0.02, "adamw_lr": 0.0005, "elapsed_time": 701.3423249721527, "prnt": false}
{"event": "training_step", "timestamp": 1782397142.5662348, "step": 1122, "max_steps": 1883, "loss": 5.258441925048828, "lr": 0.02, "adamw_lr": 0.0005, "elapsed_time": 701.9622840881348, "prnt": false}
{"event": "training_step", "timestamp": 1782397143.1761768, "step": 1123, "max_steps": 1883, "loss": 5.16647481918335, "lr": 0.02, "adamw_lr": 0.0005, "elapsed_time": 702.5722260475159, "prnt": false}
{"event": "training_step", "timestamp": 1782397143.773816, "step": 1124, "max_steps": 1883, "loss": 5.318735122680664, "lr": 0.02, "adamw_lr": 0.0005, "elapsed_time": 703.1698639392853, "prnt": false}
{"event": "training_step", "timestamp": 1782397144.378863, "step": 1125, "max_steps": 1883, "loss": 5.34058952331543, "lr": 0.02, "adamw_lr": 0.0005, "elapsed_time": 703.7749118804932, "prnt": false}
{"event": "training_step", "timestamp": 1782397144.9690099, "step": 1126, "max_steps": 1883, "loss": 5.111649036407471, "lr": 0.02, "adamw_lr": 0.0005, "elapsed_time": 704.3650579452515, "prnt": false}
{"event": "training_step", "timestamp": 1782397145.5576599, "step": 1127, "max_steps": 1883, "loss": 5.22132682800293, "lr": 0.02, "adamw_lr": 0.0005, "elapsed_time": 704.9537079334259, "prnt": false}
{"event": "training_step", "timestamp": 1782397146.1292439, "step": 1128, "max_steps": 1883, "loss": 5.260790824890137, "lr": 0.02, "adamw_lr": 0.0005, "elapsed_time": 705.5252919197083, "prnt": false}
{"event": "training_step", "timestamp": 1782397146.678661, "step": 1129, "max_steps": 1883, "loss": 5.159727573394775, "lr": 0.02, "adamw_lr": 0.0005, "elapsed_time": 706.0747089385986, "prnt": false}
{"event": "training_step", "timestamp": 1782397147.233645, "step": 1130, "max_steps": 1883, "loss": 5.15897274017334, "lr": 0.02, "adamw_lr": 0.0005, "elapsed_time": 706.629693031311, "prnt": false}
{"event": "training_step", "timestamp": 1782397147.794912, "step": 1131, "max_steps": 1883, "loss": 5.224311828613281, "lr": 0.02, "adamw_lr": 0.0005, "elapsed_time": 707.1909599304199, "prnt": false}
{"event": "training_step", "timestamp": 1782397148.359293, "step": 1132, "max_steps": 1883, "loss": 5.233831405639648, "lr": 0.02, "adamw_lr": 0.0005, "elapsed_time": 707.755341053009, "prnt": false}
{"event": "training_step", "timestamp": 1782397148.934156, "step": 1133, "max_steps": 1883, "loss": 5.131206512451172, "lr": 0.02, "adamw_lr": 0.0005, "elapsed_time": 708.3302049636841, "prnt": false}
{"event": "training_step", "timestamp": 1782397149.516549, "step": 1134, "max_steps": 1883, "loss": 5.2521867752075195, "lr": 0.02, "adamw_lr": 0.0005, "elapsed_time": 708.9125969409943, "prnt": false}
{"event": "training_step", "timestamp": 1782397150.084343, "step": 1135, "max_steps": 1883, "loss": 5.214656829833984, "lr": 0.02, "adamw_lr": 0.0005, "elapsed_time": 709.480388879776, "prnt": false}
{"event": "training_step", "timestamp": 1782397150.660667, "step": 1136, "max_steps": 1883, "loss": 5.304688930511475, "lr": 0.02, "adamw_lr": 0.0005, "elapsed_time": 710.0567150115967, "prnt": false}
{"event": "training_step", "timestamp": 1782397151.234408, "step": 1137, "max_steps": 1883, "loss": 5.304141998291016, "lr": 0.02, "adamw_lr": 0.0005, "elapsed_time": 710.6304559707642, "prnt": false}
{"event": "training_step", "timestamp": 1782397151.795508, "step": 1138, "max_steps": 1883, "loss": 5.162542343139648, "lr": 0.02, "adamw_lr": 0.0005, "elapsed_time": 711.1915557384491, "prnt": false}
{"event": "training_step", "timestamp": 1782397152.371645, "step": 1139, "max_steps": 1883, "loss": 5.29552698135376, "lr": 0.02, "adamw_lr": 0.0005, "elapsed_time": 711.7676858901978, "prnt": false}
{"event": "training_step", "timestamp": 1782397152.947456, "step": 1140, "max_steps": 1883, "loss": 5.237308979034424, "lr": 0.02, "adamw_lr": 0.0005, "elapsed_time": 712.3435039520264, "prnt": false}
{"event": "training_step", "timestamp": 1782397153.52476, "step": 1141, "max_steps": 1883, "loss": 5.2471923828125, "lr": 0.02, "adamw_lr": 0.0005, "elapsed_time": 712.9208068847656, "prnt": false}
{"event": "training_step", "timestamp": 1782397154.1008909, "step": 1142, "max_steps": 1883, "loss": 5.188197135925293, "lr": 0.02, "adamw_lr": 0.0005, "elapsed_time": 713.4969389438629, "prnt": false}
{"event": "training_step", "timestamp": 1782397154.667595, "step": 1143, "max_steps": 1883, "loss": 5.188353538513184, "lr": 0.02, "adamw_lr": 0.0005, "elapsed_time": 714.0636429786682, "prnt": false}
{"event": "training_step", "timestamp": 1782397155.233096, "step": 1144, "max_steps": 1883, "loss": 5.121241569519043, "lr": 0.02, "adamw_lr": 0.0005, "elapsed_time": 714.6291439533234, "prnt": false}
{"event": "training_step", "timestamp": 1782397155.7944472, "step": 1145, "max_steps": 1883, "loss": 5.16716194152832, "lr": 0.02, "adamw_lr": 0.0005, "elapsed_time": 715.1904938220978, "prnt": false}
{"event": "training_step", "timestamp": 1782397156.357467, "step": 1146, "max_steps": 1883, "loss": 5.194536209106445, "lr": 0.02, "adamw_lr": 0.0005, "elapsed_time": 715.7534968852997, "prnt": false}
{"event": "training_step", "timestamp": 1782397156.9196029, "step": 1147, "max_steps": 1883, "loss": 5.278385639190674, "lr": 0.02, "adamw_lr": 0.0005, "elapsed_time": 716.3156509399414, "prnt": false}
{"event": "training_step", "timestamp": 1782397157.481931, "step": 1148, "max_steps": 1883, "loss": 5.2779541015625, "lr": 0.02, "adamw_lr": 0.0005, "elapsed_time": 716.8779788017273, "prnt": false}
{"event": "training_step", "timestamp": 1782397158.052589, "step": 1149, "max_steps": 1883, "loss": 5.218252182006836, "lr": 0.02, "adamw_lr": 0.0005, "elapsed_time": 717.448637008667, "prnt": false}
{"event": "training_step", "timestamp": 1782397158.602505, "step": 1150, "max_steps": 1883, "loss": 5.237885475158691, "lr": 0.02, "adamw_lr": 0.0005, "elapsed_time": 717.9985527992249, "prnt": false}
{"event": "training_step", "timestamp": 1782397159.169729, "step": 1151, "max_steps": 1883, "loss": 5.249212265014648, "lr": 0.02, "adamw_lr": 0.0005, "elapsed_time": 718.5657768249512, "prnt": false}
{"event": "training_step", "timestamp": 1782397159.734099, "step": 1152, "max_steps": 1883, "loss": 5.302082061767578, "lr": 0.02, "adamw_lr": 0.0005, "elapsed_time": 719.1301467418671, "prnt": false}
{"event": "training_step", "timestamp": 1782397160.286825, "step": 1153, "max_steps": 1883, "loss": 5.325695991516113, "lr": 0.02, "adamw_lr": 0.0005, "elapsed_time": 719.6828727722168, "prnt": false}
{"event": "training_step", "timestamp": 1782397160.848084, "step": 1154, "max_steps": 1883, "loss": 5.188244342803955, "lr": 0.02, "adamw_lr": 0.0005, "elapsed_time": 720.2441308498383, "prnt": false}
{"event": "training_step", "timestamp": 1782397161.4235961, "step": 1155, "max_steps": 1883, "loss": 5.254970550537109, "lr": 0.02, "adamw_lr": 0.0005, "elapsed_time": 720.8196439743042, "prnt": false}
{"event": "training_step", "timestamp": 1782397161.986737, "step": 1156, "max_steps": 1883, "loss": 5.184665679931641, "lr": 0.02, "adamw_lr": 0.0005, "elapsed_time": 721.3827850818634, "prnt": false}
{"event": "training_step", "timestamp": 1782397162.5544052, "step": 1157, "max_steps": 1883, "loss": 5.262601852416992, "lr": 0.02, "adamw_lr": 0.0005, "elapsed_time": 721.950453042984, "prnt": false}
{"event": "validation_step", "timestamp": 1782397166.935285, "step": 1157, "max_steps": 1883, "loss": 1.182976187728033, "ema": true, "elapsed_time": 721.950453042984}
{"event": "training_step", "timestamp": 1782397167.409525, "step": 1158, "max_steps": 1883, "loss": 5.292959213256836, "lr": 0.02, "adamw_lr": 0.0005, "elapsed_time": 726.8055727481842, "prnt": false}
{"event": "training_step", "timestamp": 1782397167.9879282, "step": 1159, "max_steps": 1883, "loss": 5.253283500671387, "lr": 0.02, "adamw_lr": 0.0005, "elapsed_time": 727.3839747905731, "prnt": false}
{"event": "training_step", "timestamp": 1782397168.554113, "step": 1160, "max_steps": 1883, "loss": 5.093164443969727, "lr": 0.02, "adamw_lr": 0.0005, "elapsed_time": 727.9501597881317, "prnt": false}
{"event": "training_step", "timestamp": 1782397169.099315, "step": 1161, "max_steps": 1883, "loss": 5.242256164550781, "lr": 0.02, "adamw_lr": 0.0005, "elapsed_time": 728.495362997055, "prnt": false}
{"event": "training_step", "timestamp": 1782397169.612421, "step": 1162, "max_steps": 1883, "loss": 5.18461799621582, "lr": 0.02, "adamw_lr": 0.0005, "elapsed_time": 729.0084688663483, "prnt": false}
{"event": "training_step", "timestamp": 1782397170.105527, "step": 1163, "max_steps": 1883, "loss": 5.205570220947266, "lr": 0.02, "adamw_lr": 0.0005, "elapsed_time": 729.5015738010406, "prnt": false}
{"event": "training_step", "timestamp": 1782397170.681101, "step": 1164, "max_steps": 1883, "loss": 5.174501419067383, "lr": 0.02, "adamw_lr": 0.0005, "elapsed_time": 730.0771489143372, "prnt": false}
{"event": "training_step", "timestamp": 1782397171.265354, "step": 1165, "max_steps": 1883, "loss": 5.188682556152344, "lr": 0.02, "adamw_lr": 0.0005, "elapsed_time": 730.6614017486572, "prnt": false}
{"event": "training_step", "timestamp": 1782397171.842108, "step": 1166, "max_steps": 1883, "loss": 5.217357635498047, "lr": 0.02, "adamw_lr": 0.0005, "elapsed_time": 731.238156080246, "prnt": false}
{"event": "training_step", "timestamp": 1782397172.4151812, "step": 1167, "max_steps": 1883, "loss": 5.162571907043457, "lr": 0.02, "adamw_lr": 0.0005, "elapsed_time": 731.8112277984619, "prnt": false}
{"event": "training_step", "timestamp": 1782397173.0005498, "step": 1168, "max_steps": 1883, "loss": 5.170623779296875, "lr": 0.02, "adamw_lr": 0.0005, "elapsed_time": 732.3965981006622, "prnt": false}
{"event": "training_step", "timestamp": 1782397173.607368, "step": 1169, "max_steps": 1883, "loss": 5.2218122482299805, "lr": 0.02, "adamw_lr": 0.0005, "elapsed_time": 733.0034160614014, "prnt": false}
{"event": "training_step", "timestamp": 1782397174.1985888, "step": 1170, "max_steps": 1883, "loss": 5.2245283126831055, "lr": 0.02, "adamw_lr": 0.0005, "elapsed_time": 733.5946371555328, "prnt": false}
{"event": "training_step", "timestamp": 1782397174.786515, "step": 1171, "max_steps": 1883, "loss": 5.218314170837402, "lr": 0.02, "adamw_lr": 0.0005, "elapsed_time": 734.182562828064, "prnt": false}
{"event": "training_step", "timestamp": 1782397175.362933, "step": 1172, "max_steps": 1883, "loss": 5.242097854614258, "lr": 0.02, "adamw_lr": 0.0005, "elapsed_time": 734.7589819431305, "prnt": false}
{"event": "training_step", "timestamp": 1782397175.950721, "step": 1173, "max_steps": 1883, "loss": 5.126107215881348, "lr": 0.02, "adamw_lr": 0.0005, "elapsed_time": 735.3467679023743, "prnt": false}
{"event": "training_step", "timestamp": 1782397176.542509, "step": 1174, "max_steps": 1883, "loss": 5.186249732971191, "lr": 0.02, "adamw_lr": 0.0005, "elapsed_time": 735.938554763794, "prnt": false}
{"event": "training_step", "timestamp": 1782397177.13713, "step": 1175, "max_steps": 1883, "loss": 5.328770637512207, "lr": 0.02, "adamw_lr": 0.0005, "elapsed_time": 736.5331768989563, "prnt": false}
{"event": "training_step", "timestamp": 1782397177.739972, "step": 1176, "max_steps": 1883, "loss": 5.248461723327637, "lr": 0.02, "adamw_lr": 0.0005, "elapsed_time": 737.1360177993774, "prnt": false}
{"event": "training_step", "timestamp": 1782397178.320058, "step": 1177, "max_steps": 1883, "loss": 5.217193603515625, "lr": 0.02, "adamw_lr": 0.0005, "elapsed_time": 737.7161068916321, "prnt": false}
{"event": "training_step", "timestamp": 1782397178.901806, "step": 1178, "max_steps": 1883, "loss": 5.324336051940918, "lr": 0.02, "adamw_lr": 0.0005, "elapsed_time": 738.2978549003601, "prnt": false}
{"event": "training_step", "timestamp": 1782397179.486176, "step": 1179, "max_steps": 1883, "loss": 5.1508870124816895, "lr": 0.02, "adamw_lr": 0.0005, "elapsed_time": 738.882221698761, "prnt": false}
{"event": "training_step", "timestamp": 1782397180.0794518, "step": 1180, "max_steps": 1883, "loss": 5.234925270080566, "lr": 0.02, "adamw_lr": 0.0005, "elapsed_time": 739.4755001068115, "prnt": false}
{"event": "training_step", "timestamp": 1782397180.666063, "step": 1181, "max_steps": 1883, "loss": 5.183162689208984, "lr": 0.02, "adamw_lr": 0.0005, "elapsed_time": 740.0621109008789, "prnt": false}
{"event": "training_step", "timestamp": 1782397181.253671, "step": 1182, "max_steps": 1883, "loss": 5.240853786468506, "lr": 0.02, "adamw_lr": 0.0005, "elapsed_time": 740.6497189998627, "prnt": false}
{"event": "training_step", "timestamp": 1782397181.838194, "step": 1183, "max_steps": 1883, "loss": 5.183673858642578, "lr": 0.02, "adamw_lr": 0.0005, "elapsed_time": 741.2342419624329, "prnt": false}
{"event": "training_step", "timestamp": 1782397182.4170182, "step": 1184, "max_steps": 1883, "loss": 5.192059516906738, "lr": 0.02, "adamw_lr": 0.0005, "elapsed_time": 741.8130660057068, "prnt": false}
{"event": "training_step", "timestamp": 1782397183.001547, "step": 1185, "max_steps": 1883, "loss": 5.187689781188965, "lr": 0.02, "adamw_lr": 0.0005, "elapsed_time": 742.3975949287415, "prnt": false}
{"event": "training_step", "timestamp": 1782397183.5882409, "step": 1186, "max_steps": 1883, "loss": 5.177474498748779, "lr": 0.02, "adamw_lr": 0.0005, "elapsed_time": 742.984288930893, "prnt": false}
{"event": "training_step", "timestamp": 1782397184.166276, "step": 1187, "max_steps": 1883, "loss": 5.223709583282471, "lr": 0.02, "adamw_lr": 0.0005, "elapsed_time": 743.5623240470886, "prnt": false}
{"event": "training_step", "timestamp": 1782397184.749287, "step": 1188, "max_steps": 1883, "loss": 5.165414810180664, "lr": 0.02, "adamw_lr": 0.0005, "elapsed_time": 744.1453349590302, "prnt": false}
{"event": "training_step", "timestamp": 1782397185.324928, "step": 1189, "max_steps": 1883, "loss": 5.227934837341309, "lr": 0.02, "adamw_lr": 0.0005, "elapsed_time": 744.7209758758545, "prnt": false}
{"event": "training_step", "timestamp": 1782397185.9060102, "step": 1190, "max_steps": 1883, "loss": 5.179421424865723, "lr": 0.02, "adamw_lr": 0.0005, "elapsed_time": 745.3020579814911, "prnt": false}
{"event": "training_step", "timestamp": 1782397186.465847, "step": 1191, "max_steps": 1883, "loss": 5.213813781738281, "lr": 0.02, "adamw_lr": 0.0005, "elapsed_time": 745.8618960380554, "prnt": false}
{"event": "training_step", "timestamp": 1782397187.039857, "step": 1192, "max_steps": 1883, "loss": 5.148326873779297, "lr": 0.02, "adamw_lr": 0.0005, "elapsed_time": 746.4359049797058, "prnt": false}
{"event": "training_step", "timestamp": 1782397187.608722, "step": 1193, "max_steps": 1883, "loss": 5.1812334060668945, "lr": 0.02, "adamw_lr": 0.0005, "elapsed_time": 747.0047707557678, "prnt": false}
{"event": "training_step", "timestamp": 1782397188.165474, "step": 1194, "max_steps": 1883, "loss": 5.155911922454834, "lr": 0.02, "adamw_lr": 0.0005, "elapsed_time": 747.5615229606628, "prnt": false}
{"event": "training_step", "timestamp": 1782397188.742479, "step": 1195, "max_steps": 1883, "loss": 5.240877151489258, "lr": 0.02, "adamw_lr": 0.0005, "elapsed_time": 748.1385269165039, "prnt": false}
{"event": "training_step", "timestamp": 1782397189.317442, "step": 1196, "max_steps": 1883, "loss": 5.283162593841553, "lr": 0.02, "adamw_lr": 0.0005, "elapsed_time": 748.7134900093079, "prnt": false}
{"event": "training_step", "timestamp": 1782397189.8916218, "step": 1197, "max_steps": 1883, "loss": 5.262451648712158, "lr": 0.02, "adamw_lr": 0.0005, "elapsed_time": 749.2876698970795, "prnt": false}
{"event": "training_step", "timestamp": 1782397190.467509, "step": 1198, "max_steps": 1883, "loss": 5.2730393409729, "lr": 0.02, "adamw_lr": 0.0005, "elapsed_time": 749.8635559082031, "prnt": false}
{"event": "training_step", "timestamp": 1782397191.040823, "step": 1199, "max_steps": 1883, "loss": 5.321968078613281, "lr": 0.02, "adamw_lr": 0.0005, "elapsed_time": 750.4368708133698, "prnt": false}
{"event": "training_step", "timestamp": 1782397191.616985, "step": 1200, "max_steps": 1883, "loss": 5.264479637145996, "lr": 0.02, "adamw_lr": 0.0005, "elapsed_time": 751.0130298137665, "prnt": false}
{"event": "training_step", "timestamp": 1782397192.198418, "step": 1201, "max_steps": 1883, "loss": 5.29694128036499, "lr": 0.02, "adamw_lr": 0.0005, "elapsed_time": 751.594465970993, "prnt": false}
{"event": "training_step", "timestamp": 1782397192.781004, "step": 1202, "max_steps": 1883, "loss": 5.211087226867676, "lr": 0.02, "adamw_lr": 0.0005, "elapsed_time": 752.177051782608, "prnt": false}
{"event": "training_step", "timestamp": 1782397193.357874, "step": 1203, "max_steps": 1883, "loss": 5.188581943511963, "lr": 0.02, "adamw_lr": 0.0005, "elapsed_time": 752.7539229393005, "prnt": false}
{"event": "training_step", "timestamp": 1782397193.930772, "step": 1204, "max_steps": 1883, "loss": 5.185447692871094, "lr": 0.02, "adamw_lr": 0.0005, "elapsed_time": 753.3268208503723, "prnt": false}
{"event": "training_step", "timestamp": 1782397194.5074959, "step": 1205, "max_steps": 1883, "loss": 5.217198848724365, "lr": 0.02, "adamw_lr": 0.0005, "elapsed_time": 753.9035410881042, "prnt": false}
{"event": "training_step", "timestamp": 1782397195.099243, "step": 1206, "max_steps": 1883, "loss": 5.1479291915893555, "lr": 0.02, "adamw_lr": 0.0005, "elapsed_time": 754.4952898025513, "prnt": false}
{"event": "training_step", "timestamp": 1782397195.670123, "step": 1207, "max_steps": 1883, "loss": 5.127242088317871, "lr": 0.02, "adamw_lr": 0.0005, "elapsed_time": 755.0661718845367, "prnt": false}
{"event": "training_step", "timestamp": 1782397196.2480268, "step": 1208, "max_steps": 1883, "loss": 5.141355991363525, "lr": 0.02, "adamw_lr": 0.0005, "elapsed_time": 755.6440749168396, "prnt": false}
{"event": "training_step", "timestamp": 1782397196.8300018, "step": 1209, "max_steps": 1883, "loss": 5.161967754364014, "lr": 0.02, "adamw_lr": 0.0005, "elapsed_time": 756.2260501384735, "prnt": false}
{"event": "training_step", "timestamp": 1782397197.394005, "step": 1210, "max_steps": 1883, "loss": 5.205641269683838, "lr": 0.02, "adamw_lr": 0.0005, "elapsed_time": 756.7900538444519, "prnt": false}
{"event": "training_step", "timestamp": 1782397197.954138, "step": 1211, "max_steps": 1883, "loss": 5.079278945922852, "lr": 0.02, "adamw_lr": 0.0005, "elapsed_time": 757.3501858711243, "prnt": false}
{"event": "training_step", "timestamp": 1782397198.521653, "step": 1212, "max_steps": 1883, "loss": 5.179899215698242, "lr": 0.02, "adamw_lr": 0.0005, "elapsed_time": 757.9177007675171, "prnt": false}
{"event": "training_step", "timestamp": 1782397199.090633, "step": 1213, "max_steps": 1883, "loss": 5.210906028747559, "lr": 0.02, "adamw_lr": 0.0005, "elapsed_time": 758.4866807460785, "prnt": false}
{"event": "training_step", "timestamp": 1782397199.6532679, "step": 1214, "max_steps": 1883, "loss": 5.221512794494629, "lr": 0.02, "adamw_lr": 0.0005, "elapsed_time": 759.0493159294128, "prnt": false}
{"event": "training_step", "timestamp": 1782397200.23996, "step": 1215, "max_steps": 1883, "loss": 5.1829962730407715, "lr": 0.02, "adamw_lr": 0.0005, "elapsed_time": 759.6360080242157, "prnt": false}
{"event": "training_step", "timestamp": 1782397200.824001, "step": 1216, "max_steps": 1883, "loss": 5.161651611328125, "lr": 0.02, "adamw_lr": 0.0005, "elapsed_time": 760.220048904419, "prnt": false}
{"event": "training_step", "timestamp": 1782397201.414677, "step": 1217, "max_steps": 1883, "loss": 5.152980804443359, "lr": 0.02, "adamw_lr": 0.0005, "elapsed_time": 760.81072473526, "prnt": false}
{"event": "training_step", "timestamp": 1782397201.9956381, "step": 1218, "max_steps": 1883, "loss": 5.2583818435668945, "lr": 0.02, "adamw_lr": 0.0005, "elapsed_time": 761.3916847705841, "prnt": false}
{"event": "training_step", "timestamp": 1782397202.567173, "step": 1219, "max_steps": 1883, "loss": 5.209461688995361, "lr": 0.02, "adamw_lr": 0.0005, "elapsed_time": 761.9632210731506, "prnt": false}
{"event": "training_step", "timestamp": 1782397203.1471272, "step": 1220, "max_steps": 1883, "loss": 5.174999237060547, "lr": 0.02, "adamw_lr": 0.0005, "elapsed_time": 762.5431749820709, "prnt": false}
{"event": "training_step", "timestamp": 1782397203.7869709, "step": 1221, "max_steps": 1883, "loss": 5.12099552154541, "lr": 0.02, "adamw_lr": 0.0005, "elapsed_time": 763.1830189228058, "prnt": false}
{"event": "training_step", "timestamp": 1782397204.3892128, "step": 1222, "max_steps": 1883, "loss": 5.097592353820801, "lr": 0.02, "adamw_lr": 0.0005, "elapsed_time": 763.7852611541748, "prnt": false}
{"event": "training_step", "timestamp": 1782397205.000208, "step": 1223, "max_steps": 1883, "loss": 5.132159233093262, "lr": 0.02, "adamw_lr": 0.0005, "elapsed_time": 764.3962559700012, "prnt": false}
{"event": "training_step", "timestamp": 1782397205.638462, "step": 1224, "max_steps": 1883, "loss": 5.172082901000977, "lr": 0.02, "adamw_lr": 0.0005, "elapsed_time": 765.0345089435577, "prnt": false}
{"event": "training_step", "timestamp": 1782397206.2476642, "step": 1225, "max_steps": 1883, "loss": 5.268707752227783, "lr": 0.02, "adamw_lr": 0.0005, "elapsed_time": 765.6437108516693, "prnt": false}
{"event": "training_step", "timestamp": 1782397206.8234692, "step": 1226, "max_steps": 1883, "loss": 5.223212242126465, "lr": 0.02, "adamw_lr": 0.0005, "elapsed_time": 766.219516992569, "prnt": false}
{"event": "training_step", "timestamp": 1782397207.418277, "step": 1227, "max_steps": 1883, "loss": 5.190752983093262, "lr": 0.02, "adamw_lr": 0.0005, "elapsed_time": 766.8143138885498, "prnt": false}
{"event": "training_step", "timestamp": 1782397207.999393, "step": 1228, "max_steps": 1883, "loss": 5.213067054748535, "lr": 0.02, "adamw_lr": 0.0005, "elapsed_time": 767.3954429626465, "prnt": false}
{"event": "training_step", "timestamp": 1782397208.574125, "step": 1229, "max_steps": 1883, "loss": 5.188076496124268, "lr": 0.02, "adamw_lr": 0.0005, "elapsed_time": 767.9701728820801, "prnt": false}
{"event": "training_step", "timestamp": 1782397209.178611, "step": 1230, "max_steps": 1883, "loss": 5.140407562255859, "lr": 0.02, "adamw_lr": 0.0005, "elapsed_time": 768.5746591091156, "prnt": false}
{"event": "training_step", "timestamp": 1782397209.771463, "step": 1231, "max_steps": 1883, "loss": 5.281172752380371, "lr": 0.02, "adamw_lr": 0.0005, "elapsed_time": 769.1675109863281, "prnt": false}
{"event": "training_step", "timestamp": 1782397210.3910022, "step": 1232, "max_steps": 1883, "loss": 5.177321910858154, "lr": 0.02, "adamw_lr": 0.0005, "elapsed_time": 769.7870500087738, "prnt": false}
{"event": "training_step", "timestamp": 1782397210.9952488, "step": 1233, "max_steps": 1883, "loss": 5.1758575439453125, "lr": 0.02, "adamw_lr": 0.0005, "elapsed_time": 770.3912971019745, "prnt": false}
{"event": "training_step", "timestamp": 1782397211.585527, "step": 1234, "max_steps": 1883, "loss": 5.208404541015625, "lr": 0.02, "adamw_lr": 0.0005, "elapsed_time": 770.9815759658813, "prnt": false}
{"event": "training_step", "timestamp": 1782397212.213963, "step": 1235, "max_steps": 1883, "loss": 5.117948055267334, "lr": 0.02, "adamw_lr": 0.0005, "elapsed_time": 771.6100108623505, "prnt": false}
{"event": "training_step", "timestamp": 1782397212.820699, "step": 1236, "max_steps": 1883, "loss": 5.183882236480713, "lr": 0.02, "adamw_lr": 0.0005, "elapsed_time": 772.216747045517, "prnt": false}
{"event": "training_step", "timestamp": 1782397213.4130251, "step": 1237, "max_steps": 1883, "loss": 5.217521667480469, "lr": 0.02, "adamw_lr": 0.0005, "elapsed_time": 772.809072971344, "prnt": false}
{"event": "training_step", "timestamp": 1782397214.029065, "step": 1238, "max_steps": 1883, "loss": 5.188504219055176, "lr": 0.02, "adamw_lr": 0.0005, "elapsed_time": 773.4251139163971, "prnt": false}
{"event": "training_step", "timestamp": 1782397214.6515799, "step": 1239, "max_steps": 1883, "loss": 5.186698913574219, "lr": 0.02, "adamw_lr": 0.0005, "elapsed_time": 774.0476269721985, "prnt": false}
{"event": "training_step", "timestamp": 1782397215.279509, "step": 1240, "max_steps": 1883, "loss": 5.06279993057251, "lr": 0.02, "adamw_lr": 0.0005, "elapsed_time": 774.6755568981171, "prnt": false}
{"event": "training_step", "timestamp": 1782397215.922785, "step": 1241, "max_steps": 1883, "loss": 5.275701522827148, "lr": 0.02, "adamw_lr": 0.0005, "elapsed_time": 775.3188319206238, "prnt": false}
{"event": "training_step", "timestamp": 1782397216.530189, "step": 1242, "max_steps": 1883, "loss": 5.116432189941406, "lr": 0.02, "adamw_lr": 0.0005, "elapsed_time": 775.9262368679047, "prnt": false}
{"event": "training_step", "timestamp": 1782397217.132421, "step": 1243, "max_steps": 1883, "loss": 5.171139717102051, "lr": 0.02, "adamw_lr": 0.0005, "elapsed_time": 776.5284690856934, "prnt": false}
{"event": "training_step", "timestamp": 1782397217.711512, "step": 1244, "max_steps": 1883, "loss": 5.088998794555664, "lr": 0.02, "adamw_lr": 0.0005, "elapsed_time": 777.107558965683, "prnt": false}
{"event": "training_step", "timestamp": 1782397218.318314, "step": 1245, "max_steps": 1883, "loss": 5.199166297912598, "lr": 0.02, "adamw_lr": 0.0005, "elapsed_time": 777.7143619060516, "prnt": false}
{"event": "training_step", "timestamp": 1782397218.948019, "step": 1246, "max_steps": 1883, "loss": 5.191523551940918, "lr": 0.02, "adamw_lr": 0.0005, "elapsed_time": 778.344064950943, "prnt": false}
{"event": "validation_step", "timestamp": 1782397223.716477, "step": 1246, "max_steps": 1883, "loss": 1.1784207001500846, "ema": true, "elapsed_time": 778.344064950943}
{"event": "training_step", "timestamp": 1782397224.222489, "step": 1247, "max_steps": 1883, "loss": 5.155971527099609, "lr": 0.02, "adamw_lr": 0.0005, "elapsed_time": 783.6185369491577, "prnt": false}
{"event": "training_step", "timestamp": 1782397224.837259, "step": 1248, "max_steps": 1883, "loss": 5.240718841552734, "lr": 0.02, "adamw_lr": 0.0005, "elapsed_time": 784.2333078384399, "prnt": false}
{"event": "training_step", "timestamp": 1782397225.4327989, "step": 1249, "max_steps": 1883, "loss": 5.196242809295654, "lr": 0.02, "adamw_lr": 0.0005, "elapsed_time": 784.8288469314575, "prnt": false}
{"event": "training_step", "timestamp": 1782397226.020881, "step": 1250, "max_steps": 1883, "loss": 5.162869453430176, "lr": 0.02, "adamw_lr": 0.0005, "elapsed_time": 785.4169290065765, "prnt": false}
{"event": "training_step", "timestamp": 1782397226.603449, "step": 1251, "max_steps": 1883, "loss": 5.089746952056885, "lr": 0.02, "adamw_lr": 0.0005, "elapsed_time": 785.9994978904724, "prnt": false}
{"event": "training_step", "timestamp": 1782397227.203325, "step": 1252, "max_steps": 1883, "loss": 5.184839248657227, "lr": 0.02, "adamw_lr": 0.0005, "elapsed_time": 786.5993731021881, "prnt": false}
{"event": "training_step", "timestamp": 1782397227.7754009, "step": 1253, "max_steps": 1883, "loss": 5.1153788566589355, "lr": 0.02, "adamw_lr": 0.0005, "elapsed_time": 787.1714498996735, "prnt": false}
{"event": "training_step", "timestamp": 1782397228.3619552, "step": 1254, "max_steps": 1883, "loss": 5.154950141906738, "lr": 0.02, "adamw_lr": 0.0005, "elapsed_time": 787.758003950119, "prnt": false}
{"event": "training_step", "timestamp": 1782397228.9416478, "step": 1255, "max_steps": 1883, "loss": 5.1911420822143555, "lr": 0.02, "adamw_lr": 0.0005, "elapsed_time": 788.3376960754395, "prnt": false}
{"event": "training_step", "timestamp": 1782397229.51809, "step": 1256, "max_steps": 1883, "loss": 5.1620073318481445, "lr": 0.02, "adamw_lr": 0.0005, "elapsed_time": 788.9141387939453, "prnt": false}
{"event": "training_step", "timestamp": 1782397230.1139681, "step": 1257, "max_steps": 1883, "loss": 5.175729274749756, "lr": 0.02, "adamw_lr": 0.0005, "elapsed_time": 789.510015964508, "prnt": false}
{"event": "training_step", "timestamp": 1782397230.711335, "step": 1258, "max_steps": 1883, "loss": 5.053691864013672, "lr": 0.02, "adamw_lr": 0.0005, "elapsed_time": 790.1073830127716, "prnt": false}
{"event": "training_step", "timestamp": 1782397231.309189, "step": 1259, "max_steps": 1883, "loss": 5.160123825073242, "lr": 0.02, "adamw_lr": 0.0005, "elapsed_time": 790.7052369117737, "prnt": false}
{"event": "training_step", "timestamp": 1782397231.9084742, "step": 1260, "max_steps": 1883, "loss": 5.084076881408691, "lr": 0.02, "adamw_lr": 0.0005, "elapsed_time": 791.3045220375061, "prnt": false}
{"event": "training_step", "timestamp": 1782397232.523641, "step": 1261, "max_steps": 1883, "loss": 5.200745582580566, "lr": 0.02, "adamw_lr": 0.0005, "elapsed_time": 791.9196898937225, "prnt": false}
{"event": "training_step", "timestamp": 1782397233.131388, "step": 1262, "max_steps": 1883, "loss": 5.080504894256592, "lr": 0.02, "adamw_lr": 0.0005, "elapsed_time": 792.5274360179901, "prnt": false}
{"event": "training_step", "timestamp": 1782397233.748802, "step": 1263, "max_steps": 1883, "loss": 5.1819305419921875, "lr": 0.02, "adamw_lr": 0.0005, "elapsed_time": 793.1448500156403, "prnt": false}
{"event": "training_step", "timestamp": 1782397234.341127, "step": 1264, "max_steps": 1883, "loss": 5.13796329498291, "lr": 0.02, "adamw_lr": 0.0005, "elapsed_time": 793.737174987793, "prnt": false}
{"event": "training_step", "timestamp": 1782397234.9156852, "step": 1265, "max_steps": 1883, "loss": 5.166613578796387, "lr": 0.02, "adamw_lr": 0.0005, "elapsed_time": 794.3117320537567, "prnt": false}
{"event": "training_step", "timestamp": 1782397235.495567, "step": 1266, "max_steps": 1883, "loss": 5.097565174102783, "lr": 0.02, "adamw_lr": 0.0005, "elapsed_time": 794.8916118144989, "prnt": false}
{"event": "training_step", "timestamp": 1782397236.10783, "step": 1267, "max_steps": 1883, "loss": 5.30964469909668, "lr": 0.02, "adamw_lr": 0.0005, "elapsed_time": 795.5038769245148, "prnt": false}
{"event": "training_step", "timestamp": 1782397236.689837, "step": 1268, "max_steps": 1883, "loss": 5.279319763183594, "lr": 0.02, "adamw_lr": 0.0005, "elapsed_time": 796.0858838558197, "prnt": false}
{"event": "training_step", "timestamp": 1782397237.280441, "step": 1269, "max_steps": 1883, "loss": 5.112750053405762, "lr": 0.02, "adamw_lr": 0.0005, "elapsed_time": 796.6764888763428, "prnt": false}
{"event": "training_step", "timestamp": 1782397237.852538, "step": 1270, "max_steps": 1883, "loss": 5.212472438812256, "lr": 0.02, "adamw_lr": 0.0005, "elapsed_time": 797.2485859394073, "prnt": false}
{"event": "training_step", "timestamp": 1782397238.345098, "step": 1271, "max_steps": 1883, "loss": 5.152131080627441, "lr": 0.02, "adamw_lr": 0.0005, "elapsed_time": 797.7411439418793, "prnt": false}
{"event": "training_step", "timestamp": 1782397238.818532, "step": 1272, "max_steps": 1883, "loss": 5.149377822875977, "lr": 0.02, "adamw_lr": 0.0005, "elapsed_time": 798.2145800590515, "prnt": false}
{"event": "training_step", "timestamp": 1782397239.354244, "step": 1273, "max_steps": 1883, "loss": 5.201045036315918, "lr": 0.02, "adamw_lr": 0.0005, "elapsed_time": 798.7502920627594, "prnt": false}
{"event": "training_step", "timestamp": 1782397239.948401, "step": 1274, "max_steps": 1883, "loss": 5.214797019958496, "lr": 0.02, "adamw_lr": 0.0005, "elapsed_time": 799.3444468975067, "prnt": false}
{"event": "training_step", "timestamp": 1782397240.5789921, "step": 1275, "max_steps": 1883, "loss": 5.0930047035217285, "lr": 0.02, "adamw_lr": 0.0005, "elapsed_time": 799.9750390052795, "prnt": false}
{"event": "training_step", "timestamp": 1782397241.217278, "step": 1276, "max_steps": 1883, "loss": 5.201390266418457, "lr": 0.02, "adamw_lr": 0.0005, "elapsed_time": 800.6133258342743, "prnt": false}
{"event": "training_step", "timestamp": 1782397241.863604, "step": 1277, "max_steps": 1883, "loss": 5.190725803375244, "lr": 0.02, "adamw_lr": 0.0005, "elapsed_time": 801.2596518993378, "prnt": false}
{"event": "training_step", "timestamp": 1782397242.490176, "step": 1278, "max_steps": 1883, "loss": 5.177910804748535, "lr": 0.02, "adamw_lr": 0.0005, "elapsed_time": 801.8862218856812, "prnt": false}
{"event": "training_step", "timestamp": 1782397243.102012, "step": 1279, "max_steps": 1883, "loss": 5.123821258544922, "lr": 0.02, "adamw_lr": 0.0005, "elapsed_time": 802.4980599880219, "prnt": false}
{"event": "training_step", "timestamp": 1782397243.725976, "step": 1280, "max_steps": 1883, "loss": 5.170302391052246, "lr": 0.02, "adamw_lr": 0.0005, "elapsed_time": 803.1220238208771, "prnt": false}
{"event": "training_step", "timestamp": 1782397244.319606, "step": 1281, "max_steps": 1883, "loss": 5.234928131103516, "lr": 0.02, "adamw_lr": 0.0005, "elapsed_time": 803.7156538963318, "prnt": false}
{"event": "training_step", "timestamp": 1782397244.943588, "step": 1282, "max_steps": 1883, "loss": 5.1606550216674805, "lr": 0.02, "adamw_lr": 0.0005, "elapsed_time": 804.3396370410919, "prnt": false}
{"event": "training_step", "timestamp": 1782397245.5500941, "step": 1283, "max_steps": 1883, "loss": 5.105936527252197, "lr": 0.02, "adamw_lr": 0.0005, "elapsed_time": 804.9461419582367, "prnt": false}
{"event": "training_step", "timestamp": 1782397246.16838, "step": 1284, "max_steps": 1883, "loss": 5.159014701843262, "lr": 0.02, "adamw_lr": 0.0005, "elapsed_time": 805.5644280910492, "prnt": false}
{"event": "training_step", "timestamp": 1782397246.7780118, "step": 1285, "max_steps": 1883, "loss": 5.145183563232422, "lr": 0.02, "adamw_lr": 0.0005, "elapsed_time": 806.1740601062775, "prnt": false}
{"event": "training_step", "timestamp": 1782397247.3883011, "step": 1286, "max_steps": 1883, "loss": 5.129001140594482, "lr": 0.02, "adamw_lr": 0.0005, "elapsed_time": 806.7843499183655, "prnt": false}
{"event": "training_step", "timestamp": 1782397248.0137322, "step": 1287, "max_steps": 1883, "loss": 5.251510143280029, "lr": 0.02, "adamw_lr": 0.0005, "elapsed_time": 807.4097800254822, "prnt": false}
{"event": "training_step", "timestamp": 1782397248.64508, "step": 1288, "max_steps": 1883, "loss": 5.122740745544434, "lr": 0.02, "adamw_lr": 0.0005, "elapsed_time": 808.0411279201508, "prnt": false}
{"event": "training_step", "timestamp": 1782397249.256269, "step": 1289, "max_steps": 1883, "loss": 5.171839714050293, "lr": 0.02, "adamw_lr": 0.0005, "elapsed_time": 808.6523180007935, "prnt": false}
{"event": "training_step", "timestamp": 1782397249.873858, "step": 1290, "max_steps": 1883, "loss": 5.235647201538086, "lr": 0.02, "adamw_lr": 0.0005, "elapsed_time": 809.2699058055878, "prnt": false}
{"event": "training_step", "timestamp": 1782397250.474546, "step": 1291, "max_steps": 1883, "loss": 5.100181579589844, "lr": 0.02, "adamw_lr": 0.0005, "elapsed_time": 809.8705949783325, "prnt": false}
{"event": "training_step", "timestamp": 1782397251.086745, "step": 1292, "max_steps": 1883, "loss": 5.132105827331543, "lr": 0.02, "adamw_lr": 0.0005, "elapsed_time": 810.4827928543091, "prnt": false}
{"event": "training_step", "timestamp": 1782397251.6870131, "step": 1293, "max_steps": 1883, "loss": 5.228541374206543, "lr": 0.02, "adamw_lr": 0.0005, "elapsed_time": 811.0830600261688, "prnt": false}
{"event": "training_step", "timestamp": 1782397252.3143868, "step": 1294, "max_steps": 1883, "loss": 5.145409107208252, "lr": 0.02, "adamw_lr": 0.0005, "elapsed_time": 811.7104349136353, "prnt": false}
{"event": "training_step", "timestamp": 1782397252.952905, "step": 1295, "max_steps": 1883, "loss": 5.139568328857422, "lr": 0.02, "adamw_lr": 0.0005, "elapsed_time": 812.3489537239075, "prnt": false}
{"event": "training_step", "timestamp": 1782397253.578628, "step": 1296, "max_steps": 1883, "loss": 5.1707563400268555, "lr": 0.02, "adamw_lr": 0.0005, "elapsed_time": 812.9746758937836, "prnt": false}
{"event": "training_step", "timestamp": 1782397254.192003, "step": 1297, "max_steps": 1883, "loss": 5.091403961181641, "lr": 0.02, "adamw_lr": 0.0005, "elapsed_time": 813.588052034378, "prnt": false}
{"event": "training_step", "timestamp": 1782397254.806066, "step": 1298, "max_steps": 1883, "loss": 5.19801664352417, "lr": 0.02, "adamw_lr": 0.0005, "elapsed_time": 814.2021150588989, "prnt": false}
{"event": "training_step", "timestamp": 1782397255.425023, "step": 1299, "max_steps": 1883, "loss": 5.114842414855957, "lr": 0.02, "adamw_lr": 0.0005, "elapsed_time": 814.8210709095001, "prnt": false}
{"event": "training_step", "timestamp": 1782397256.028061, "step": 1300, "max_steps": 1883, "loss": 5.129190444946289, "lr": 0.02, "adamw_lr": 0.0005, "elapsed_time": 815.4241096973419, "prnt": false}
{"event": "training_step", "timestamp": 1782397256.623262, "step": 1301, "max_steps": 1883, "loss": 5.041864395141602, "lr": 0.02, "adamw_lr": 0.0005, "elapsed_time": 816.01930975914, "prnt": false}
{"event": "training_step", "timestamp": 1782397257.2235148, "step": 1302, "max_steps": 1883, "loss": 5.047142505645752, "lr": 0.02, "adamw_lr": 0.0005, "elapsed_time": 816.6195631027222, "prnt": false}
{"event": "training_step", "timestamp": 1782397257.8246028, "step": 1303, "max_steps": 1883, "loss": 5.290273189544678, "lr": 0.02, "adamw_lr": 0.0005, "elapsed_time": 817.2206499576569, "prnt": false}
{"event": "training_step", "timestamp": 1782397258.447171, "step": 1304, "max_steps": 1883, "loss": 5.118890762329102, "lr": 0.02, "adamw_lr": 0.0005, "elapsed_time": 817.8432190418243, "prnt": false}
{"event": "training_step", "timestamp": 1782397259.022848, "step": 1305, "max_steps": 1883, "loss": 5.166056156158447, "lr": 0.02, "adamw_lr": 0.0005, "elapsed_time": 818.4188959598541, "prnt": false}
{"event": "training_step", "timestamp": 1782397259.596881, "step": 1306, "max_steps": 1883, "loss": 5.200061798095703, "lr": 0.02, "adamw_lr": 0.0005, "elapsed_time": 818.9929299354553, "prnt": false}
{"event": "training_step", "timestamp": 1782397260.1882849, "step": 1307, "max_steps": 1883, "loss": 5.0745368003845215, "lr": 0.02, "adamw_lr": 0.0005, "elapsed_time": 819.5843329429626, "prnt": false}
{"event": "training_step", "timestamp": 1782397260.775567, "step": 1308, "max_steps": 1883, "loss": 5.1840949058532715, "lr": 0.02, "adamw_lr": 0.0005, "elapsed_time": 820.1716139316559, "prnt": false}
{"event": "training_step", "timestamp": 1782397261.35977, "step": 1309, "max_steps": 1883, "loss": 5.169976234436035, "lr": 0.02, "adamw_lr": 0.0005, "elapsed_time": 820.7558178901672, "prnt": false}
{"event": "training_step", "timestamp": 1782397261.9614651, "step": 1310, "max_steps": 1883, "loss": 5.148523330688477, "lr": 0.02, "adamw_lr": 0.0005, "elapsed_time": 821.3575119972229, "prnt": false}
{"event": "training_step", "timestamp": 1782397262.552133, "step": 1311, "max_steps": 1883, "loss": 5.148438453674316, "lr": 0.02, "adamw_lr": 0.0005, "elapsed_time": 821.9481809139252, "prnt": false}
{"event": "training_step", "timestamp": 1782397263.156374, "step": 1312, "max_steps": 1883, "loss": 5.207141876220703, "lr": 0.02, "adamw_lr": 0.0005, "elapsed_time": 822.5524218082428, "prnt": false}
{"event": "training_step", "timestamp": 1782397263.753663, "step": 1313, "max_steps": 1883, "loss": 5.0851593017578125, "lr": 0.02, "adamw_lr": 0.0005, "elapsed_time": 823.149710893631, "prnt": false}
{"event": "training_step", "timestamp": 1782397264.341473, "step": 1314, "max_steps": 1883, "loss": 5.153073310852051, "lr": 0.02, "adamw_lr": 0.0005, "elapsed_time": 823.7375209331512, "prnt": false}
{"event": "training_step", "timestamp": 1782397264.937087, "step": 1315, "max_steps": 1883, "loss": 5.209483623504639, "lr": 0.02, "adamw_lr": 0.0005, "elapsed_time": 824.3331336975098, "prnt": false}
{"event": "training_step", "timestamp": 1782397265.530991, "step": 1316, "max_steps": 1883, "loss": 5.154535293579102, "lr": 0.02, "adamw_lr": 0.0005, "elapsed_time": 824.9270389080048, "prnt": false}
{"event": "training_step", "timestamp": 1782397266.11697, "step": 1317, "max_steps": 1883, "loss": 5.0544328689575195, "lr": 0.02, "adamw_lr": 0.0005, "elapsed_time": 825.5130178928375, "prnt": false}
{"event": "training_step", "timestamp": 1782397266.727793, "step": 1318, "max_steps": 1883, "loss": 5.2154083251953125, "lr": 0.02, "adamw_lr": 0.0005, "elapsed_time": 826.123841047287, "prnt": false}
{"event": "training_step", "timestamp": 1782397267.312352, "step": 1319, "max_steps": 1883, "loss": 5.12182092666626, "lr": 0.02, "adamw_lr": 0.0005, "elapsed_time": 826.7084009647369, "prnt": false}
{"event": "training_step", "timestamp": 1782397267.895353, "step": 1320, "max_steps": 1883, "loss": 5.159090518951416, "lr": 0.02, "adamw_lr": 0.0005, "elapsed_time": 827.2913999557495, "prnt": false}
{"event": "training_step", "timestamp": 1782397268.475879, "step": 1321, "max_steps": 1883, "loss": 5.0656585693359375, "lr": 0.02, "adamw_lr": 0.0005, "elapsed_time": 827.8719260692596, "prnt": false}
{"event": "training_step", "timestamp": 1782397269.0588942, "step": 1322, "max_steps": 1883, "loss": 5.080480575561523, "lr": 0.02, "adamw_lr": 0.0005, "elapsed_time": 828.4549407958984, "prnt": false}
{"event": "training_step", "timestamp": 1782397269.6504068, "step": 1323, "max_steps": 1883, "loss": 5.154928207397461, "lr": 0.02, "adamw_lr": 0.0005, "elapsed_time": 829.0464551448822, "prnt": false}
{"event": "training_step", "timestamp": 1782397270.247752, "step": 1324, "max_steps": 1883, "loss": 5.15245246887207, "lr": 0.02, "adamw_lr": 0.0005, "elapsed_time": 829.6438007354736, "prnt": false}
{"event": "training_step", "timestamp": 1782397270.847647, "step": 1325, "max_steps": 1883, "loss": 5.139135360717773, "lr": 0.02, "adamw_lr": 0.0005, "elapsed_time": 830.2436947822571, "prnt": false}
{"event": "training_step", "timestamp": 1782397271.4410062, "step": 1326, "max_steps": 1883, "loss": 5.117405891418457, "lr": 0.02, "adamw_lr": 0.0005, "elapsed_time": 830.8370540142059, "prnt": false}
{"event": "training_step", "timestamp": 1782397272.022836, "step": 1327, "max_steps": 1883, "loss": 5.197064399719238, "lr": 0.02, "adamw_lr": 0.0005, "elapsed_time": 831.4188847541809, "prnt": false}
{"event": "training_step", "timestamp": 1782397272.60656, "step": 1328, "max_steps": 1883, "loss": 5.007538318634033, "lr": 0.02, "adamw_lr": 0.0005, "elapsed_time": 832.0026087760925, "prnt": false}
{"event": "training_step", "timestamp": 1782397273.20637, "step": 1329, "max_steps": 1883, "loss": 5.197908878326416, "lr": 0.02, "adamw_lr": 0.0005, "elapsed_time": 832.6024179458618, "prnt": false}
{"event": "training_step", "timestamp": 1782397273.795776, "step": 1330, "max_steps": 1883, "loss": 5.17548942565918, "lr": 0.02, "adamw_lr": 0.0005, "elapsed_time": 833.1918239593506, "prnt": false}
{"event": "training_step", "timestamp": 1782397274.3965702, "step": 1331, "max_steps": 1883, "loss": 5.162336349487305, "lr": 0.02, "adamw_lr": 0.0005, "elapsed_time": 833.7926180362701, "prnt": false}
{"event": "training_step", "timestamp": 1782397275.0011, "step": 1332, "max_steps": 1883, "loss": 5.092031478881836, "lr": 0.02, "adamw_lr": 0.0005, "elapsed_time": 834.3971469402313, "prnt": false}
{"event": "training_step", "timestamp": 1782397275.575464, "step": 1333, "max_steps": 1883, "loss": 5.15620756149292, "lr": 0.02, "adamw_lr": 0.0005, "elapsed_time": 834.9715120792389, "prnt": false}
{"event": "training_step", "timestamp": 1782397276.151697, "step": 1334, "max_steps": 1883, "loss": 5.181112289428711, "lr": 0.02, "adamw_lr": 0.0005, "elapsed_time": 835.5477418899536, "prnt": false}
{"event": "training_step", "timestamp": 1782397276.7531772, "step": 1335, "max_steps": 1883, "loss": 5.140035152435303, "lr": 0.02, "adamw_lr": 0.0005, "elapsed_time": 836.1492249965668, "prnt": false}
{"event": "validation_step", "timestamp": 1782397281.611424, "step": 1335, "max_steps": 1883, "loss": 1.1744175639945178, "ema": true, "elapsed_time": 836.1492249965668}
{"event": "training_step", "timestamp": 1782397282.1398451, "step": 1336, "max_steps": 1883, "loss": 5.250658988952637, "lr": 0.02, "adamw_lr": 0.0005, "elapsed_time": 841.5358929634094, "prnt": false}
{"event": "training_step", "timestamp": 1782397282.8151, "step": 1337, "max_steps": 1883, "loss": 5.102370262145996, "lr": 0.02, "adamw_lr": 0.0005, "elapsed_time": 842.2111480236053, "prnt": false}
{"event": "training_step", "timestamp": 1782397283.4449549, "step": 1338, "max_steps": 1883, "loss": 5.130308151245117, "lr": 0.02, "adamw_lr": 0.0005, "elapsed_time": 842.8410029411316, "prnt": false}
{"event": "training_step", "timestamp": 1782397284.059736, "step": 1339, "max_steps": 1883, "loss": 5.149806022644043, "lr": 0.02, "adamw_lr": 0.0005, "elapsed_time": 843.4557838439941, "prnt": false}
{"event": "training_step", "timestamp": 1782397284.6637282, "step": 1340, "max_steps": 1883, "loss": 5.198721885681152, "lr": 0.02, "adamw_lr": 0.0005, "elapsed_time": 844.0597770214081, "prnt": false}
{"event": "training_step", "timestamp": 1782397285.286041, "step": 1341, "max_steps": 1883, "loss": 5.149740219116211, "lr": 0.02, "adamw_lr": 0.0005, "elapsed_time": 844.6820900440216, "prnt": false}
{"event": "training_step", "timestamp": 1782397285.900914, "step": 1342, "max_steps": 1883, "loss": 5.094771385192871, "lr": 0.02, "adamw_lr": 0.0005, "elapsed_time": 845.2969620227814, "prnt": false}
{"event": "training_step", "timestamp": 1782397286.487895, "step": 1343, "max_steps": 1883, "loss": 5.127760887145996, "lr": 0.02, "adamw_lr": 0.0005, "elapsed_time": 845.8839440345764, "prnt": false}
{"event": "training_step", "timestamp": 1782397287.087616, "step": 1344, "max_steps": 1883, "loss": 5.1244964599609375, "lr": 0.02, "adamw_lr": 0.0005, "elapsed_time": 846.4836637973785, "prnt": false}
{"event": "training_step", "timestamp": 1782397287.690804, "step": 1345, "max_steps": 1883, "loss": 5.0870866775512695, "lr": 0.02, "adamw_lr": 0.0005, "elapsed_time": 847.0868518352509, "prnt": false}
{"event": "training_step", "timestamp": 1782397288.292522, "step": 1346, "max_steps": 1883, "loss": 5.189611911773682, "lr": 0.02, "adamw_lr": 0.0005, "elapsed_time": 847.6885709762573, "prnt": false}
{"event": "training_step", "timestamp": 1782397288.882677, "step": 1347, "max_steps": 1883, "loss": 5.112359046936035, "lr": 0.02, "adamw_lr": 0.0005, "elapsed_time": 848.2787249088287, "prnt": false}
{"event": "training_step", "timestamp": 1782397289.494506, "step": 1348, "max_steps": 1883, "loss": 5.0800676345825195, "lr": 0.02, "adamw_lr": 0.0005, "elapsed_time": 848.8905539512634, "prnt": false}
{"event": "training_step", "timestamp": 1782397290.0941188, "step": 1349, "max_steps": 1883, "loss": 5.099517822265625, "lr": 0.02, "adamw_lr": 0.0005, "elapsed_time": 849.4901671409607, "prnt": false}
{"event": "training_step", "timestamp": 1782397290.706826, "step": 1350, "max_steps": 1883, "loss": 5.086287498474121, "lr": 0.02, "adamw_lr": 0.0005, "elapsed_time": 850.1028738021851, "prnt": false}
{"event": "training_step", "timestamp": 1782397291.317504, "step": 1351, "max_steps": 1883, "loss": 5.099425315856934, "lr": 0.02, "adamw_lr": 0.0005, "elapsed_time": 850.7135508060455, "prnt": false}
{"event": "training_step", "timestamp": 1782397291.941695, "step": 1352, "max_steps": 1883, "loss": 5.160188674926758, "lr": 0.02, "adamw_lr": 0.0005, "elapsed_time": 851.337742805481, "prnt": false}
{"event": "training_step", "timestamp": 1782397292.560478, "step": 1353, "max_steps": 1883, "loss": 5.107804775238037, "lr": 0.02, "adamw_lr": 0.0005, "elapsed_time": 851.9565258026123, "prnt": false}
{"event": "training_step", "timestamp": 1782397293.1760561, "step": 1354, "max_steps": 1883, "loss": 5.065528869628906, "lr": 0.02, "adamw_lr": 0.0005, "elapsed_time": 852.5721039772034, "prnt": false}
{"event": "training_step", "timestamp": 1782397293.8010602, "step": 1355, "max_steps": 1883, "loss": 5.122101306915283, "lr": 0.02, "adamw_lr": 0.0005, "elapsed_time": 853.1971080303192, "prnt": false}
{"event": "training_step", "timestamp": 1782397294.4157388, "step": 1356, "max_steps": 1883, "loss": 5.066971778869629, "lr": 0.02, "adamw_lr": 0.0005, "elapsed_time": 853.8117868900299, "prnt": false}
{"event": "training_step", "timestamp": 1782397295.042003, "step": 1357, "max_steps": 1883, "loss": 5.196501731872559, "lr": 0.02, "adamw_lr": 0.0005, "elapsed_time": 854.4380507469177, "prnt": false}
{"event": "training_step", "timestamp": 1782397295.643491, "step": 1358, "max_steps": 1883, "loss": 5.070611000061035, "lr": 0.02, "adamw_lr": 0.0005, "elapsed_time": 855.039538860321, "prnt": false}
{"event": "training_step", "timestamp": 1782397296.251356, "step": 1359, "max_steps": 1883, "loss": 5.094517707824707, "lr": 0.02, "adamw_lr": 0.0005, "elapsed_time": 855.6474051475525, "prnt": false}
{"event": "training_step", "timestamp": 1782397296.83794, "step": 1360, "max_steps": 1883, "loss": 5.176679611206055, "lr": 0.02, "adamw_lr": 0.0005, "elapsed_time": 856.2339878082275, "prnt": false}
{"event": "training_step", "timestamp": 1782397297.4350321, "step": 1361, "max_steps": 1883, "loss": 5.195722579956055, "lr": 0.02, "adamw_lr": 0.0005, "elapsed_time": 856.8310778141022, "prnt": false}
{"event": "training_step", "timestamp": 1782397298.056511, "step": 1362, "max_steps": 1883, "loss": 5.159971714019775, "lr": 0.02, "adamw_lr": 0.0005, "elapsed_time": 857.4525599479675, "prnt": false}
{"event": "training_step", "timestamp": 1782397298.675515, "step": 1363, "max_steps": 1883, "loss": 5.060368537902832, "lr": 0.02, "adamw_lr": 0.0005, "elapsed_time": 858.0715620517731, "prnt": false}
{"event": "training_step", "timestamp": 1782397299.294192, "step": 1364, "max_steps": 1883, "loss": 5.076005458831787, "lr": 0.02, "adamw_lr": 0.0005, "elapsed_time": 858.690239906311, "prnt": false}
{"event": "training_step", "timestamp": 1782397299.916416, "step": 1365, "max_steps": 1883, "loss": 5.147900581359863, "lr": 0.02, "adamw_lr": 0.0005, "elapsed_time": 859.312463760376, "prnt": false}
{"event": "training_step", "timestamp": 1782397300.534753, "step": 1366, "max_steps": 1883, "loss": 5.056353569030762, "lr": 0.02, "adamw_lr": 0.0005, "elapsed_time": 859.9308009147644, "prnt": false}
{"event": "training_step", "timestamp": 1782397301.1482391, "step": 1367, "max_steps": 1883, "loss": 5.084914207458496, "lr": 0.02, "adamw_lr": 0.0005, "elapsed_time": 860.5442869663239, "prnt": false}
{"event": "training_step", "timestamp": 1782397301.742433, "step": 1368, "max_steps": 1883, "loss": 5.094719886779785, "lr": 0.02, "adamw_lr": 0.0005, "elapsed_time": 861.1384809017181, "prnt": false}
{"event": "training_step", "timestamp": 1782397302.376053, "step": 1369, "max_steps": 1883, "loss": 5.147793292999268, "lr": 0.02, "adamw_lr": 0.0005, "elapsed_time": 861.7721009254456, "prnt": false}
{"event": "training_step", "timestamp": 1782397302.986403, "step": 1370, "max_steps": 1883, "loss": 5.032403945922852, "lr": 0.02, "adamw_lr": 0.0005, "elapsed_time": 862.3824508190155, "prnt": false}
{"event": "training_step", "timestamp": 1782397303.604387, "step": 1371, "max_steps": 1883, "loss": 5.1334428787231445, "lr": 0.02, "adamw_lr": 0.0005, "elapsed_time": 863.0004348754883, "prnt": false}
{"event": "training_step", "timestamp": 1782397304.2223191, "step": 1372, "max_steps": 1883, "loss": 5.165093421936035, "lr": 0.02, "adamw_lr": 0.0005, "elapsed_time": 863.6183669567108, "prnt": false}
{"event": "training_step", "timestamp": 1782397304.833584, "step": 1373, "max_steps": 1883, "loss": 5.025904178619385, "lr": 0.02, "adamw_lr": 0.0005, "elapsed_time": 864.2296319007874, "prnt": false}
{"event": "training_step", "timestamp": 1782397305.459717, "step": 1374, "max_steps": 1883, "loss": 5.092263221740723, "lr": 0.02, "adamw_lr": 0.0005, "elapsed_time": 864.8557660579681, "prnt": false}
{"event": "training_step", "timestamp": 1782397306.05091, "step": 1375, "max_steps": 1883, "loss": 5.062782287597656, "lr": 0.02, "adamw_lr": 0.0005, "elapsed_time": 865.4469578266144, "prnt": false}
{"event": "training_step", "timestamp": 1782397306.63857, "step": 1376, "max_steps": 1883, "loss": 5.122774124145508, "lr": 0.02, "adamw_lr": 0.0005, "elapsed_time": 866.0346179008484, "prnt": false}
{"event": "training_step", "timestamp": 1782397307.213046, "step": 1377, "max_steps": 1883, "loss": 5.1205291748046875, "lr": 0.02, "adamw_lr": 0.0005, "elapsed_time": 866.6090929508209, "prnt": false}
{"event": "training_step", "timestamp": 1782397307.803573, "step": 1378, "max_steps": 1883, "loss": 5.180768966674805, "lr": 0.02, "adamw_lr": 0.0005, "elapsed_time": 867.19961977005, "prnt": false}
{"event": "training_step", "timestamp": 1782397308.421031, "step": 1379, "max_steps": 1883, "loss": 5.036170959472656, "lr": 0.02, "adamw_lr": 0.0005, "elapsed_time": 867.8170790672302, "prnt": false}
{"event": "training_step", "timestamp": 1782397309.020333, "step": 1380, "max_steps": 1883, "loss": 5.118466854095459, "lr": 0.02, "adamw_lr": 0.0005, "elapsed_time": 868.4163808822632, "prnt": false}
{"event": "training_step", "timestamp": 1782397309.617356, "step": 1381, "max_steps": 1883, "loss": 5.1070170402526855, "lr": 0.02, "adamw_lr": 0.0005, "elapsed_time": 869.0134038925171, "prnt": false}
{"event": "training_step", "timestamp": 1782397310.205101, "step": 1382, "max_steps": 1883, "loss": 5.0952582359313965, "lr": 0.02, "adamw_lr": 0.0005, "elapsed_time": 869.6011478900909, "prnt": false}
{"event": "training_step", "timestamp": 1782397310.791849, "step": 1383, "max_steps": 1883, "loss": 5.108528137207031, "lr": 0.02, "adamw_lr": 0.0005, "elapsed_time": 870.1878960132599, "prnt": false}
{"event": "training_step", "timestamp": 1782397311.38942, "step": 1384, "max_steps": 1883, "loss": 5.132678508758545, "lr": 0.02, "adamw_lr": 0.0005, "elapsed_time": 870.7854678630829, "prnt": false}
{"event": "training_step", "timestamp": 1782397312.0143518, "step": 1385, "max_steps": 1883, "loss": 5.082455635070801, "lr": 0.02, "adamw_lr": 0.0005, "elapsed_time": 871.4103999137878, "prnt": false}
{"event": "training_step", "timestamp": 1782397312.6256871, "step": 1386, "max_steps": 1883, "loss": 5.047236919403076, "lr": 0.02, "adamw_lr": 0.0005, "elapsed_time": 872.0217337608337, "prnt": false}
{"event": "training_step", "timestamp": 1782397313.262358, "step": 1387, "max_steps": 1883, "loss": 5.011762619018555, "lr": 0.02, "adamw_lr": 0.0005, "elapsed_time": 872.6584048271179, "prnt": false}
{"event": "training_step", "timestamp": 1782397313.888223, "step": 1388, "max_steps": 1883, "loss": 5.064639091491699, "lr": 0.02, "adamw_lr": 0.0005, "elapsed_time": 873.2842707633972, "prnt": false}
{"event": "training_step", "timestamp": 1782397314.484461, "step": 1389, "max_steps": 1883, "loss": 5.118460655212402, "lr": 0.02, "adamw_lr": 0.0005, "elapsed_time": 873.880509853363, "prnt": false}
{"event": "training_step", "timestamp": 1782397315.098828, "step": 1390, "max_steps": 1883, "loss": 5.105879783630371, "lr": 0.02, "adamw_lr": 0.0005, "elapsed_time": 874.4948768615723, "prnt": false}
{"event": "training_step", "timestamp": 1782397315.7091799, "step": 1391, "max_steps": 1883, "loss": 5.102315902709961, "lr": 0.02, "adamw_lr": 0.0005, "elapsed_time": 875.105229139328, "prnt": false}
{"event": "training_step", "timestamp": 1782397316.3178072, "step": 1392, "max_steps": 1883, "loss": 5.003942489624023, "lr": 0.02, "adamw_lr": 0.0005, "elapsed_time": 875.7138550281525, "prnt": false}
{"event": "training_step", "timestamp": 1782397316.918423, "step": 1393, "max_steps": 1883, "loss": 5.151586532592773, "lr": 0.02, "adamw_lr": 0.0005, "elapsed_time": 876.3144710063934, "prnt": false}
{"event": "training_step", "timestamp": 1782397317.514493, "step": 1394, "max_steps": 1883, "loss": 5.163314342498779, "lr": 0.02, "adamw_lr": 0.0005, "elapsed_time": 876.9105410575867, "prnt": false}
{"event": "training_step", "timestamp": 1782397318.139797, "step": 1395, "max_steps": 1883, "loss": 4.961156845092773, "lr": 0.02, "adamw_lr": 0.0005, "elapsed_time": 877.5358448028564, "prnt": false}
{"event": "training_step", "timestamp": 1782397318.750379, "step": 1396, "max_steps": 1883, "loss": 5.065650939941406, "lr": 0.02, "adamw_lr": 0.0005, "elapsed_time": 878.1464269161224, "prnt": false}
{"event": "training_step", "timestamp": 1782397319.362446, "step": 1397, "max_steps": 1883, "loss": 5.096411228179932, "lr": 0.02, "adamw_lr": 0.0005, "elapsed_time": 878.7584939002991, "prnt": false}
{"event": "training_step", "timestamp": 1782397319.974856, "step": 1398, "max_steps": 1883, "loss": 4.999267101287842, "lr": 0.02, "adamw_lr": 0.0005, "elapsed_time": 879.3709049224854, "prnt": false}
{"event": "training_step", "timestamp": 1782397320.5907042, "step": 1399, "max_steps": 1883, "loss": 4.9907426834106445, "lr": 0.02, "adamw_lr": 0.0005, "elapsed_time": 879.986752986908, "prnt": false}
{"event": "training_step", "timestamp": 1782397321.21805, "step": 1400, "max_steps": 1883, "loss": 5.062284469604492, "lr": 0.02, "adamw_lr": 0.0005, "elapsed_time": 880.6140978336334, "prnt": false}
{"event": "training_step", "timestamp": 1782397321.8309782, "step": 1401, "max_steps": 1883, "loss": 5.050655364990234, "lr": 0.02, "adamw_lr": 0.0005, "elapsed_time": 881.2270259857178, "prnt": false}
{"event": "training_step", "timestamp": 1782397322.448153, "step": 1402, "max_steps": 1883, "loss": 4.970354080200195, "lr": 0.02, "adamw_lr": 0.0005, "elapsed_time": 881.8442008495331, "prnt": false}
{"event": "training_step", "timestamp": 1782397323.079906, "step": 1403, "max_steps": 1883, "loss": 5.097215175628662, "lr": 0.02, "adamw_lr": 0.0005, "elapsed_time": 882.4759538173676, "prnt": false}
{"event": "training_step", "timestamp": 1782397323.7044852, "step": 1404, "max_steps": 1883, "loss": 5.049693584442139, "lr": 0.02, "adamw_lr": 0.0005, "elapsed_time": 883.1005330085754, "prnt": false}
{"event": "training_step", "timestamp": 1782397324.31796, "step": 1405, "max_steps": 1883, "loss": 5.147739410400391, "lr": 0.02, "adamw_lr": 0.0005, "elapsed_time": 883.714008808136, "prnt": false}
{"event": "training_step", "timestamp": 1782397324.944324, "step": 1406, "max_steps": 1883, "loss": 5.147616863250732, "lr": 0.02, "adamw_lr": 0.0005, "elapsed_time": 884.3403730392456, "prnt": false}
{"event": "training_step", "timestamp": 1782397325.556279, "step": 1407, "max_steps": 1883, "loss": 4.99778938293457, "lr": 0.02, "adamw_lr": 0.0005, "elapsed_time": 884.9523279666901, "prnt": false}
{"event": "training_step", "timestamp": 1782397326.1692128, "step": 1408, "max_steps": 1883, "loss": 5.133866786956787, "lr": 0.02, "adamw_lr": 0.0005, "elapsed_time": 885.5652611255646, "prnt": false}
{"event": "training_step", "timestamp": 1782397326.7593532, "step": 1409, "max_steps": 1883, "loss": 5.081037521362305, "lr": 0.02, "adamw_lr": 0.0005, "elapsed_time": 886.1554009914398, "prnt": false}
{"event": "training_step", "timestamp": 1782397327.370156, "step": 1410, "max_steps": 1883, "loss": 5.085278511047363, "lr": 0.02, "adamw_lr": 0.0005, "elapsed_time": 886.7662029266357, "prnt": false}
{"event": "training_step", "timestamp": 1782397327.986773, "step": 1411, "max_steps": 1883, "loss": 5.020878791809082, "lr": 0.02, "adamw_lr": 0.0005, "elapsed_time": 887.3828208446503, "prnt": false}
{"event": "training_step", "timestamp": 1782397328.581229, "step": 1412, "max_steps": 1883, "loss": 5.0250654220581055, "lr": 0.02, "adamw_lr": 0.0005, "elapsed_time": 887.977276802063, "prnt": false}
{"event": "training_step", "timestamp": 1782397329.1951208, "step": 1413, "max_steps": 1883, "loss": 4.982386112213135, "lr": 0.02, "adamw_lr": 0.0005, "elapsed_time": 888.5911691188812, "prnt": false}
{"event": "training_step", "timestamp": 1782397329.788573, "step": 1414, "max_steps": 1883, "loss": 5.009222030639648, "lr": 0.02, "adamw_lr": 0.0005, "elapsed_time": 889.1846218109131, "prnt": false}
{"event": "training_step", "timestamp": 1782397330.407616, "step": 1415, "max_steps": 1883, "loss": 5.046351432800293, "lr": 0.02, "adamw_lr": 0.0005, "elapsed_time": 889.8036639690399, "prnt": false}
{"event": "training_step", "timestamp": 1782397331.030928, "step": 1416, "max_steps": 1883, "loss": 5.093367576599121, "lr": 0.02, "adamw_lr": 0.0005, "elapsed_time": 890.4269769191742, "prnt": false}
{"event": "training_step", "timestamp": 1782397331.6417222, "step": 1417, "max_steps": 1883, "loss": 5.113063335418701, "lr": 0.02, "adamw_lr": 0.0005, "elapsed_time": 891.0377688407898, "prnt": false}
{"event": "training_step", "timestamp": 1782397332.2672472, "step": 1418, "max_steps": 1883, "loss": 5.046029567718506, "lr": 0.02, "adamw_lr": 0.0005, "elapsed_time": 891.6632950305939, "prnt": false}
{"event": "training_step", "timestamp": 1782397332.89096, "step": 1419, "max_steps": 1883, "loss": 5.065372467041016, "lr": 0.02, "adamw_lr": 0.0005, "elapsed_time": 892.2870080471039, "prnt": false}
{"event": "training_step", "timestamp": 1782397333.4717991, "step": 1420, "max_steps": 1883, "loss": 5.089866638183594, "lr": 0.02, "adamw_lr": 0.0005, "elapsed_time": 892.8678469657898, "prnt": false}
{"event": "training_step", "timestamp": 1782397334.098762, "step": 1421, "max_steps": 1883, "loss": 5.146911144256592, "lr": 0.02, "adamw_lr": 0.0005, "elapsed_time": 893.4948098659515, "prnt": false}
{"event": "training_step", "timestamp": 1782397334.688597, "step": 1422, "max_steps": 1883, "loss": 5.166492462158203, "lr": 0.02, "adamw_lr": 0.0005, "elapsed_time": 894.0846447944641, "prnt": false}
{"event": "training_step", "timestamp": 1782397335.310001, "step": 1423, "max_steps": 1883, "loss": 5.0483808517456055, "lr": 0.02, "adamw_lr": 0.0005, "elapsed_time": 894.7060499191284, "prnt": false}
{"event": "training_step", "timestamp": 1782397335.918467, "step": 1424, "max_steps": 1883, "loss": 5.104380130767822, "lr": 0.02, "adamw_lr": 0.0005, "elapsed_time": 895.314514875412, "prnt": false}
{"event": "validation_step", "timestamp": 1782397340.683996, "step": 1424, "max_steps": 1883, "loss": 1.171557097108271, "ema": true, "elapsed_time": 895.314514875412}
{"event": "training_step", "timestamp": 1782397341.197576, "step": 1425, "max_steps": 1883, "loss": 5.025069713592529, "lr": 0.02, "adamw_lr": 0.0005, "elapsed_time": 900.593624830246, "prnt": false}
{"event": "training_step", "timestamp": 1782397341.840936, "step": 1426, "max_steps": 1883, "loss": 5.10728120803833, "lr": 0.02, "adamw_lr": 0.0005, "elapsed_time": 901.2369821071625, "prnt": false}
{"event": "training_step", "timestamp": 1782397342.4597812, "step": 1427, "max_steps": 1883, "loss": 5.132555961608887, "lr": 0.02, "adamw_lr": 0.0005, "elapsed_time": 901.855829000473, "prnt": false}
{"event": "training_step", "timestamp": 1782397343.05, "step": 1428, "max_steps": 1883, "loss": 5.110909938812256, "lr": 0.02, "adamw_lr": 0.0005, "elapsed_time": 902.4460480213165, "prnt": false}
{"event": "training_step", "timestamp": 1782397343.663264, "step": 1429, "max_steps": 1883, "loss": 4.947516441345215, "lr": 0.02, "adamw_lr": 0.0005, "elapsed_time": 903.0593118667603, "prnt": false}
{"event": "training_step", "timestamp": 1782397344.256932, "step": 1430, "max_steps": 1883, "loss": 5.079572677612305, "lr": 0.02, "adamw_lr": 0.0005, "elapsed_time": 903.6529810428619, "prnt": false}
{"event": "training_step", "timestamp": 1782397344.867079, "step": 1431, "max_steps": 1883, "loss": 5.024529933929443, "lr": 0.02, "adamw_lr": 0.0005, "elapsed_time": 904.2631270885468, "prnt": false}
{"event": "training_step", "timestamp": 1782397345.506475, "step": 1432, "max_steps": 1883, "loss": 5.03734016418457, "lr": 0.02, "adamw_lr": 0.0005, "elapsed_time": 904.9025239944458, "prnt": false}
{"event": "training_step", "timestamp": 1782397346.0803132, "step": 1433, "max_steps": 1883, "loss": 5.021816253662109, "lr": 0.02, "adamw_lr": 0.0005, "elapsed_time": 905.4763610363007, "prnt": false}
{"event": "training_step", "timestamp": 1782397346.6857479, "step": 1434, "max_steps": 1883, "loss": 5.035877227783203, "lr": 0.02, "adamw_lr": 0.0005, "elapsed_time": 906.0817959308624, "prnt": false}
{"event": "training_step", "timestamp": 1782397347.300895, "step": 1435, "max_steps": 1883, "loss": 5.064538955688477, "lr": 0.02, "adamw_lr": 0.0005, "elapsed_time": 906.6969389915466, "prnt": false}
{"event": "training_step", "timestamp": 1782397347.904636, "step": 1436, "max_steps": 1883, "loss": 5.019528388977051, "lr": 0.02, "adamw_lr": 0.0005, "elapsed_time": 907.3006777763367, "prnt": false}
{"event": "training_step", "timestamp": 1782397348.4750028, "step": 1437, "max_steps": 1883, "loss": 5.014632225036621, "lr": 0.02, "adamw_lr": 0.0005, "elapsed_time": 907.8710520267487, "prnt": false}
{"event": "training_step", "timestamp": 1782397349.051423, "step": 1438, "max_steps": 1883, "loss": 5.063269138336182, "lr": 0.02, "adamw_lr": 0.0005, "elapsed_time": 908.4474697113037, "prnt": false}
{"event": "training_step", "timestamp": 1782397349.669559, "step": 1439, "max_steps": 1883, "loss": 5.05739688873291, "lr": 0.02, "adamw_lr": 0.0005, "elapsed_time": 909.0656068325043, "prnt": false}
{"event": "training_step", "timestamp": 1782397350.2619798, "step": 1440, "max_steps": 1883, "loss": 5.074936866760254, "lr": 0.02, "adamw_lr": 0.0005, "elapsed_time": 909.6580281257629, "prnt": false}
{"event": "training_step", "timestamp": 1782397350.908331, "step": 1441, "max_steps": 1883, "loss": 5.100834369659424, "lr": 0.02, "adamw_lr": 0.0005, "elapsed_time": 910.304379940033, "prnt": false}
{"event": "training_step", "timestamp": 1782397351.52009, "step": 1442, "max_steps": 1883, "loss": 4.9746904373168945, "lr": 0.02, "adamw_lr": 0.0005, "elapsed_time": 910.9161388874054, "prnt": false}
{"event": "training_step", "timestamp": 1782397352.1119401, "step": 1443, "max_steps": 1883, "loss": 5.0283308029174805, "lr": 0.02, "adamw_lr": 0.0005, "elapsed_time": 911.5079889297485, "prnt": false}
{"event": "training_step", "timestamp": 1782397352.7302778, "step": 1444, "max_steps": 1883, "loss": 5.174750328063965, "lr": 0.02, "adamw_lr": 0.0005, "elapsed_time": 912.126326084137, "prnt": false}
{"event": "training_step", "timestamp": 1782397353.373255, "step": 1445, "max_steps": 1883, "loss": 5.099499225616455, "lr": 0.02, "adamw_lr": 0.0005, "elapsed_time": 912.7693030834198, "prnt": false}
{"event": "training_step", "timestamp": 1782397353.979425, "step": 1446, "max_steps": 1883, "loss": 5.080172538757324, "lr": 0.02, "adamw_lr": 0.0005, "elapsed_time": 913.375471830368, "prnt": false}
{"event": "training_step", "timestamp": 1782397354.567154, "step": 1447, "max_steps": 1883, "loss": 5.178897380828857, "lr": 0.02, "adamw_lr": 0.0005, "elapsed_time": 913.9632029533386, "prnt": false}
{"event": "training_step", "timestamp": 1782397355.1658292, "step": 1448, "max_steps": 1883, "loss": 5.001483917236328, "lr": 0.02, "adamw_lr": 0.0005, "elapsed_time": 914.5618770122528, "prnt": false}
{"event": "training_step", "timestamp": 1782397355.803896, "step": 1449, "max_steps": 1883, "loss": 5.060949802398682, "lr": 0.02, "adamw_lr": 0.0005, "elapsed_time": 915.1999440193176, "prnt": false}
{"event": "training_step", "timestamp": 1782397356.4102871, "step": 1450, "max_steps": 1883, "loss": 5.035531044006348, "lr": 0.02, "adamw_lr": 0.0005, "elapsed_time": 915.8063349723816, "prnt": false}
{"event": "training_step", "timestamp": 1782397357.0312178, "step": 1451, "max_steps": 1883, "loss": 5.096307277679443, "lr": 0.02, "adamw_lr": 0.0005, "elapsed_time": 916.427267074585, "prnt": false}
{"event": "training_step", "timestamp": 1782397357.613837, "step": 1452, "max_steps": 1883, "loss": 5.046879768371582, "lr": 0.02, "adamw_lr": 0.0005, "elapsed_time": 917.009881734848, "prnt": false}
{"event": "training_step", "timestamp": 1782397358.202795, "step": 1453, "max_steps": 1883, "loss": 5.048739433288574, "lr": 0.02, "adamw_lr": 0.0005, "elapsed_time": 917.5988438129425, "prnt": false}
{"event": "training_step", "timestamp": 1782397358.810603, "step": 1454, "max_steps": 1883, "loss": 5.040470123291016, "lr": 0.02, "adamw_lr": 0.0005, "elapsed_time": 918.2066519260406, "prnt": false}
{"event": "training_step", "timestamp": 1782397359.405198, "step": 1455, "max_steps": 1883, "loss": 5.045835971832275, "lr": 0.02, "adamw_lr": 0.0005, "elapsed_time": 918.8012459278107, "prnt": false}
{"event": "training_step", "timestamp": 1782397359.991356, "step": 1456, "max_steps": 1883, "loss": 5.072619915008545, "lr": 0.02, "adamw_lr": 0.0005, "elapsed_time": 919.3874039649963, "prnt": false}
{"event": "training_step", "timestamp": 1782397360.559731, "step": 1457, "max_steps": 1883, "loss": 5.009097576141357, "lr": 0.02, "adamw_lr": 0.0005, "elapsed_time": 919.9557790756226, "prnt": false}
{"event": "training_step", "timestamp": 1782397361.160678, "step": 1458, "max_steps": 1883, "loss": 5.060582160949707, "lr": 0.02, "adamw_lr": 0.0005, "elapsed_time": 920.5567259788513, "prnt": false}
{"event": "training_step", "timestamp": 1782397361.772363, "step": 1459, "max_steps": 1883, "loss": 5.031031608581543, "lr": 0.02, "adamw_lr": 0.0005, "elapsed_time": 921.1684107780457, "prnt": false}
{"event": "training_step", "timestamp": 1782397362.38682, "step": 1460, "max_steps": 1883, "loss": 5.056714057922363, "lr": 0.02, "adamw_lr": 0.0005, "elapsed_time": 921.7828669548035, "prnt": false}
{"event": "training_step", "timestamp": 1782397363.001821, "step": 1461, "max_steps": 1883, "loss": 5.005434989929199, "lr": 0.02, "adamw_lr": 0.0005, "elapsed_time": 922.3978698253632, "prnt": false}
{"event": "training_step", "timestamp": 1782397363.5907998, "step": 1462, "max_steps": 1883, "loss": 5.0178656578063965, "lr": 0.02, "adamw_lr": 0.0005, "elapsed_time": 922.9868469238281, "prnt": false}
{"event": "training_step", "timestamp": 1782397364.2159622, "step": 1463, "max_steps": 1883, "loss": 4.995928764343262, "lr": 0.02, "adamw_lr": 0.0005, "elapsed_time": 923.6120100021362, "prnt": false}
{"event": "training_step", "timestamp": 1782397364.829212, "step": 1464, "max_steps": 1883, "loss": 5.07860803604126, "lr": 0.02, "adamw_lr": 0.0005, "elapsed_time": 924.2252519130707, "prnt": false}
{"event": "training_step", "timestamp": 1782397365.454932, "step": 1465, "max_steps": 1883, "loss": 5.115314483642578, "lr": 0.02, "adamw_lr": 0.0005, "elapsed_time": 924.8509788513184, "prnt": false}
{"event": "training_step", "timestamp": 1782397366.031018, "step": 1466, "max_steps": 1883, "loss": 5.108673572540283, "lr": 0.02, "adamw_lr": 0.0005, "elapsed_time": 925.4270658493042, "prnt": false}
{"event": "training_step", "timestamp": 1782397366.625195, "step": 1467, "max_steps": 1883, "loss": 5.1188645362854, "lr": 0.02, "adamw_lr": 0.0005, "elapsed_time": 926.0212428569794, "prnt": false}
{"event": "training_step", "timestamp": 1782397367.243134, "step": 1468, "max_steps": 1883, "loss": 5.1475982666015625, "lr": 0.02, "adamw_lr": 0.0005, "elapsed_time": 926.6391818523407, "prnt": false}
{"event": "training_step", "timestamp": 1782397367.8498838, "step": 1469, "max_steps": 1883, "loss": 5.108096122741699, "lr": 0.02, "adamw_lr": 0.0005, "elapsed_time": 927.2459321022034, "prnt": false}
{"event": "training_step", "timestamp": 1782397368.456714, "step": 1470, "max_steps": 1883, "loss": 5.15131950378418, "lr": 0.02, "adamw_lr": 0.0005, "elapsed_time": 927.8527617454529, "prnt": false}
{"event": "training_step", "timestamp": 1782397369.0422132, "step": 1471, "max_steps": 1883, "loss": 5.062161922454834, "lr": 0.02, "adamw_lr": 0.0005, "elapsed_time": 928.4382619857788, "prnt": false}
{"event": "training_step", "timestamp": 1782397369.646998, "step": 1472, "max_steps": 1883, "loss": 5.041889190673828, "lr": 0.02, "adamw_lr": 0.0005, "elapsed_time": 929.043045759201, "prnt": false}
{"event": "training_step", "timestamp": 1782397370.263018, "step": 1473, "max_steps": 1883, "loss": 5.018681526184082, "lr": 0.02, "adamw_lr": 0.0005, "elapsed_time": 929.6590647697449, "prnt": false}
{"event": "training_step", "timestamp": 1782397370.868939, "step": 1474, "max_steps": 1883, "loss": 5.060543060302734, "lr": 0.02, "adamw_lr": 0.0005, "elapsed_time": 930.2649879455566, "prnt": false}
{"event": "training_step", "timestamp": 1782397371.471658, "step": 1475, "max_steps": 1883, "loss": 4.994646072387695, "lr": 0.02, "adamw_lr": 0.0005, "elapsed_time": 930.867705821991, "prnt": false}
{"event": "training_step", "timestamp": 1782397372.093879, "step": 1476, "max_steps": 1883, "loss": 4.9679412841796875, "lr": 0.02, "adamw_lr": 0.0005, "elapsed_time": 931.489926815033, "prnt": false}
{"event": "training_step", "timestamp": 1782397372.7131891, "step": 1477, "max_steps": 1883, "loss": 4.993560314178467, "lr": 0.02, "adamw_lr": 0.0005, "elapsed_time": 932.1092369556427, "prnt": false}
{"event": "training_step", "timestamp": 1782397373.3374999, "step": 1478, "max_steps": 1883, "loss": 5.007464408874512, "lr": 0.02, "adamw_lr": 0.0005, "elapsed_time": 932.733549118042, "prnt": false}
{"event": "training_step", "timestamp": 1782397373.949285, "step": 1479, "max_steps": 1883, "loss": 5.061066627502441, "lr": 0.02, "adamw_lr": 0.0005, "elapsed_time": 933.3453328609467, "prnt": false}
{"event": "training_step", "timestamp": 1782397374.5412312, "step": 1480, "max_steps": 1883, "loss": 4.938591957092285, "lr": 0.02, "adamw_lr": 0.0005, "elapsed_time": 933.9372789859772, "prnt": false}
{"event": "training_step", "timestamp": 1782397375.167201, "step": 1481, "max_steps": 1883, "loss": 5.024627685546875, "lr": 0.02, "adamw_lr": 0.0005, "elapsed_time": 934.5632498264313, "prnt": false}
{"event": "training_step", "timestamp": 1782397375.782866, "step": 1482, "max_steps": 1883, "loss": 5.073874473571777, "lr": 0.02, "adamw_lr": 0.0005, "elapsed_time": 935.1789140701294, "prnt": false}
{"event": "training_step", "timestamp": 1782397376.374769, "step": 1483, "max_steps": 1883, "loss": 5.058379650115967, "lr": 0.02, "adamw_lr": 0.0005, "elapsed_time": 935.7708170413971, "prnt": false}
{"event": "training_step", "timestamp": 1782397376.98173, "step": 1484, "max_steps": 1883, "loss": 5.0330729484558105, "lr": 0.02, "adamw_lr": 0.0005, "elapsed_time": 936.377779006958, "prnt": false}
{"event": "training_step", "timestamp": 1782397377.57937, "step": 1485, "max_steps": 1883, "loss": 5.030672550201416, "lr": 0.02, "adamw_lr": 0.0005, "elapsed_time": 936.9754178524017, "prnt": false}
{"event": "training_step", "timestamp": 1782397378.176352, "step": 1486, "max_steps": 1883, "loss": 5.014059066772461, "lr": 0.02, "adamw_lr": 0.0005, "elapsed_time": 937.57239985466, "prnt": false}
{"event": "training_step", "timestamp": 1782397378.796622, "step": 1487, "max_steps": 1883, "loss": 5.104652404785156, "lr": 0.02, "adamw_lr": 0.0005, "elapsed_time": 938.1926698684692, "prnt": false}
{"event": "training_step", "timestamp": 1782397379.4273422, "step": 1488, "max_steps": 1883, "loss": 5.048470497131348, "lr": 0.02, "adamw_lr": 0.0005, "elapsed_time": 938.823390007019, "prnt": false}
{"event": "training_step", "timestamp": 1782397380.031716, "step": 1489, "max_steps": 1883, "loss": 5.023379325866699, "lr": 0.02, "adamw_lr": 0.0005, "elapsed_time": 939.4277639389038, "prnt": false}
{"event": "training_step", "timestamp": 1782397380.6412532, "step": 1490, "max_steps": 1883, "loss": 4.975977420806885, "lr": 0.02, "adamw_lr": 0.0005, "elapsed_time": 940.0373010635376, "prnt": false}
{"event": "training_step", "timestamp": 1782397381.2317739, "step": 1491, "max_steps": 1883, "loss": 4.963069915771484, "lr": 0.02, "adamw_lr": 0.0005, "elapsed_time": 940.6278219223022, "prnt": false}
{"event": "training_step", "timestamp": 1782397381.815538, "step": 1492, "max_steps": 1883, "loss": 4.973629474639893, "lr": 0.02, "adamw_lr": 0.0005, "elapsed_time": 941.2115840911865, "prnt": false}
{"event": "training_step", "timestamp": 1782397382.449345, "step": 1493, "max_steps": 1883, "loss": 5.019474029541016, "lr": 0.02, "adamw_lr": 0.0005, "elapsed_time": 941.8453929424286, "prnt": false}
{"event": "training_step", "timestamp": 1782397383.0688891, "step": 1494, "max_steps": 1883, "loss": 5.124824523925781, "lr": 0.02, "adamw_lr": 0.0005, "elapsed_time": 942.4649369716644, "prnt": false}
{"event": "training_step", "timestamp": 1782397383.6955771, "step": 1495, "max_steps": 1883, "loss": 5.05694580078125, "lr": 0.02, "adamw_lr": 0.0005, "elapsed_time": 943.0916249752045, "prnt": false}
{"event": "training_step", "timestamp": 1782397384.291738, "step": 1496, "max_steps": 1883, "loss": 5.038686752319336, "lr": 0.02, "adamw_lr": 0.0005, "elapsed_time": 943.6877858638763, "prnt": false}
{"event": "training_step", "timestamp": 1782397384.892525, "step": 1497, "max_steps": 1883, "loss": 5.056647300720215, "lr": 0.02, "adamw_lr": 0.0005, "elapsed_time": 944.2885687351227, "prnt": false}
{"event": "training_step", "timestamp": 1782397385.504398, "step": 1498, "max_steps": 1883, "loss": 5.04893684387207, "lr": 0.02, "adamw_lr": 0.0005, "elapsed_time": 944.9004459381104, "prnt": false}
{"event": "training_step", "timestamp": 1782397386.141309, "step": 1499, "max_steps": 1883, "loss": 5.004173278808594, "lr": 0.02, "adamw_lr": 0.0005, "elapsed_time": 945.5373570919037, "prnt": false}
{"event": "training_step", "timestamp": 1782397386.738527, "step": 1500, "max_steps": 1883, "loss": 5.120723724365234, "lr": 0.02, "adamw_lr": 0.0005, "elapsed_time": 946.1345748901367, "prnt": false}
{"event": "training_step", "timestamp": 1782397387.337779, "step": 1501, "max_steps": 1883, "loss": 5.056684494018555, "lr": 0.02, "adamw_lr": 0.0005, "elapsed_time": 946.733827829361, "prnt": false}
{"event": "training_step", "timestamp": 1782397387.9362, "step": 1502, "max_steps": 1883, "loss": 5.033373832702637, "lr": 0.02, "adamw_lr": 0.0005, "elapsed_time": 947.3322479724884, "prnt": false}
{"event": "training_step", "timestamp": 1782397388.553731, "step": 1503, "max_steps": 1883, "loss": 5.058533668518066, "lr": 0.02, "adamw_lr": 0.0005, "elapsed_time": 947.9497790336609, "prnt": false}
{"event": "training_step", "timestamp": 1782397389.167088, "step": 1504, "max_steps": 1883, "loss": 4.992345809936523, "lr": 0.02, "adamw_lr": 0.0005, "elapsed_time": 948.5631370544434, "prnt": false}
{"event": "training_step", "timestamp": 1782397389.77841, "step": 1505, "max_steps": 1883, "loss": 5.04502010345459, "lr": 0.02, "adamw_lr": 0.0005, "elapsed_time": 949.1744589805603, "prnt": false}
{"event": "training_step", "timestamp": 1782397390.3848488, "step": 1506, "max_steps": 1883, "loss": 5.07846212387085, "lr": 0.02, "adamw_lr": 0.0005, "elapsed_time": 949.7808969020844, "prnt": false}
{"event": "training_step", "timestamp": 1782397390.994805, "step": 1507, "max_steps": 1883, "loss": 5.043815612792969, "lr": 0.0199468085106383, "adamw_lr": 0.0004986702127659575, "elapsed_time": 950.3908529281616, "prnt": false}
{"event": "training_step", "timestamp": 1782397391.597003, "step": 1508, "max_steps": 1883, "loss": 5.036985397338867, "lr": 0.019893617021276594, "adamw_lr": 0.0004973404255319149, "elapsed_time": 950.9930520057678, "prnt": false}
{"event": "training_step", "timestamp": 1782397392.2272792, "step": 1509, "max_steps": 1883, "loss": 4.911412715911865, "lr": 0.019840425531914892, "adamw_lr": 0.0004960106382978723, "elapsed_time": 951.6233258247375, "prnt": false}
{"event": "training_step", "timestamp": 1782397392.842725, "step": 1510, "max_steps": 1883, "loss": 5.1142897605896, "lr": 0.019787234042553194, "adamw_lr": 0.0004946808510638298, "elapsed_time": 952.2387728691101, "prnt": false}
{"event": "training_step", "timestamp": 1782397393.455574, "step": 1511, "max_steps": 1883, "loss": 4.964735984802246, "lr": 0.01973404255319149, "adamw_lr": 0.0004933510638297872, "elapsed_time": 952.8516218662262, "prnt": false}
{"event": "training_step", "timestamp": 1782397394.0873191, "step": 1512, "max_steps": 1883, "loss": 5.017841815948486, "lr": 0.019680851063829788, "adamw_lr": 0.0004920212765957447, "elapsed_time": 953.4833669662476, "prnt": false}
{"event": "training_step", "timestamp": 1782397394.711881, "step": 1513, "max_steps": 1883, "loss": 4.945466995239258, "lr": 0.019627659574468086, "adamw_lr": 0.0004906914893617021, "elapsed_time": 954.1079299449921, "prnt": false}
{"event": "validation_step", "timestamp": 1782397399.5168781, "step": 1513, "max_steps": 1883, "loss": 1.1693325019194136, "ema": true, "elapsed_time": 954.1079299449921}
{"event": "training_step", "timestamp": 1782397400.0397491, "step": 1514, "max_steps": 1883, "loss": 5.055553436279297, "lr": 0.01957446808510638, "adamw_lr": 0.0004893617021276596, "elapsed_time": 959.4357979297638, "prnt": false}
{"event": "training_step", "timestamp": 1782397400.6571069, "step": 1515, "max_steps": 1883, "loss": 5.051080703735352, "lr": 0.01952127659574468, "adamw_lr": 0.000488031914893617, "elapsed_time": 960.053154706955, "prnt": false}
{"event": "training_step", "timestamp": 1782397401.245437, "step": 1516, "max_steps": 1883, "loss": 5.001095294952393, "lr": 0.01946808510638298, "adamw_lr": 0.0004867021276595745, "elapsed_time": 960.6414849758148, "prnt": false}
{"event": "training_step", "timestamp": 1782397401.85319, "step": 1517, "max_steps": 1883, "loss": 5.1033759117126465, "lr": 0.019414893617021277, "adamw_lr": 0.0004853723404255319, "elapsed_time": 961.2492389678955, "prnt": false}
{"event": "training_step", "timestamp": 1782397402.458411, "step": 1518, "max_steps": 1883, "loss": 5.048704147338867, "lr": 0.019361702127659575, "adamw_lr": 0.0004840425531914894, "elapsed_time": 961.854453086853, "prnt": false}
{"event": "training_step", "timestamp": 1782397403.057339, "step": 1519, "max_steps": 1883, "loss": 5.004861831665039, "lr": 0.019308510638297874, "adamw_lr": 0.0004827127659574468, "elapsed_time": 962.4533870220184, "prnt": false}
{"event": "training_step", "timestamp": 1782397403.6388512, "step": 1520, "max_steps": 1883, "loss": 4.934665203094482, "lr": 0.01925531914893617, "adamw_lr": 0.0004813829787234043, "elapsed_time": 963.0348989963531, "prnt": false}
{"event": "training_step", "timestamp": 1782397404.233269, "step": 1521, "max_steps": 1883, "loss": 5.034521102905273, "lr": 0.019202127659574467, "adamw_lr": 0.00048005319148936173, "elapsed_time": 963.6293168067932, "prnt": false}
{"event": "training_step", "timestamp": 1782397404.845875, "step": 1522, "max_steps": 1883, "loss": 4.981521129608154, "lr": 0.019148936170212766, "adamw_lr": 0.0004787234042553192, "elapsed_time": 964.2419230937958, "prnt": false}
{"event": "training_step", "timestamp": 1782397405.475017, "step": 1523, "max_steps": 1883, "loss": 5.02536153793335, "lr": 0.019095744680851064, "adamw_lr": 0.0004773936170212766, "elapsed_time": 964.8710658550262, "prnt": false}
{"event": "training_step", "timestamp": 1782397406.076712, "step": 1524, "max_steps": 1883, "loss": 5.017687797546387, "lr": 0.019042553191489363, "adamw_lr": 0.0004760638297872341, "elapsed_time": 965.4727609157562, "prnt": false}
{"event": "training_step", "timestamp": 1782397406.660564, "step": 1525, "max_steps": 1883, "loss": 5.021254539489746, "lr": 0.01898936170212766, "adamw_lr": 0.00047473404255319153, "elapsed_time": 966.0566117763519, "prnt": false}
{"event": "training_step", "timestamp": 1782397407.242018, "step": 1526, "max_steps": 1883, "loss": 5.03205680847168, "lr": 0.018936170212765956, "adamw_lr": 0.00047340425531914893, "elapsed_time": 966.6380670070648, "prnt": false}
{"event": "training_step", "timestamp": 1782397407.83955, "step": 1527, "max_steps": 1883, "loss": 4.906729698181152, "lr": 0.018882978723404255, "adamw_lr": 0.0004720744680851064, "elapsed_time": 967.2355978488922, "prnt": false}
{"event": "training_step", "timestamp": 1782397408.453724, "step": 1528, "max_steps": 1883, "loss": 5.009339332580566, "lr": 0.018829787234042553, "adamw_lr": 0.00047074468085106383, "elapsed_time": 967.849771976471, "prnt": false}
{"event": "training_step", "timestamp": 1782397409.074892, "step": 1529, "max_steps": 1883, "loss": 4.922774314880371, "lr": 0.018776595744680852, "adamw_lr": 0.0004694148936170213, "elapsed_time": 968.470939874649, "prnt": false}
{"event": "training_step", "timestamp": 1782397409.6800709, "step": 1530, "max_steps": 1883, "loss": 5.038923263549805, "lr": 0.01872340425531915, "adamw_lr": 0.00046808510638297874, "elapsed_time": 969.0761189460754, "prnt": false}
{"event": "training_step", "timestamp": 1782397410.256105, "step": 1531, "max_steps": 1883, "loss": 4.941699981689453, "lr": 0.01867021276595745, "adamw_lr": 0.0004667553191489362, "elapsed_time": 969.6521537303925, "prnt": false}
{"event": "training_step", "timestamp": 1782397410.842846, "step": 1532, "max_steps": 1883, "loss": 5.020435333251953, "lr": 0.018617021276595744, "adamw_lr": 0.00046542553191489364, "elapsed_time": 970.2388937473297, "prnt": false}
{"event": "training_step", "timestamp": 1782397411.424372, "step": 1533, "max_steps": 1883, "loss": 4.9933881759643555, "lr": 0.018563829787234042, "adamw_lr": 0.0004640957446808511, "elapsed_time": 970.8204207420349, "prnt": false}
{"event": "training_step", "timestamp": 1782397412.001508, "step": 1534, "max_steps": 1883, "loss": 5.00623083114624, "lr": 0.01851063829787234, "adamw_lr": 0.0004627659574468085, "elapsed_time": 971.3975560665131, "prnt": false}
{"event": "training_step", "timestamp": 1782397412.571838, "step": 1535, "max_steps": 1883, "loss": 4.937320232391357, "lr": 0.01845744680851064, "adamw_lr": 0.00046143617021276594, "elapsed_time": 971.9678857326508, "prnt": false}
{"event": "training_step", "timestamp": 1782397413.18605, "step": 1536, "max_steps": 1883, "loss": 5.165320873260498, "lr": 0.018404255319148938, "adamw_lr": 0.00046010638297872344, "elapsed_time": 972.5820989608765, "prnt": false}
{"event": "training_step", "timestamp": 1782397413.805853, "step": 1537, "max_steps": 1883, "loss": 5.111085414886475, "lr": 0.018351063829787236, "adamw_lr": 0.0004587765957446809, "elapsed_time": 973.2019009590149, "prnt": false}
{"event": "training_step", "timestamp": 1782397414.4356759, "step": 1538, "max_steps": 1883, "loss": 4.960748195648193, "lr": 0.01829787234042553, "adamw_lr": 0.0004574468085106383, "elapsed_time": 973.83172082901, "prnt": false}
{"event": "training_step", "timestamp": 1782397415.056235, "step": 1539, "max_steps": 1883, "loss": 5.058115005493164, "lr": 0.01824468085106383, "adamw_lr": 0.00045611702127659574, "elapsed_time": 974.4522829055786, "prnt": false}
{"event": "training_step", "timestamp": 1782397415.6370912, "step": 1540, "max_steps": 1883, "loss": 4.998908519744873, "lr": 0.018191489361702128, "adamw_lr": 0.0004547872340425532, "elapsed_time": 975.0331389904022, "prnt": false}
{"event": "training_step", "timestamp": 1782397416.2555661, "step": 1541, "max_steps": 1883, "loss": 5.018906593322754, "lr": 0.018138297872340427, "adamw_lr": 0.00045345744680851065, "elapsed_time": 975.6516139507294, "prnt": false}
{"event": "training_step", "timestamp": 1782397416.864367, "step": 1542, "max_steps": 1883, "loss": 5.057317733764648, "lr": 0.018085106382978725, "adamw_lr": 0.0004521276595744681, "elapsed_time": 976.2604150772095, "prnt": false}
{"event": "training_step", "timestamp": 1782397417.455369, "step": 1543, "max_steps": 1883, "loss": 5.049123287200928, "lr": 0.01803191489361702, "adamw_lr": 0.0004507978723404255, "elapsed_time": 976.8514168262482, "prnt": false}
{"event": "training_step", "timestamp": 1782397418.02809, "step": 1544, "max_steps": 1883, "loss": 4.931619644165039, "lr": 0.01797872340425532, "adamw_lr": 0.000449468085106383, "elapsed_time": 977.4241380691528, "prnt": false}
{"event": "training_step", "timestamp": 1782397418.5971909, "step": 1545, "max_steps": 1883, "loss": 5.049992561340332, "lr": 0.017925531914893617, "adamw_lr": 0.00044813829787234045, "elapsed_time": 977.9932389259338, "prnt": false}
{"event": "training_step", "timestamp": 1782397419.19412, "step": 1546, "max_steps": 1883, "loss": 5.037238121032715, "lr": 0.017872340425531916, "adamw_lr": 0.00044680851063829785, "elapsed_time": 978.5901670455933, "prnt": false}
{"event": "training_step", "timestamp": 1782397419.7914581, "step": 1547, "max_steps": 1883, "loss": 5.030327796936035, "lr": 0.017819148936170214, "adamw_lr": 0.0004454787234042553, "elapsed_time": 979.1875059604645, "prnt": false}
{"event": "training_step", "timestamp": 1782397420.4097521, "step": 1548, "max_steps": 1883, "loss": 4.964195728302002, "lr": 0.017765957446808513, "adamw_lr": 0.0004441489361702128, "elapsed_time": 979.8057999610901, "prnt": false}
{"event": "training_step", "timestamp": 1782397421.014276, "step": 1549, "max_steps": 1883, "loss": 5.009739875793457, "lr": 0.017712765957446808, "adamw_lr": 0.0004428191489361702, "elapsed_time": 980.410325050354, "prnt": false}
{"event": "training_step", "timestamp": 1782397421.600467, "step": 1550, "max_steps": 1883, "loss": 5.101080894470215, "lr": 0.017659574468085106, "adamw_lr": 0.00044148936170212765, "elapsed_time": 980.996515750885, "prnt": false}
{"event": "training_step", "timestamp": 1782397422.218316, "step": 1551, "max_steps": 1883, "loss": 4.999468803405762, "lr": 0.017606382978723405, "adamw_lr": 0.0004401595744680851, "elapsed_time": 981.614364862442, "prnt": false}
{"event": "training_step", "timestamp": 1782397422.828705, "step": 1552, "max_steps": 1883, "loss": 4.95030403137207, "lr": 0.017553191489361703, "adamw_lr": 0.00043882978723404256, "elapsed_time": 982.2247529029846, "prnt": false}
{"event": "training_step", "timestamp": 1782397423.4335291, "step": 1553, "max_steps": 1883, "loss": 5.0248637199401855, "lr": 0.0175, "adamw_lr": 0.0004375, "elapsed_time": 982.829577922821, "prnt": false}
{"event": "training_step", "timestamp": 1782397424.044797, "step": 1554, "max_steps": 1883, "loss": 4.999621391296387, "lr": 0.0174468085106383, "adamw_lr": 0.00043617021276595746, "elapsed_time": 983.4408450126648, "prnt": false}
{"event": "training_step", "timestamp": 1782397424.645925, "step": 1555, "max_steps": 1883, "loss": 4.969892501831055, "lr": 0.017393617021276595, "adamw_lr": 0.0004348404255319149, "elapsed_time": 984.0419728755951, "prnt": false}
{"event": "training_step", "timestamp": 1782397425.218997, "step": 1556, "max_steps": 1883, "loss": 5.095635414123535, "lr": 0.017340425531914894, "adamw_lr": 0.00043351063829787236, "elapsed_time": 984.6150448322296, "prnt": false}
{"event": "training_step", "timestamp": 1782397425.81265, "step": 1557, "max_steps": 1883, "loss": 4.971925735473633, "lr": 0.017287234042553192, "adamw_lr": 0.0004321808510638298, "elapsed_time": 985.2086977958679, "prnt": false}
{"event": "training_step", "timestamp": 1782397426.418112, "step": 1558, "max_steps": 1883, "loss": 5.00565242767334, "lr": 0.01723404255319149, "adamw_lr": 0.0004308510638297872, "elapsed_time": 985.8141598701477, "prnt": false}
{"event": "training_step", "timestamp": 1782397427.0390599, "step": 1559, "max_steps": 1883, "loss": 5.0657854080200195, "lr": 0.01718085106382979, "adamw_lr": 0.0004295212765957447, "elapsed_time": 986.4351089000702, "prnt": false}
{"event": "training_step", "timestamp": 1782397427.6597528, "step": 1560, "max_steps": 1883, "loss": 4.96798038482666, "lr": 0.017127659574468088, "adamw_lr": 0.00042819148936170217, "elapsed_time": 987.0558018684387, "prnt": false}
{"event": "training_step", "timestamp": 1782397428.241987, "step": 1561, "max_steps": 1883, "loss": 4.965106964111328, "lr": 0.017074468085106383, "adamw_lr": 0.00042686170212765957, "elapsed_time": 987.6380348205566, "prnt": false}
{"event": "training_step", "timestamp": 1782397428.840988, "step": 1562, "max_steps": 1883, "loss": 5.066508769989014, "lr": 0.01702127659574468, "adamw_lr": 0.000425531914893617, "elapsed_time": 988.2370369434357, "prnt": false}
{"event": "training_step", "timestamp": 1782397429.462702, "step": 1563, "max_steps": 1883, "loss": 4.987828254699707, "lr": 0.016968085106382976, "adamw_lr": 0.00042420212765957447, "elapsed_time": 988.8587510585785, "prnt": false}
{"event": "training_step", "timestamp": 1782397430.0723321, "step": 1564, "max_steps": 1883, "loss": 4.958239555358887, "lr": 0.016914893617021278, "adamw_lr": 0.0004228723404255319, "elapsed_time": 989.4683799743652, "prnt": false}
{"event": "training_step", "timestamp": 1782397430.662823, "step": 1565, "max_steps": 1883, "loss": 4.992306709289551, "lr": 0.016861702127659577, "adamw_lr": 0.00042154255319148937, "elapsed_time": 990.0588700771332, "prnt": false}
{"event": "training_step", "timestamp": 1782397431.235445, "step": 1566, "max_steps": 1883, "loss": 4.943746089935303, "lr": 0.016808510638297875, "adamw_lr": 0.0004202127659574468, "elapsed_time": 990.6314918994904, "prnt": false}
{"event": "training_step", "timestamp": 1782397431.8457549, "step": 1567, "max_steps": 1883, "loss": 5.041329383850098, "lr": 0.01675531914893617, "adamw_lr": 0.0004188829787234043, "elapsed_time": 991.2418029308319, "prnt": false}
{"event": "training_step", "timestamp": 1782397432.451545, "step": 1568, "max_steps": 1883, "loss": 4.942626476287842, "lr": 0.01670212765957447, "adamw_lr": 0.0004175531914893617, "elapsed_time": 991.847592830658, "prnt": false}
{"event": "training_step", "timestamp": 1782397433.071331, "step": 1569, "max_steps": 1883, "loss": 4.958743095397949, "lr": 0.016648936170212764, "adamw_lr": 0.0004162234042553191, "elapsed_time": 992.4673788547516, "prnt": false}
{"event": "training_step", "timestamp": 1782397433.6716201, "step": 1570, "max_steps": 1883, "loss": 4.886746406555176, "lr": 0.016595744680851062, "adamw_lr": 0.0004148936170212766, "elapsed_time": 993.0676679611206, "prnt": false}
{"event": "training_step", "timestamp": 1782397434.280389, "step": 1571, "max_steps": 1883, "loss": 4.884893417358398, "lr": 0.01654255319148936, "adamw_lr": 0.0004135638297872341, "elapsed_time": 993.6764380931854, "prnt": false}
{"event": "training_step", "timestamp": 1782397434.870031, "step": 1572, "max_steps": 1883, "loss": 5.119849681854248, "lr": 0.016489361702127663, "adamw_lr": 0.00041223404255319153, "elapsed_time": 994.2660789489746, "prnt": false}
{"event": "training_step", "timestamp": 1782397435.474562, "step": 1573, "max_steps": 1883, "loss": 4.94650411605835, "lr": 0.016436170212765958, "adamw_lr": 0.00041090425531914893, "elapsed_time": 994.870609998703, "prnt": false}
{"event": "training_step", "timestamp": 1782397436.0704691, "step": 1574, "max_steps": 1883, "loss": 4.9825239181518555, "lr": 0.016382978723404256, "adamw_lr": 0.0004095744680851064, "elapsed_time": 995.4665169715881, "prnt": false}
{"event": "training_step", "timestamp": 1782397436.654022, "step": 1575, "max_steps": 1883, "loss": 5.037817001342773, "lr": 0.01632978723404255, "adamw_lr": 0.00040824468085106383, "elapsed_time": 996.0500700473785, "prnt": false}
{"event": "training_step", "timestamp": 1782397437.2384, "step": 1576, "max_steps": 1883, "loss": 4.910161972045898, "lr": 0.01627659574468085, "adamw_lr": 0.0004069148936170213, "elapsed_time": 996.6344468593597, "prnt": false}
{"event": "training_step", "timestamp": 1782397437.846236, "step": 1577, "max_steps": 1883, "loss": 5.00638484954834, "lr": 0.016223404255319148, "adamw_lr": 0.00040558510638297873, "elapsed_time": 997.2422840595245, "prnt": false}
{"event": "training_step", "timestamp": 1782397438.4520588, "step": 1578, "max_steps": 1883, "loss": 4.993310451507568, "lr": 0.016170212765957447, "adamw_lr": 0.0004042553191489362, "elapsed_time": 997.8481070995331, "prnt": false}
{"event": "training_step", "timestamp": 1782397439.0653539, "step": 1579, "max_steps": 1883, "loss": 4.984649658203125, "lr": 0.016117021276595745, "adamw_lr": 0.00040292553191489364, "elapsed_time": 998.4614028930664, "prnt": false}
{"event": "training_step", "timestamp": 1782397439.6442418, "step": 1580, "max_steps": 1883, "loss": 4.9776716232299805, "lr": 0.016063829787234044, "adamw_lr": 0.0004015957446808511, "elapsed_time": 999.0402901172638, "prnt": false}
{"event": "training_step", "timestamp": 1782397440.231564, "step": 1581, "max_steps": 1883, "loss": 5.020050525665283, "lr": 0.01601063829787234, "adamw_lr": 0.0004002659574468085, "elapsed_time": 999.6276118755341, "prnt": false}
{"event": "training_step", "timestamp": 1782397440.823, "step": 1582, "max_steps": 1883, "loss": 4.910702705383301, "lr": 0.015957446808510637, "adamw_lr": 0.00039893617021276594, "elapsed_time": 1000.2190489768982, "prnt": false}
{"event": "training_step", "timestamp": 1782397441.401216, "step": 1583, "max_steps": 1883, "loss": 4.980478286743164, "lr": 0.015904255319148936, "adamw_lr": 0.00039760638297872344, "elapsed_time": 1000.7972648143768, "prnt": false}
{"event": "training_step", "timestamp": 1782397442.021454, "step": 1584, "max_steps": 1883, "loss": 5.0356669425964355, "lr": 0.015851063829787234, "adamw_lr": 0.0003962765957446809, "elapsed_time": 1001.4175028800964, "prnt": false}
{"event": "training_step", "timestamp": 1782397442.6256719, "step": 1585, "max_steps": 1883, "loss": 4.981863021850586, "lr": 0.015797872340425533, "adamw_lr": 0.0003949468085106383, "elapsed_time": 1002.0217208862305, "prnt": false}
{"event": "training_step", "timestamp": 1782397443.245321, "step": 1586, "max_steps": 1883, "loss": 4.880227088928223, "lr": 0.01574468085106383, "adamw_lr": 0.00039361702127659574, "elapsed_time": 1002.6413688659668, "prnt": false}
{"event": "training_step", "timestamp": 1782397443.8558772, "step": 1587, "max_steps": 1883, "loss": 5.011794090270996, "lr": 0.015691489361702126, "adamw_lr": 0.0003922872340425532, "elapsed_time": 1003.251925945282, "prnt": false}
{"event": "training_step", "timestamp": 1782397444.4469619, "step": 1588, "max_steps": 1883, "loss": 4.928027153015137, "lr": 0.015638297872340425, "adamw_lr": 0.00039095744680851065, "elapsed_time": 1003.8430099487305, "prnt": false}
{"event": "training_step", "timestamp": 1782397445.061335, "step": 1589, "max_steps": 1883, "loss": 4.9687933921813965, "lr": 0.015585106382978725, "adamw_lr": 0.0003896276595744681, "elapsed_time": 1004.4573838710785, "prnt": false}
{"event": "training_step", "timestamp": 1782397445.682032, "step": 1590, "max_steps": 1883, "loss": 4.895718574523926, "lr": 0.015531914893617023, "adamw_lr": 0.00038829787234042555, "elapsed_time": 1005.0780799388885, "prnt": false}
{"event": "training_step", "timestamp": 1782397446.272948, "step": 1591, "max_steps": 1883, "loss": 4.892343521118164, "lr": 0.01547872340425532, "adamw_lr": 0.000386968085106383, "elapsed_time": 1005.6689958572388, "prnt": false}
{"event": "training_step", "timestamp": 1782397446.852749, "step": 1592, "max_steps": 1883, "loss": 4.971057891845703, "lr": 0.015425531914893618, "adamw_lr": 0.00038563829787234045, "elapsed_time": 1006.2487978935242, "prnt": false}
{"event": "training_step", "timestamp": 1782397447.447922, "step": 1593, "max_steps": 1883, "loss": 4.98282527923584, "lr": 0.015372340425531915, "adamw_lr": 0.00038430851063829785, "elapsed_time": 1006.8439710140228, "prnt": false}
{"event": "training_step", "timestamp": 1782397448.0575979, "step": 1594, "max_steps": 1883, "loss": 4.95870304107666, "lr": 0.015319148936170214, "adamw_lr": 0.0003829787234042553, "elapsed_time": 1007.4536468982697, "prnt": false}
{"event": "training_step", "timestamp": 1782397448.654408, "step": 1595, "max_steps": 1883, "loss": 4.926560878753662, "lr": 0.015265957446808512, "adamw_lr": 0.0003816489361702128, "elapsed_time": 1008.0504560470581, "prnt": false}
{"event": "training_step", "timestamp": 1782397449.241385, "step": 1596, "max_steps": 1883, "loss": 5.0028076171875, "lr": 0.015212765957446807, "adamw_lr": 0.0003803191489361702, "elapsed_time": 1008.6374320983887, "prnt": false}
{"event": "training_step", "timestamp": 1782397449.807971, "step": 1597, "max_steps": 1883, "loss": 4.827075481414795, "lr": 0.015159574468085107, "adamw_lr": 0.00037898936170212765, "elapsed_time": 1009.204018831253, "prnt": false}
{"event": "training_step", "timestamp": 1782397450.405859, "step": 1598, "max_steps": 1883, "loss": 5.004952430725098, "lr": 0.015106382978723406, "adamw_lr": 0.0003776595744680851, "elapsed_time": 1009.8019080162048, "prnt": false}
{"event": "training_step", "timestamp": 1782397451.010922, "step": 1599, "max_steps": 1883, "loss": 4.997288703918457, "lr": 0.015053191489361701, "adamw_lr": 0.00037632978723404256, "elapsed_time": 1010.4069697856903, "prnt": false}
{"event": "training_step", "timestamp": 1782397451.61225, "step": 1600, "max_steps": 1883, "loss": 4.952070713043213, "lr": 0.015, "adamw_lr": 0.000375, "elapsed_time": 1011.008297920227, "prnt": false}
{"event": "training_step", "timestamp": 1782397452.236619, "step": 1601, "max_steps": 1883, "loss": 4.926641464233398, "lr": 0.0149468085106383, "adamw_lr": 0.00037367021276595746, "elapsed_time": 1011.6326658725739, "prnt": false}
{"event": "training_step", "timestamp": 1782397452.844435, "step": 1602, "max_steps": 1883, "loss": 4.951321601867676, "lr": 0.014893617021276598, "adamw_lr": 0.00037234042553191496, "elapsed_time": 1012.2404828071594, "prnt": false}
{"event": "validation_step", "timestamp": 1782397457.6706262, "step": 1602, "max_steps": 1883, "loss": 1.1671889881900983, "ema": true, "elapsed_time": 1012.2404828071594}
{"event": "training_step", "timestamp": 1782397458.141975, "step": 1603, "max_steps": 1883, "loss": 4.994068622589111, "lr": 0.014840425531914893, "adamw_lr": 0.00037101063829787236, "elapsed_time": 1017.5380239486694, "prnt": false}
{"event": "training_step", "timestamp": 1782397458.725139, "step": 1604, "max_steps": 1883, "loss": 4.957550048828125, "lr": 0.01478723404255319, "adamw_lr": 0.00036968085106382976, "elapsed_time": 1018.1211867332458, "prnt": false}
{"event": "training_step", "timestamp": 1782397459.3438551, "step": 1605, "max_steps": 1883, "loss": 5.07289981842041, "lr": 0.014734042553191488, "adamw_lr": 0.0003683510638297872, "elapsed_time": 1018.739902973175, "prnt": false}
{"event": "training_step", "timestamp": 1782397459.970207, "step": 1606, "max_steps": 1883, "loss": 4.912469863891602, "lr": 0.014680851063829787, "adamw_lr": 0.0003670212765957447, "elapsed_time": 1019.3662548065186, "prnt": false}
{"event": "training_step", "timestamp": 1782397460.567708, "step": 1607, "max_steps": 1883, "loss": 4.930485725402832, "lr": 0.014627659574468085, "adamw_lr": 0.00036569148936170217, "elapsed_time": 1019.9637560844421, "prnt": false}
{"event": "training_step", "timestamp": 1782397461.156673, "step": 1608, "max_steps": 1883, "loss": 4.958815574645996, "lr": 0.014574468085106386, "adamw_lr": 0.0003643617021276596, "elapsed_time": 1020.5527198314667, "prnt": false}
{"event": "training_step", "timestamp": 1782397461.7326982, "step": 1609, "max_steps": 1883, "loss": 4.9828877449035645, "lr": 0.01452127659574468, "adamw_lr": 0.000363031914893617, "elapsed_time": 1021.1287460327148, "prnt": false}
{"event": "training_step", "timestamp": 1782397462.349238, "step": 1610, "max_steps": 1883, "loss": 4.9530534744262695, "lr": 0.014468085106382977, "adamw_lr": 0.00036170212765957447, "elapsed_time": 1021.745285987854, "prnt": false}
{"event": "training_step", "timestamp": 1782397462.968724, "step": 1611, "max_steps": 1883, "loss": 4.903164386749268, "lr": 0.014414893617021276, "adamw_lr": 0.0003603723404255319, "elapsed_time": 1022.3647718429565, "prnt": false}
{"event": "training_step", "timestamp": 1782397463.5663118, "step": 1612, "max_steps": 1883, "loss": 4.931729316711426, "lr": 0.014361702127659574, "adamw_lr": 0.00035904255319148937, "elapsed_time": 1022.9623601436615, "prnt": false}
{"event": "training_step", "timestamp": 1782397464.140463, "step": 1613, "max_steps": 1883, "loss": 4.924580097198486, "lr": 0.014308510638297873, "adamw_lr": 0.0003577127659574468, "elapsed_time": 1023.5365109443665, "prnt": false}
{"event": "training_step", "timestamp": 1782397464.730797, "step": 1614, "max_steps": 1883, "loss": 4.877521514892578, "lr": 0.01425531914893617, "adamw_lr": 0.0003563829787234043, "elapsed_time": 1024.126844882965, "prnt": false}
{"event": "training_step", "timestamp": 1782397465.3444622, "step": 1615, "max_steps": 1883, "loss": 4.986752510070801, "lr": 0.014202127659574468, "adamw_lr": 0.0003550531914893617, "elapsed_time": 1024.7405099868774, "prnt": false}
{"event": "training_step", "timestamp": 1782397465.933368, "step": 1616, "max_steps": 1883, "loss": 4.927028179168701, "lr": 0.014148936170212765, "adamw_lr": 0.0003537234042553191, "elapsed_time": 1025.329414844513, "prnt": false}
{"event": "training_step", "timestamp": 1782397466.543712, "step": 1617, "max_steps": 1883, "loss": 4.865743637084961, "lr": 0.014095744680851063, "adamw_lr": 0.0003523936170212766, "elapsed_time": 1025.9397599697113, "prnt": false}
{"event": "training_step", "timestamp": 1782397467.125331, "step": 1618, "max_steps": 1883, "loss": 4.895212650299072, "lr": 0.014042553191489362, "adamw_lr": 0.0003510638297872341, "elapsed_time": 1026.5213787555695, "prnt": false}
{"event": "training_step", "timestamp": 1782397467.728673, "step": 1619, "max_steps": 1883, "loss": 4.879037857055664, "lr": 0.01398936170212766, "adamw_lr": 0.00034973404255319153, "elapsed_time": 1027.1247208118439, "prnt": false}
{"event": "training_step", "timestamp": 1782397468.3334742, "step": 1620, "max_steps": 1883, "loss": 4.89890193939209, "lr": 0.013936170212765957, "adamw_lr": 0.00034840425531914893, "elapsed_time": 1027.7295219898224, "prnt": false}
{"event": "training_step", "timestamp": 1782397468.906131, "step": 1621, "max_steps": 1883, "loss": 4.965146064758301, "lr": 0.013882978723404256, "adamw_lr": 0.0003470744680851064, "elapsed_time": 1028.3021578788757, "prnt": false}
{"event": "training_step", "timestamp": 1782397469.50443, "step": 1622, "max_steps": 1883, "loss": 4.901618003845215, "lr": 0.013829787234042552, "adamw_lr": 0.00034574468085106383, "elapsed_time": 1028.9004778862, "prnt": false}
{"event": "training_step", "timestamp": 1782397470.073247, "step": 1623, "max_steps": 1883, "loss": 4.872804641723633, "lr": 0.01377659574468085, "adamw_lr": 0.0003444148936170213, "elapsed_time": 1029.4692947864532, "prnt": false}
{"event": "training_step", "timestamp": 1782397470.648631, "step": 1624, "max_steps": 1883, "loss": 4.908801078796387, "lr": 0.01372340425531915, "adamw_lr": 0.00034308510638297873, "elapsed_time": 1030.044678926468, "prnt": false}
{"event": "training_step", "timestamp": 1782397471.255234, "step": 1625, "max_steps": 1883, "loss": 4.8637261390686035, "lr": 0.013670212765957448, "adamw_lr": 0.0003417553191489362, "elapsed_time": 1030.6512818336487, "prnt": false}
{"event": "training_step", "timestamp": 1782397471.859134, "step": 1626, "max_steps": 1883, "loss": 4.985708713531494, "lr": 0.013617021276595745, "adamw_lr": 0.00034042553191489364, "elapsed_time": 1031.2551817893982, "prnt": false}
{"event": "training_step", "timestamp": 1782397472.47005, "step": 1627, "max_steps": 1883, "loss": 4.869650840759277, "lr": 0.013563829787234043, "adamw_lr": 0.0003390957446808511, "elapsed_time": 1031.8660979270935, "prnt": false}
{"event": "training_step", "timestamp": 1782397473.051049, "step": 1628, "max_steps": 1883, "loss": 4.893790245056152, "lr": 0.01351063829787234, "adamw_lr": 0.0003377659574468085, "elapsed_time": 1032.447096824646, "prnt": false}
{"event": "training_step", "timestamp": 1782397473.678617, "step": 1629, "max_steps": 1883, "loss": 4.966838836669922, "lr": 0.013457446808510638, "adamw_lr": 0.00033643617021276594, "elapsed_time": 1033.0746660232544, "prnt": false}
{"event": "training_step", "timestamp": 1782397474.298474, "step": 1630, "max_steps": 1883, "loss": 4.994397163391113, "lr": 0.013404255319148937, "adamw_lr": 0.00033510638297872344, "elapsed_time": 1033.6945219039917, "prnt": false}
{"event": "training_step", "timestamp": 1782397474.8844779, "step": 1631, "max_steps": 1883, "loss": 4.941147804260254, "lr": 0.013351063829787235, "adamw_lr": 0.0003337765957446809, "elapsed_time": 1034.2805259227753, "prnt": false}
{"event": "training_step", "timestamp": 1782397475.478663, "step": 1632, "max_steps": 1883, "loss": 4.83137845993042, "lr": 0.013297872340425532, "adamw_lr": 0.0003324468085106383, "elapsed_time": 1034.8747110366821, "prnt": false}
{"event": "training_step", "timestamp": 1782397476.0609322, "step": 1633, "max_steps": 1883, "loss": 4.83836555480957, "lr": 0.01324468085106383, "adamw_lr": 0.00033111702127659574, "elapsed_time": 1035.4569799900055, "prnt": false}
{"event": "training_step", "timestamp": 1782397476.646358, "step": 1634, "max_steps": 1883, "loss": 4.930039405822754, "lr": 0.013191489361702127, "adamw_lr": 0.0003297872340425532, "elapsed_time": 1036.0424058437347, "prnt": false}
{"event": "training_step", "timestamp": 1782397477.2381911, "step": 1635, "max_steps": 1883, "loss": 4.846574783325195, "lr": 0.013138297872340426, "adamw_lr": 0.00032845744680851064, "elapsed_time": 1036.6342389583588, "prnt": false}
{"event": "training_step", "timestamp": 1782397477.86743, "step": 1636, "max_steps": 1883, "loss": 4.887703895568848, "lr": 0.013085106382978724, "adamw_lr": 0.0003271276595744681, "elapsed_time": 1037.2634789943695, "prnt": false}
{"event": "training_step", "timestamp": 1782397478.470328, "step": 1637, "max_steps": 1883, "loss": 4.867191791534424, "lr": 0.013031914893617023, "adamw_lr": 0.00032579787234042555, "elapsed_time": 1037.8663759231567, "prnt": false}
{"event": "training_step", "timestamp": 1782397479.050112, "step": 1638, "max_steps": 1883, "loss": 4.9124755859375, "lr": 0.01297872340425532, "adamw_lr": 0.000324468085106383, "elapsed_time": 1038.4461607933044, "prnt": false}
{"event": "training_step", "timestamp": 1782397479.6284318, "step": 1639, "max_steps": 1883, "loss": 4.790094375610352, "lr": 0.012925531914893616, "adamw_lr": 0.0003231382978723404, "elapsed_time": 1039.0244801044464, "prnt": false}
{"event": "training_step", "timestamp": 1782397480.200531, "step": 1640, "max_steps": 1883, "loss": 4.912866592407227, "lr": 0.012872340425531915, "adamw_lr": 0.00032180851063829785, "elapsed_time": 1039.5965797901154, "prnt": false}
{"event": "training_step", "timestamp": 1782397480.778985, "step": 1641, "max_steps": 1883, "loss": 4.926900863647461, "lr": 0.012819148936170213, "adamw_lr": 0.0003204787234042553, "elapsed_time": 1040.1750328540802, "prnt": false}
{"event": "training_step", "timestamp": 1782397481.401015, "step": 1642, "max_steps": 1883, "loss": 4.798746585845947, "lr": 0.012765957446808512, "adamw_lr": 0.0003191489361702128, "elapsed_time": 1040.7970628738403, "prnt": false}
{"event": "training_step", "timestamp": 1782397482.0201, "step": 1643, "max_steps": 1883, "loss": 4.868951797485352, "lr": 0.01271276595744681, "adamw_lr": 0.00031781914893617026, "elapsed_time": 1041.4161479473114, "prnt": false}
{"event": "training_step", "timestamp": 1782397482.63228, "step": 1644, "max_steps": 1883, "loss": 4.8207855224609375, "lr": 0.012659574468085107, "adamw_lr": 0.00031648936170212765, "elapsed_time": 1042.0283279418945, "prnt": false}
{"event": "training_step", "timestamp": 1782397483.239014, "step": 1645, "max_steps": 1883, "loss": 4.907348155975342, "lr": 0.012606382978723404, "adamw_lr": 0.00031515957446808505, "elapsed_time": 1042.6350600719452, "prnt": false}
{"event": "training_step", "timestamp": 1782397483.8265998, "step": 1646, "max_steps": 1883, "loss": 4.892866611480713, "lr": 0.012553191489361702, "adamw_lr": 0.00031382978723404256, "elapsed_time": 1043.2226481437683, "prnt": false}
{"event": "training_step", "timestamp": 1782397484.444715, "step": 1647, "max_steps": 1883, "loss": 4.941226005554199, "lr": 0.0125, "adamw_lr": 0.0003125, "elapsed_time": 1043.8407628536224, "prnt": false}
{"event": "training_step", "timestamp": 1782397485.0494678, "step": 1648, "max_steps": 1883, "loss": 4.817660331726074, "lr": 0.0124468085106383, "adamw_lr": 0.00031117021276595746, "elapsed_time": 1044.4455170631409, "prnt": false}
{"event": "training_step", "timestamp": 1782397485.6673841, "step": 1649, "max_steps": 1883, "loss": 4.884224891662598, "lr": 0.012393617021276598, "adamw_lr": 0.00030984042553191496, "elapsed_time": 1045.0634319782257, "prnt": false}
{"event": "training_step", "timestamp": 1782397486.24354, "step": 1650, "max_steps": 1883, "loss": 4.881319999694824, "lr": 0.012340425531914894, "adamw_lr": 0.00030851063829787236, "elapsed_time": 1045.639587879181, "prnt": false}
{"event": "training_step", "timestamp": 1782397486.832237, "step": 1651, "max_steps": 1883, "loss": 4.8459343910217285, "lr": 0.012287234042553191, "adamw_lr": 0.00030718085106382976, "elapsed_time": 1046.2282848358154, "prnt": false}
{"event": "training_step", "timestamp": 1782397487.427091, "step": 1652, "max_steps": 1883, "loss": 4.882610321044922, "lr": 0.01223404255319149, "adamw_lr": 0.0003058510638297872, "elapsed_time": 1046.823137998581, "prnt": false}
{"event": "training_step", "timestamp": 1782397488.018519, "step": 1653, "max_steps": 1883, "loss": 4.878007411956787, "lr": 0.012180851063829788, "adamw_lr": 0.0003045212765957447, "elapsed_time": 1047.4145669937134, "prnt": false}
{"event": "training_step", "timestamp": 1782397488.625819, "step": 1654, "max_steps": 1883, "loss": 4.846779823303223, "lr": 0.012127659574468087, "adamw_lr": 0.00030319148936170217, "elapsed_time": 1048.0218670368195, "prnt": false}
{"event": "training_step", "timestamp": 1782397489.213105, "step": 1655, "max_steps": 1883, "loss": 4.821074962615967, "lr": 0.012074468085106385, "adamw_lr": 0.0003018617021276596, "elapsed_time": 1048.6091539859772, "prnt": false}
{"event": "training_step", "timestamp": 1782397489.799583, "step": 1656, "max_steps": 1883, "loss": 4.769415378570557, "lr": 0.012021276595744682, "adamw_lr": 0.000300531914893617, "elapsed_time": 1049.195630788803, "prnt": false}
{"event": "training_step", "timestamp": 1782397490.4067998, "step": 1657, "max_steps": 1883, "loss": 4.828481197357178, "lr": 0.011968085106382977, "adamw_lr": 0.00029920212765957447, "elapsed_time": 1049.8028481006622, "prnt": false}
{"event": "training_step", "timestamp": 1782397491.001426, "step": 1658, "max_steps": 1883, "loss": 4.86961555480957, "lr": 0.011914893617021277, "adamw_lr": 0.0002978723404255319, "elapsed_time": 1050.3974747657776, "prnt": false}
{"event": "training_step", "timestamp": 1782397491.5504599, "step": 1659, "max_steps": 1883, "loss": 4.842862129211426, "lr": 0.011861702127659576, "adamw_lr": 0.00029654255319148937, "elapsed_time": 1050.9465079307556, "prnt": false}
{"event": "training_step", "timestamp": 1782397492.139294, "step": 1660, "max_steps": 1883, "loss": 4.850003719329834, "lr": 0.011808510638297874, "adamw_lr": 0.0002952127659574468, "elapsed_time": 1051.5353417396545, "prnt": false}
{"event": "training_step", "timestamp": 1782397492.737779, "step": 1661, "max_steps": 1883, "loss": 4.768646717071533, "lr": 0.01175531914893617, "adamw_lr": 0.00029388297872340427, "elapsed_time": 1052.133826971054, "prnt": false}
{"event": "training_step", "timestamp": 1782397493.3575838, "step": 1662, "max_steps": 1883, "loss": 4.885902404785156, "lr": 0.01170212765957447, "adamw_lr": 0.0002925531914893617, "elapsed_time": 1052.753632068634, "prnt": false}
{"event": "training_step", "timestamp": 1782397493.990635, "step": 1663, "max_steps": 1883, "loss": 4.910268783569336, "lr": 0.011648936170212764, "adamw_lr": 0.0002912234042553191, "elapsed_time": 1053.3866827487946, "prnt": false}
{"event": "training_step", "timestamp": 1782397494.5687091, "step": 1664, "max_steps": 1883, "loss": 4.709779739379883, "lr": 0.011595744680851063, "adamw_lr": 0.00028989361702127657, "elapsed_time": 1053.9647579193115, "prnt": false}
{"event": "training_step", "timestamp": 1782397495.177387, "step": 1665, "max_steps": 1883, "loss": 4.772928237915039, "lr": 0.011542553191489361, "adamw_lr": 0.0002885638297872341, "elapsed_time": 1054.573434829712, "prnt": false}
{"event": "training_step", "timestamp": 1782397495.7797801, "step": 1666, "max_steps": 1883, "loss": 4.8332719802856445, "lr": 0.011489361702127662, "adamw_lr": 0.00028723404255319153, "elapsed_time": 1055.1758289337158, "prnt": false}
{"event": "training_step", "timestamp": 1782397496.358918, "step": 1667, "max_steps": 1883, "loss": 4.729682922363281, "lr": 0.011436170212765957, "adamw_lr": 0.0002859042553191489, "elapsed_time": 1055.754966020584, "prnt": false}
{"event": "training_step", "timestamp": 1782397496.947381, "step": 1668, "max_steps": 1883, "loss": 4.741552352905273, "lr": 0.011382978723404255, "adamw_lr": 0.0002845744680851064, "elapsed_time": 1056.343428850174, "prnt": false}
{"event": "training_step", "timestamp": 1782397497.524569, "step": 1669, "max_steps": 1883, "loss": 4.812466144561768, "lr": 0.011329787234042552, "adamw_lr": 0.00028324468085106383, "elapsed_time": 1056.920616865158, "prnt": false}
{"event": "training_step", "timestamp": 1782397498.1248362, "step": 1670, "max_steps": 1883, "loss": 4.775396347045898, "lr": 0.01127659574468085, "adamw_lr": 0.0002819148936170213, "elapsed_time": 1057.5208849906921, "prnt": false}
{"event": "training_step", "timestamp": 1782397498.735828, "step": 1671, "max_steps": 1883, "loss": 4.721757888793945, "lr": 0.011223404255319149, "adamw_lr": 0.00028058510638297873, "elapsed_time": 1058.1318769454956, "prnt": false}
{"event": "training_step", "timestamp": 1782397499.33113, "step": 1672, "max_steps": 1883, "loss": 4.84674072265625, "lr": 0.011170212765957447, "adamw_lr": 0.0002792553191489362, "elapsed_time": 1058.7271778583527, "prnt": false}
{"event": "training_step", "timestamp": 1782397499.9418921, "step": 1673, "max_steps": 1883, "loss": 4.789648056030273, "lr": 0.011117021276595744, "adamw_lr": 0.00027792553191489363, "elapsed_time": 1059.3379409313202, "prnt": false}
{"event": "training_step", "timestamp": 1782397500.508542, "step": 1674, "max_steps": 1883, "loss": 4.8688788414001465, "lr": 0.011063829787234043, "adamw_lr": 0.0002765957446808511, "elapsed_time": 1059.9045898914337, "prnt": false}
{"event": "training_step", "timestamp": 1782397501.0984588, "step": 1675, "max_steps": 1883, "loss": 4.867437362670898, "lr": 0.01101063829787234, "adamw_lr": 0.0002752659574468085, "elapsed_time": 1060.494507074356, "prnt": false}
{"event": "training_step", "timestamp": 1782397501.6701179, "step": 1676, "max_steps": 1883, "loss": 4.751012802124023, "lr": 0.010957446808510638, "adamw_lr": 0.00027393617021276593, "elapsed_time": 1061.0661671161652, "prnt": false}
{"event": "training_step", "timestamp": 1782397502.227786, "step": 1677, "max_steps": 1883, "loss": 4.85983943939209, "lr": 0.010904255319148936, "adamw_lr": 0.00027260638297872344, "elapsed_time": 1061.6238338947296, "prnt": false}
{"event": "training_step", "timestamp": 1782397502.823534, "step": 1678, "max_steps": 1883, "loss": 4.8158159255981445, "lr": 0.010851063829787235, "adamw_lr": 0.0002712765957446809, "elapsed_time": 1062.2195818424225, "prnt": false}
{"event": "training_step", "timestamp": 1782397503.40638, "step": 1679, "max_steps": 1883, "loss": 4.839808464050293, "lr": 0.010797872340425532, "adamw_lr": 0.0002699468085106383, "elapsed_time": 1062.802426815033, "prnt": false}
{"event": "training_step", "timestamp": 1782397504.0264409, "step": 1680, "max_steps": 1883, "loss": 4.75949764251709, "lr": 0.01074468085106383, "adamw_lr": 0.00026861702127659574, "elapsed_time": 1063.4224898815155, "prnt": false}
{"event": "training_step", "timestamp": 1782397504.6294599, "step": 1681, "max_steps": 1883, "loss": 4.7445526123046875, "lr": 0.010691489361702127, "adamw_lr": 0.0002672872340425532, "elapsed_time": 1064.0255088806152, "prnt": false}
{"event": "training_step", "timestamp": 1782397505.224899, "step": 1682, "max_steps": 1883, "loss": 4.728187084197998, "lr": 0.010638297872340425, "adamw_lr": 0.00026595744680851064, "elapsed_time": 1064.6209478378296, "prnt": false}
{"event": "training_step", "timestamp": 1782397505.836149, "step": 1683, "max_steps": 1883, "loss": 4.756852149963379, "lr": 0.010585106382978724, "adamw_lr": 0.0002646276595744681, "elapsed_time": 1065.2321968078613, "prnt": false}
{"event": "training_step", "timestamp": 1782397506.4362938, "step": 1684, "max_steps": 1883, "loss": 4.781123638153076, "lr": 0.010531914893617022, "adamw_lr": 0.00026329787234042555, "elapsed_time": 1065.8323419094086, "prnt": false}
{"event": "training_step", "timestamp": 1782397507.0319638, "step": 1685, "max_steps": 1883, "loss": 4.819533824920654, "lr": 0.010478723404255319, "adamw_lr": 0.000261968085106383, "elapsed_time": 1066.428013086319, "prnt": false}
{"event": "training_step", "timestamp": 1782397507.649322, "step": 1686, "max_steps": 1883, "loss": 4.848911285400391, "lr": 0.010425531914893616, "adamw_lr": 0.0002606382978723404, "elapsed_time": 1067.0453698635101, "prnt": false}
{"event": "training_step", "timestamp": 1782397508.247786, "step": 1687, "max_steps": 1883, "loss": 4.756371021270752, "lr": 0.010372340425531914, "adamw_lr": 0.00025930851063829785, "elapsed_time": 1067.6438338756561, "prnt": false}
{"event": "training_step", "timestamp": 1782397508.815847, "step": 1688, "max_steps": 1883, "loss": 4.794153213500977, "lr": 0.010319148936170213, "adamw_lr": 0.0002579787234042553, "elapsed_time": 1068.2118949890137, "prnt": false}
{"event": "training_step", "timestamp": 1782397509.397069, "step": 1689, "max_steps": 1883, "loss": 4.79365873336792, "lr": 0.010265957446808511, "adamw_lr": 0.0002566489361702128, "elapsed_time": 1068.7931180000305, "prnt": false}
{"event": "training_step", "timestamp": 1782397510.0145469, "step": 1690, "max_steps": 1883, "loss": 4.870779514312744, "lr": 0.01021276595744681, "adamw_lr": 0.00025531914893617025, "elapsed_time": 1069.4105939865112, "prnt": false}
{"event": "training_step", "timestamp": 1782397510.624532, "step": 1691, "max_steps": 1883, "loss": 4.873513221740723, "lr": 0.010159574468085106, "adamw_lr": 0.00025398936170212765, "elapsed_time": 1070.020579814911, "prnt": false}
{"event": "validation_step", "timestamp": 1782397515.269803, "step": 1691, "max_steps": 1883, "loss": 1.1648061409754278, "ema": true, "elapsed_time": 1070.020579814911}
{"event": "training_step", "timestamp": 1782397515.779925, "step": 1692, "max_steps": 1883, "loss": 4.751136302947998, "lr": 0.010106382978723403, "adamw_lr": 0.00025265957446808505, "elapsed_time": 1075.1759729385376, "prnt": false}
{"event": "training_step", "timestamp": 1782397516.4227998, "step": 1693, "max_steps": 1883, "loss": 4.788069248199463, "lr": 0.010053191489361702, "adamw_lr": 0.00025132978723404255, "elapsed_time": 1075.8188478946686, "prnt": false}
{"event": "training_step", "timestamp": 1782397517.037801, "step": 1694, "max_steps": 1883, "loss": 4.742501258850098, "lr": 0.01, "adamw_lr": 0.00025, "elapsed_time": 1076.4338488578796, "prnt": false}
{"event": "training_step", "timestamp": 1782397517.6367092, "step": 1695, "max_steps": 1883, "loss": 4.815666198730469, "lr": 0.009946808510638299, "adamw_lr": 0.00024867021276595746, "elapsed_time": 1077.0327570438385, "prnt": false}
{"event": "training_step", "timestamp": 1782397518.231787, "step": 1696, "max_steps": 1883, "loss": 4.820004463195801, "lr": 0.009893617021276595, "adamw_lr": 0.0002473404255319149, "elapsed_time": 1077.6278347969055, "prnt": false}
{"event": "training_step", "timestamp": 1782397518.830792, "step": 1697, "max_steps": 1883, "loss": 4.815060615539551, "lr": 0.009840425531914894, "adamw_lr": 0.00024601063829787236, "elapsed_time": 1078.2268407344818, "prnt": false}
{"event": "training_step", "timestamp": 1782397519.450898, "step": 1698, "max_steps": 1883, "loss": 4.661314964294434, "lr": 0.009787234042553192, "adamw_lr": 0.0002446808510638298, "elapsed_time": 1078.8469460010529, "prnt": false}
{"event": "training_step", "timestamp": 1782397520.046637, "step": 1699, "max_steps": 1883, "loss": 4.791248798370361, "lr": 0.00973404255319149, "adamw_lr": 0.00024335106382978724, "elapsed_time": 1079.4426848888397, "prnt": false}
{"event": "training_step", "timestamp": 1782397520.6225011, "step": 1700, "max_steps": 1883, "loss": 4.7316741943359375, "lr": 0.009680851063829788, "adamw_lr": 0.0002420212765957447, "elapsed_time": 1080.018548965454, "prnt": false}
{"event": "training_step", "timestamp": 1782397521.21328, "step": 1701, "max_steps": 1883, "loss": 4.748261451721191, "lr": 0.009627659574468086, "adamw_lr": 0.00024069148936170216, "elapsed_time": 1080.6093258857727, "prnt": false}
{"event": "training_step", "timestamp": 1782397521.829288, "step": 1702, "max_steps": 1883, "loss": 4.73223352432251, "lr": 0.009574468085106383, "adamw_lr": 0.00023936170212765956, "elapsed_time": 1081.2253367900848, "prnt": false}
{"event": "training_step", "timestamp": 1782397522.427393, "step": 1703, "max_steps": 1883, "loss": 4.722789764404297, "lr": 0.009521276595744681, "adamw_lr": 0.00023803191489361704, "elapsed_time": 1081.8234310150146, "prnt": false}
{"event": "training_step", "timestamp": 1782397523.038795, "step": 1704, "max_steps": 1883, "loss": 4.751141548156738, "lr": 0.00946808510638298, "adamw_lr": 0.0002367021276595745, "elapsed_time": 1082.434842824936, "prnt": false}
{"event": "training_step", "timestamp": 1782397523.6285598, "step": 1705, "max_steps": 1883, "loss": 4.706602096557617, "lr": 0.009414893617021277, "adamw_lr": 0.00023537234042553192, "elapsed_time": 1083.0246078968048, "prnt": false}
{"event": "training_step", "timestamp": 1782397524.2094479, "step": 1706, "max_steps": 1883, "loss": 4.693630218505859, "lr": 0.009361702127659575, "adamw_lr": 0.00023404255319148937, "elapsed_time": 1083.6054961681366, "prnt": false}
{"event": "training_step", "timestamp": 1782397524.8018, "step": 1707, "max_steps": 1883, "loss": 4.762849807739258, "lr": 0.009308510638297874, "adamw_lr": 0.00023271276595744685, "elapsed_time": 1084.1978487968445, "prnt": false}
{"event": "training_step", "timestamp": 1782397525.421115, "step": 1708, "max_steps": 1883, "loss": 4.744324684143066, "lr": 0.00925531914893617, "adamw_lr": 0.00023138297872340424, "elapsed_time": 1084.81716299057, "prnt": false}
{"event": "training_step", "timestamp": 1782397526.016725, "step": 1709, "max_steps": 1883, "loss": 4.756911277770996, "lr": 0.009202127659574469, "adamw_lr": 0.00023005319148936172, "elapsed_time": 1085.4127728939056, "prnt": false}
{"event": "training_step", "timestamp": 1782397526.58553, "step": 1710, "max_steps": 1883, "loss": 4.761004447937012, "lr": 0.009148936170212767, "adamw_lr": 0.00022872340425531917, "elapsed_time": 1085.98157787323, "prnt": false}
{"event": "training_step", "timestamp": 1782397527.187059, "step": 1711, "max_steps": 1883, "loss": 4.657131195068359, "lr": 0.009095744680851064, "adamw_lr": 0.0002273936170212766, "elapsed_time": 1086.5831077098846, "prnt": false}
{"event": "training_step", "timestamp": 1782397527.798866, "step": 1712, "max_steps": 1883, "loss": 4.732494354248047, "lr": 0.009042553191489363, "adamw_lr": 0.00022606382978723405, "elapsed_time": 1087.1949141025543, "prnt": false}
{"event": "training_step", "timestamp": 1782397528.3874078, "step": 1713, "max_steps": 1883, "loss": 4.844799041748047, "lr": 0.008989361702127661, "adamw_lr": 0.00022473404255319153, "elapsed_time": 1087.7834560871124, "prnt": false}
{"event": "training_step", "timestamp": 1782397528.988529, "step": 1714, "max_steps": 1883, "loss": 4.7858123779296875, "lr": 0.008936170212765958, "adamw_lr": 0.00022340425531914892, "elapsed_time": 1088.384577035904, "prnt": false}
{"event": "training_step", "timestamp": 1782397529.559076, "step": 1715, "max_steps": 1883, "loss": 4.727917671203613, "lr": 0.008882978723404256, "adamw_lr": 0.0002220744680851064, "elapsed_time": 1088.9551239013672, "prnt": false}
{"event": "training_step", "timestamp": 1782397530.150667, "step": 1716, "max_steps": 1883, "loss": 4.842423915863037, "lr": 0.008829787234042555, "adamw_lr": 0.00022074468085106385, "elapsed_time": 1089.5467147827148, "prnt": false}
{"event": "training_step", "timestamp": 1782397530.757441, "step": 1717, "max_steps": 1883, "loss": 4.676120281219482, "lr": 0.008776595744680852, "adamw_lr": 0.00021941489361702128, "elapsed_time": 1090.1534888744354, "prnt": false}
{"event": "training_step", "timestamp": 1782397531.318254, "step": 1718, "max_steps": 1883, "loss": 4.744431972503662, "lr": 0.00872340425531915, "adamw_lr": 0.00021808510638297873, "elapsed_time": 1090.7143018245697, "prnt": false}
{"event": "training_step", "timestamp": 1782397531.89998, "step": 1719, "max_steps": 1883, "loss": 4.714343070983887, "lr": 0.008670212765957445, "adamw_lr": 0.00021675531914893615, "elapsed_time": 1091.2960269451141, "prnt": false}
{"event": "training_step", "timestamp": 1782397532.476183, "step": 1720, "max_steps": 1883, "loss": 4.740364074707031, "lr": 0.008617021276595745, "adamw_lr": 0.0002154255319148936, "elapsed_time": 1091.8722310066223, "prnt": false}
{"event": "training_step", "timestamp": 1782397533.06095, "step": 1721, "max_steps": 1883, "loss": 4.708355903625488, "lr": 0.008563829787234044, "adamw_lr": 0.00021409574468085108, "elapsed_time": 1092.4569969177246, "prnt": false}
{"event": "training_step", "timestamp": 1782397533.6682692, "step": 1722, "max_steps": 1883, "loss": 4.690439701080322, "lr": 0.008510638297872339, "adamw_lr": 0.00021276595744680848, "elapsed_time": 1093.0643169879913, "prnt": false}
{"event": "training_step", "timestamp": 1782397534.285316, "step": 1723, "max_steps": 1883, "loss": 4.707201957702637, "lr": 0.008457446808510639, "adamw_lr": 0.00021143617021276596, "elapsed_time": 1093.6813628673553, "prnt": false}
{"event": "training_step", "timestamp": 1782397534.875508, "step": 1724, "max_steps": 1883, "loss": 4.70527458190918, "lr": 0.008404255319148938, "adamw_lr": 0.0002101063829787234, "elapsed_time": 1094.2715559005737, "prnt": false}
{"event": "training_step", "timestamp": 1782397535.4448588, "step": 1725, "max_steps": 1883, "loss": 4.726154327392578, "lr": 0.008351063829787233, "adamw_lr": 0.00020877659574468084, "elapsed_time": 1094.840908050537, "prnt": false}
{"event": "training_step", "timestamp": 1782397536.047426, "step": 1726, "max_steps": 1883, "loss": 4.693965911865234, "lr": 0.008297872340425531, "adamw_lr": 0.0002074468085106383, "elapsed_time": 1095.443473815918, "prnt": false}
{"event": "training_step", "timestamp": 1782397536.6465678, "step": 1727, "max_steps": 1883, "loss": 4.71898889541626, "lr": 0.008244680851063831, "adamw_lr": 0.00020611702127659577, "elapsed_time": 1096.0426161289215, "prnt": false}
{"event": "training_step", "timestamp": 1782397537.23708, "step": 1728, "max_steps": 1883, "loss": 4.682215690612793, "lr": 0.008191489361702126, "adamw_lr": 0.00020478723404255316, "elapsed_time": 1096.6331279277802, "prnt": false}
{"event": "training_step", "timestamp": 1782397537.811821, "step": 1729, "max_steps": 1883, "loss": 4.689416885375977, "lr": 0.008138297872340425, "adamw_lr": 0.00020345744680851064, "elapsed_time": 1097.207867860794, "prnt": false}
{"event": "training_step", "timestamp": 1782397538.3825579, "step": 1730, "max_steps": 1883, "loss": 4.671409606933594, "lr": 0.008085106382978723, "adamw_lr": 0.0002021276595744681, "elapsed_time": 1097.7786049842834, "prnt": false}
{"event": "training_step", "timestamp": 1782397538.96589, "step": 1731, "max_steps": 1883, "loss": 4.6775970458984375, "lr": 0.00803191489361702, "adamw_lr": 0.00020079787234042552, "elapsed_time": 1098.3619389533997, "prnt": false}
{"event": "training_step", "timestamp": 1782397539.57645, "step": 1732, "max_steps": 1883, "loss": 4.6540045738220215, "lr": 0.007978723404255319, "adamw_lr": 0.00019946808510638297, "elapsed_time": 1098.9724979400635, "prnt": false}
{"event": "training_step", "timestamp": 1782397540.19903, "step": 1733, "max_steps": 1883, "loss": 4.707585334777832, "lr": 0.007925531914893617, "adamw_lr": 0.00019813829787234045, "elapsed_time": 1099.5950779914856, "prnt": false}
{"event": "training_step", "timestamp": 1782397540.794346, "step": 1734, "max_steps": 1883, "loss": 4.765230178833008, "lr": 0.007872340425531914, "adamw_lr": 0.00019680851063829784, "elapsed_time": 1100.1903948783875, "prnt": false}
{"event": "training_step", "timestamp": 1782397541.3798451, "step": 1735, "max_steps": 1883, "loss": 4.732965469360352, "lr": 0.007819148936170212, "adamw_lr": 0.00019547872340425532, "elapsed_time": 1100.7758939266205, "prnt": false}
{"event": "training_step", "timestamp": 1782397541.990762, "step": 1736, "max_steps": 1883, "loss": 4.756147384643555, "lr": 0.007765957446808512, "adamw_lr": 0.00019414893617021277, "elapsed_time": 1101.3868098258972, "prnt": false}
{"event": "training_step", "timestamp": 1782397542.594122, "step": 1737, "max_steps": 1883, "loss": 4.765203475952148, "lr": 0.0077127659574468075, "adamw_lr": 0.0001928191489361702, "elapsed_time": 1101.990169763565, "prnt": false}
{"event": "training_step", "timestamp": 1782397543.1960142, "step": 1738, "max_steps": 1883, "loss": 4.713629722595215, "lr": 0.007659574468085107, "adamw_lr": 0.00019148936170212765, "elapsed_time": 1102.592060804367, "prnt": false}
{"event": "training_step", "timestamp": 1782397543.7722309, "step": 1739, "max_steps": 1883, "loss": 4.7753190994262695, "lr": 0.007606382978723405, "adamw_lr": 0.00019015957446808513, "elapsed_time": 1103.1682789325714, "prnt": false}
{"event": "training_step", "timestamp": 1782397544.372572, "step": 1740, "max_steps": 1883, "loss": 4.698528289794922, "lr": 0.007553191489361701, "adamw_lr": 0.00018882978723404253, "elapsed_time": 1103.768620967865, "prnt": false}
{"event": "training_step", "timestamp": 1782397544.9866629, "step": 1741, "max_steps": 1883, "loss": 4.6843132972717285, "lr": 0.0075, "adamw_lr": 0.0001875, "elapsed_time": 1104.3827109336853, "prnt": false}
{"event": "training_step", "timestamp": 1782397545.585409, "step": 1742, "max_steps": 1883, "loss": 4.63905143737793, "lr": 0.007446808510638299, "adamw_lr": 0.00018617021276595748, "elapsed_time": 1104.9814579486847, "prnt": false}
{"event": "training_step", "timestamp": 1782397546.1966841, "step": 1743, "max_steps": 1883, "loss": 4.686059474945068, "lr": 0.007393617021276595, "adamw_lr": 0.00018484042553191488, "elapsed_time": 1105.5927319526672, "prnt": false}
{"event": "training_step", "timestamp": 1782397546.763364, "step": 1744, "max_steps": 1883, "loss": 4.62888240814209, "lr": 0.0073404255319148935, "adamw_lr": 0.00018351063829787236, "elapsed_time": 1106.159411907196, "prnt": false}
{"event": "training_step", "timestamp": 1782397547.360815, "step": 1745, "max_steps": 1883, "loss": 4.617144584655762, "lr": 0.007287234042553193, "adamw_lr": 0.0001821808510638298, "elapsed_time": 1106.7568628787994, "prnt": false}
{"event": "training_step", "timestamp": 1782397547.9627578, "step": 1746, "max_steps": 1883, "loss": 4.618786811828613, "lr": 0.007234042553191489, "adamw_lr": 0.00018085106382978723, "elapsed_time": 1107.3588058948517, "prnt": false}
{"event": "training_step", "timestamp": 1782397548.5540211, "step": 1747, "max_steps": 1883, "loss": 4.637460708618164, "lr": 0.007180851063829787, "adamw_lr": 0.00017952127659574469, "elapsed_time": 1107.950068950653, "prnt": false}
{"event": "training_step", "timestamp": 1782397549.1480808, "step": 1748, "max_steps": 1883, "loss": 4.680699348449707, "lr": 0.007127659574468086, "adamw_lr": 0.00017819148936170216, "elapsed_time": 1108.5441300868988, "prnt": false}
{"event": "training_step", "timestamp": 1782397549.703352, "step": 1749, "max_steps": 1883, "loss": 4.547685623168945, "lr": 0.0070744680851063824, "adamw_lr": 0.00017686170212765956, "elapsed_time": 1109.099399805069, "prnt": false}
{"event": "training_step", "timestamp": 1782397550.2767081, "step": 1750, "max_steps": 1883, "loss": 4.649136066436768, "lr": 0.007021276595744681, "adamw_lr": 0.00017553191489361704, "elapsed_time": 1109.6727559566498, "prnt": false}
{"event": "training_step", "timestamp": 1782397550.859798, "step": 1751, "max_steps": 1883, "loss": 4.692888259887695, "lr": 0.006968085106382979, "adamw_lr": 0.0001742021276595745, "elapsed_time": 1110.255845785141, "prnt": false}
{"event": "training_step", "timestamp": 1782397551.4561632, "step": 1752, "max_steps": 1883, "loss": 4.676941871643066, "lr": 0.006914893617021276, "adamw_lr": 0.00017287234042553192, "elapsed_time": 1110.8522109985352, "prnt": false}
{"event": "training_step", "timestamp": 1782397552.0381088, "step": 1753, "max_steps": 1883, "loss": 4.641712665557861, "lr": 0.006861702127659575, "adamw_lr": 0.00017154255319148937, "elapsed_time": 1111.4341549873352, "prnt": false}
{"event": "training_step", "timestamp": 1782397552.6365361, "step": 1754, "max_steps": 1883, "loss": 4.612355709075928, "lr": 0.006808510638297873, "adamw_lr": 0.00017021276595744684, "elapsed_time": 1112.0325829982758, "prnt": false}
{"event": "training_step", "timestamp": 1782397553.216703, "step": 1755, "max_steps": 1883, "loss": 4.6099042892456055, "lr": 0.00675531914893617, "adamw_lr": 0.00016888297872340424, "elapsed_time": 1112.6127498149872, "prnt": false}
{"event": "training_step", "timestamp": 1782397553.796222, "step": 1756, "max_steps": 1883, "loss": 4.713820457458496, "lr": 0.006702127659574468, "adamw_lr": 0.00016755319148936172, "elapsed_time": 1113.1922698020935, "prnt": false}
{"event": "training_step", "timestamp": 1782397554.432348, "step": 1757, "max_steps": 1883, "loss": 4.636268138885498, "lr": 0.006648936170212767, "adamw_lr": 0.00016622340425531917, "elapsed_time": 1113.8283948898315, "prnt": false}
{"event": "training_step", "timestamp": 1782397555.040503, "step": 1758, "max_steps": 1883, "loss": 4.618041038513184, "lr": 0.006595744680851064, "adamw_lr": 0.0001648936170212766, "elapsed_time": 1114.4365508556366, "prnt": false}
{"event": "training_step", "timestamp": 1782397555.6633658, "step": 1759, "max_steps": 1883, "loss": 4.590786933898926, "lr": 0.006542553191489362, "adamw_lr": 0.00016356382978723405, "elapsed_time": 1115.059413909912, "prnt": false}
{"event": "training_step", "timestamp": 1782397556.276428, "step": 1760, "max_steps": 1883, "loss": 4.55223274230957, "lr": 0.006489361702127661, "adamw_lr": 0.00016223404255319153, "elapsed_time": 1115.672474861145, "prnt": false}
{"event": "training_step", "timestamp": 1782397556.8666391, "step": 1761, "max_steps": 1883, "loss": 4.563504695892334, "lr": 0.006436170212765957, "adamw_lr": 0.00016090425531914892, "elapsed_time": 1116.2626869678497, "prnt": false}
{"event": "training_step", "timestamp": 1782397557.4754822, "step": 1762, "max_steps": 1883, "loss": 4.619709014892578, "lr": 0.006382978723404256, "adamw_lr": 0.0001595744680851064, "elapsed_time": 1116.8715288639069, "prnt": false}
{"event": "training_step", "timestamp": 1782397558.080458, "step": 1763, "max_steps": 1883, "loss": 4.701018333435059, "lr": 0.006329787234042554, "adamw_lr": 0.00015824468085106385, "elapsed_time": 1117.4765040874481, "prnt": false}
{"event": "training_step", "timestamp": 1782397558.661681, "step": 1764, "max_steps": 1883, "loss": 4.6619873046875, "lr": 0.006276595744680851, "adamw_lr": 0.00015691489361702128, "elapsed_time": 1118.0577290058136, "prnt": false}
{"event": "training_step", "timestamp": 1782397559.259558, "step": 1765, "max_steps": 1883, "loss": 4.629157066345215, "lr": 0.00622340425531915, "adamw_lr": 0.00015558510638297873, "elapsed_time": 1118.6556069850922, "prnt": false}
{"event": "training_step", "timestamp": 1782397559.8421838, "step": 1766, "max_steps": 1883, "loss": 4.6391448974609375, "lr": 0.0061702127659574455, "adamw_lr": 0.00015425531914893615, "elapsed_time": 1119.2382309436798, "prnt": false}
{"event": "training_step", "timestamp": 1782397560.409096, "step": 1767, "max_steps": 1883, "loss": 4.610265731811523, "lr": 0.006117021276595745, "adamw_lr": 0.0001529255319148936, "elapsed_time": 1119.8051447868347, "prnt": false}
{"event": "training_step", "timestamp": 1782397560.985646, "step": 1768, "max_steps": 1883, "loss": 4.568984031677246, "lr": 0.006063829787234043, "adamw_lr": 0.00015159574468085108, "elapsed_time": 1120.3816938400269, "prnt": false}
{"event": "training_step", "timestamp": 1782397561.569133, "step": 1769, "max_steps": 1883, "loss": 4.701876640319824, "lr": 0.006010638297872339, "adamw_lr": 0.00015026595744680848, "elapsed_time": 1120.9651818275452, "prnt": false}
{"event": "training_step", "timestamp": 1782397562.166116, "step": 1770, "max_steps": 1883, "loss": 4.639161109924316, "lr": 0.005957446808510639, "adamw_lr": 0.00014893617021276596, "elapsed_time": 1121.562164068222, "prnt": false}
{"event": "training_step", "timestamp": 1782397562.773653, "step": 1771, "max_steps": 1883, "loss": 4.594974517822266, "lr": 0.005904255319148937, "adamw_lr": 0.0001476063829787234, "elapsed_time": 1122.1696999073029, "prnt": false}
{"event": "training_step", "timestamp": 1782397563.357846, "step": 1772, "max_steps": 1883, "loss": 4.620800495147705, "lr": 0.005851063829787233, "adamw_lr": 0.00014627659574468083, "elapsed_time": 1122.7538948059082, "prnt": false}
{"event": "training_step", "timestamp": 1782397563.940487, "step": 1773, "max_steps": 1883, "loss": 4.561404228210449, "lr": 0.0057978723404255314, "adamw_lr": 0.00014494680851063829, "elapsed_time": 1123.3365349769592, "prnt": false}
{"event": "training_step", "timestamp": 1782397564.52943, "step": 1774, "max_steps": 1883, "loss": 4.6342315673828125, "lr": 0.005744680851063831, "adamw_lr": 0.00014361702127659576, "elapsed_time": 1123.9254789352417, "prnt": false}
{"event": "training_step", "timestamp": 1782397565.117457, "step": 1775, "max_steps": 1883, "loss": 4.659754753112793, "lr": 0.005691489361702127, "adamw_lr": 0.00014228723404255316, "elapsed_time": 1124.513505935669, "prnt": false}
{"event": "training_step", "timestamp": 1782397565.698533, "step": 1776, "max_steps": 1883, "loss": 4.619209289550781, "lr": 0.005638297872340425, "adamw_lr": 0.00014095744680851064, "elapsed_time": 1125.0945799350739, "prnt": false}
{"event": "training_step", "timestamp": 1782397566.265468, "step": 1777, "max_steps": 1883, "loss": 4.614377021789551, "lr": 0.005585106382978724, "adamw_lr": 0.0001396276595744681, "elapsed_time": 1125.6615159511566, "prnt": false}
{"event": "training_step", "timestamp": 1782397566.84523, "step": 1778, "max_steps": 1883, "loss": 4.48233699798584, "lr": 0.00553191489361702, "adamw_lr": 0.00013829787234042552, "elapsed_time": 1126.2412769794464, "prnt": false}
{"event": "training_step", "timestamp": 1782397567.467941, "step": 1779, "max_steps": 1883, "loss": 4.678120136260986, "lr": 0.005478723404255319, "adamw_lr": 0.00013696808510638297, "elapsed_time": 1126.8639900684357, "prnt": false}
{"event": "training_step", "timestamp": 1782397568.084336, "step": 1780, "max_steps": 1883, "loss": 4.556850433349609, "lr": 0.005425531914893617, "adamw_lr": 0.00013563829787234045, "elapsed_time": 1127.4803838729858, "prnt": false}
{"event": "validation_step", "timestamp": 1782397572.6374242, "step": 1780, "max_steps": 1883, "loss": 1.1629725106095063, "ema": true, "elapsed_time": 1127.4803838729858}
{"event": "training_step", "timestamp": 1782397573.144963, "step": 1781, "max_steps": 1883, "loss": 4.582544326782227, "lr": 0.005372340425531914, "adamw_lr": 0.00013430851063829784, "elapsed_time": 1132.5410108566284, "prnt": false}
{"event": "training_step", "timestamp": 1782397573.772128, "step": 1782, "max_steps": 1883, "loss": 4.497000694274902, "lr": 0.005319148936170213, "adamw_lr": 0.00013297872340425532, "elapsed_time": 1133.1681759357452, "prnt": false}
{"event": "training_step", "timestamp": 1782397574.39073, "step": 1783, "max_steps": 1883, "loss": 4.606950759887695, "lr": 0.005265957446808511, "adamw_lr": 0.00013164893617021277, "elapsed_time": 1133.7867777347565, "prnt": false}
{"event": "training_step", "timestamp": 1782397574.9792619, "step": 1784, "max_steps": 1883, "loss": 4.631216049194336, "lr": 0.005212765957446808, "adamw_lr": 0.0001303191489361702, "elapsed_time": 1134.3753108978271, "prnt": false}
{"event": "training_step", "timestamp": 1782397575.566035, "step": 1785, "max_steps": 1883, "loss": 4.55159854888916, "lr": 0.005159574468085106, "adamw_lr": 0.00012898936170212765, "elapsed_time": 1134.962082862854, "prnt": false}
{"event": "training_step", "timestamp": 1782397576.17127, "step": 1786, "max_steps": 1883, "loss": 4.650628089904785, "lr": 0.005106382978723405, "adamw_lr": 0.00012765957446808513, "elapsed_time": 1135.5673179626465, "prnt": false}
{"event": "training_step", "timestamp": 1782397576.763327, "step": 1787, "max_steps": 1883, "loss": 4.597782611846924, "lr": 0.005053191489361702, "adamw_lr": 0.00012632978723404252, "elapsed_time": 1136.1593759059906, "prnt": false}
{"event": "training_step", "timestamp": 1782397577.3560221, "step": 1788, "max_steps": 1883, "loss": 4.5680437088012695, "lr": 0.005, "adamw_lr": 0.000125, "elapsed_time": 1136.7520699501038, "prnt": false}
{"event": "training_step", "timestamp": 1782397577.9193048, "step": 1789, "max_steps": 1883, "loss": 4.492727279663086, "lr": 0.004946808510638299, "adamw_lr": 0.00012367021276595748, "elapsed_time": 1137.3153529167175, "prnt": false}
{"event": "training_step", "timestamp": 1782397578.506847, "step": 1790, "max_steps": 1883, "loss": 4.58619499206543, "lr": 0.004893617021276595, "adamw_lr": 0.00012234042553191488, "elapsed_time": 1137.9028947353363, "prnt": false}
{"event": "training_step", "timestamp": 1782397579.11307, "step": 1791, "max_steps": 1883, "loss": 4.560020923614502, "lr": 0.004840425531914894, "adamw_lr": 0.00012101063829787234, "elapsed_time": 1138.5091178417206, "prnt": false}
{"event": "training_step", "timestamp": 1782397579.719383, "step": 1792, "max_steps": 1883, "loss": 4.576056480407715, "lr": 0.004787234042553192, "adamw_lr": 0.00011968085106382981, "elapsed_time": 1139.1154308319092, "prnt": false}
{"event": "training_step", "timestamp": 1782397580.3469288, "step": 1793, "max_steps": 1883, "loss": 4.549391746520996, "lr": 0.004734042553191489, "adamw_lr": 0.00011835106382978722, "elapsed_time": 1139.7429769039154, "prnt": false}
{"event": "training_step", "timestamp": 1782397580.920135, "step": 1794, "max_steps": 1883, "loss": 4.5789313316345215, "lr": 0.004680851063829788, "adamw_lr": 0.00011702127659574468, "elapsed_time": 1140.31618309021, "prnt": false}
{"event": "training_step", "timestamp": 1782397581.486277, "step": 1795, "max_steps": 1883, "loss": 4.589970111846924, "lr": 0.004627659574468086, "adamw_lr": 0.00011569148936170215, "elapsed_time": 1140.8823249340057, "prnt": false}
{"event": "training_step", "timestamp": 1782397582.068943, "step": 1796, "max_steps": 1883, "loss": 4.474490165710449, "lr": 0.004574468085106383, "adamw_lr": 0.00011436170212765956, "elapsed_time": 1141.464989900589, "prnt": false}
{"event": "training_step", "timestamp": 1782397582.6622121, "step": 1797, "max_steps": 1883, "loss": 4.5779218673706055, "lr": 0.004521276595744681, "adamw_lr": 0.00011303191489361702, "elapsed_time": 1142.0582609176636, "prnt": false}
{"event": "training_step", "timestamp": 1782397583.247539, "step": 1798, "max_steps": 1883, "loss": 4.489911079406738, "lr": 0.00446808510638298, "adamw_lr": 0.00011170212765957449, "elapsed_time": 1142.6435871124268, "prnt": false}
{"event": "training_step", "timestamp": 1782397583.811187, "step": 1799, "max_steps": 1883, "loss": 4.601605415344238, "lr": 0.0044148936170212765, "adamw_lr": 0.0001103723404255319, "elapsed_time": 1143.2072341442108, "prnt": false}
{"event": "training_step", "timestamp": 1782397584.397506, "step": 1800, "max_steps": 1883, "loss": 4.50646448135376, "lr": 0.004361702127659575, "adamw_lr": 0.00010904255319148937, "elapsed_time": 1143.7935538291931, "prnt": false}
{"event": "training_step", "timestamp": 1782397584.985271, "step": 1801, "max_steps": 1883, "loss": 4.557253837585449, "lr": 0.0043085106382978735, "adamw_lr": 0.00010771276595744683, "elapsed_time": 1144.3813178539276, "prnt": false}
{"event": "training_step", "timestamp": 1782397585.612035, "step": 1802, "max_steps": 1883, "loss": 4.516594886779785, "lr": 0.004255319148936169, "adamw_lr": 0.00010638297872340424, "elapsed_time": 1145.0080840587616, "prnt": false}
{"event": "training_step", "timestamp": 1782397586.2321768, "step": 1803, "max_steps": 1883, "loss": 4.536667823791504, "lr": 0.004202127659574469, "adamw_lr": 0.0001050531914893617, "elapsed_time": 1145.6282250881195, "prnt": false}
{"event": "training_step", "timestamp": 1782397586.820131, "step": 1804, "max_steps": 1883, "loss": 4.474740028381348, "lr": 0.004148936170212767, "adamw_lr": 0.00010372340425531917, "elapsed_time": 1146.216178894043, "prnt": false}
{"event": "training_step", "timestamp": 1782397587.431503, "step": 1805, "max_steps": 1883, "loss": 4.680514335632324, "lr": 0.004095744680851063, "adamw_lr": 0.00010239361702127658, "elapsed_time": 1146.8275508880615, "prnt": false}
{"event": "training_step", "timestamp": 1782397588.041159, "step": 1806, "max_steps": 1883, "loss": 4.629528999328613, "lr": 0.004042553191489362, "adamw_lr": 0.00010106382978723405, "elapsed_time": 1147.4372069835663, "prnt": false}
{"event": "training_step", "timestamp": 1782397588.646778, "step": 1807, "max_steps": 1883, "loss": 4.508687973022461, "lr": 0.003989361702127661, "adamw_lr": 9.973404255319151e-05, "elapsed_time": 1148.0428268909454, "prnt": false}
{"event": "training_step", "timestamp": 1782397589.261167, "step": 1808, "max_steps": 1883, "loss": 4.571779251098633, "lr": 0.003936170212765957, "adamw_lr": 9.840425531914892e-05, "elapsed_time": 1148.6572148799896, "prnt": false}
{"event": "training_step", "timestamp": 1782397589.8430111, "step": 1809, "max_steps": 1883, "loss": 4.5386552810668945, "lr": 0.003882978723404256, "adamw_lr": 9.707446808510639e-05, "elapsed_time": 1149.239058971405, "prnt": false}
{"event": "training_step", "timestamp": 1782397590.419764, "step": 1810, "max_steps": 1883, "loss": 4.554991722106934, "lr": 0.0038297872340425543, "adamw_lr": 9.574468085106387e-05, "elapsed_time": 1149.8158111572266, "prnt": false}
{"event": "training_step", "timestamp": 1782397590.9786801, "step": 1811, "max_steps": 1883, "loss": 4.571969032287598, "lr": 0.0037765957446808506, "adamw_lr": 9.441489361702126e-05, "elapsed_time": 1150.3747289180756, "prnt": false}
{"event": "training_step", "timestamp": 1782397591.585957, "step": 1812, "max_steps": 1883, "loss": 4.593125343322754, "lr": 0.0037234042553191495, "adamw_lr": 9.308510638297874e-05, "elapsed_time": 1150.9820039272308, "prnt": false}
{"event": "training_step", "timestamp": 1782397592.1860638, "step": 1813, "max_steps": 1883, "loss": 4.457400321960449, "lr": 0.003670212765957446, "adamw_lr": 9.175531914893614e-05, "elapsed_time": 1151.5821120738983, "prnt": false}
{"event": "training_step", "timestamp": 1782397592.783846, "step": 1814, "max_steps": 1883, "loss": 4.574382305145264, "lr": 0.0036170212765957444, "adamw_lr": 9.042553191489362e-05, "elapsed_time": 1152.1798939704895, "prnt": false}
{"event": "training_step", "timestamp": 1782397593.3926542, "step": 1815, "max_steps": 1883, "loss": 4.568010330200195, "lr": 0.003563829787234043, "adamw_lr": 8.909574468085108e-05, "elapsed_time": 1152.7887008190155, "prnt": false}
{"event": "training_step", "timestamp": 1782397593.981882, "step": 1816, "max_steps": 1883, "loss": 4.541439056396484, "lr": 0.0035106382978723396, "adamw_lr": 8.776595744680849e-05, "elapsed_time": 1153.3779299259186, "prnt": false}
{"event": "training_step", "timestamp": 1782397594.582617, "step": 1817, "max_steps": 1883, "loss": 4.499390602111816, "lr": 0.003457446808510638, "adamw_lr": 8.643617021276596e-05, "elapsed_time": 1153.9786639213562, "prnt": false}
{"event": "training_step", "timestamp": 1782397595.1840901, "step": 1818, "max_steps": 1883, "loss": 4.53825569152832, "lr": 0.0034042553191489366, "adamw_lr": 8.510638297872342e-05, "elapsed_time": 1154.5801379680634, "prnt": false}
{"event": "training_step", "timestamp": 1782397595.79715, "step": 1819, "max_steps": 1883, "loss": 4.602872848510742, "lr": 0.0033510638297872333, "adamw_lr": 8.377659574468083e-05, "elapsed_time": 1155.1931977272034, "prnt": false}
{"event": "training_step", "timestamp": 1782397596.388418, "step": 1820, "max_steps": 1883, "loss": 4.555878639221191, "lr": 0.003297872340425532, "adamw_lr": 8.24468085106383e-05, "elapsed_time": 1155.7844669818878, "prnt": false}
{"event": "training_step", "timestamp": 1782397597.0069408, "step": 1821, "max_steps": 1883, "loss": 4.479907035827637, "lr": 0.0032446808510638303, "adamw_lr": 8.111702127659576e-05, "elapsed_time": 1156.4029891490936, "prnt": false}
{"event": "training_step", "timestamp": 1782397597.592931, "step": 1822, "max_steps": 1883, "loss": 4.552487373352051, "lr": 0.0031914893617021266, "adamw_lr": 7.978723404255317e-05, "elapsed_time": 1156.9889788627625, "prnt": false}
{"event": "training_step", "timestamp": 1782397598.1918578, "step": 1823, "max_steps": 1883, "loss": 4.513691425323486, "lr": 0.0031382978723404256, "adamw_lr": 7.845744680851064e-05, "elapsed_time": 1157.5879061222076, "prnt": false}
{"event": "training_step", "timestamp": 1782397598.771446, "step": 1824, "max_steps": 1883, "loss": 4.50014591217041, "lr": 0.003085106382978724, "adamw_lr": 7.71276595744681e-05, "elapsed_time": 1158.1674938201904, "prnt": false}
{"event": "training_step", "timestamp": 1782397599.346266, "step": 1825, "max_steps": 1883, "loss": 4.585550308227539, "lr": 0.0030319148936170204, "adamw_lr": 7.579787234042551e-05, "elapsed_time": 1158.742313861847, "prnt": false}
{"event": "training_step", "timestamp": 1782397599.922643, "step": 1826, "max_steps": 1883, "loss": 4.516013145446777, "lr": 0.0029787234042553193, "adamw_lr": 7.446808510638298e-05, "elapsed_time": 1159.318690776825, "prnt": false}
{"event": "training_step", "timestamp": 1782397600.5113301, "step": 1827, "max_steps": 1883, "loss": 4.5331854820251465, "lr": 0.0029255319148936178, "adamw_lr": 7.313829787234044e-05, "elapsed_time": 1159.9073779582977, "prnt": false}
{"event": "training_step", "timestamp": 1782397601.093001, "step": 1828, "max_steps": 1883, "loss": 4.574309349060059, "lr": 0.002872340425531914, "adamw_lr": 7.180851063829786e-05, "elapsed_time": 1160.489049911499, "prnt": false}
{"event": "training_step", "timestamp": 1782397601.6812952, "step": 1829, "max_steps": 1883, "loss": 4.479398727416992, "lr": 0.0028191489361702126, "adamw_lr": 7.047872340425532e-05, "elapsed_time": 1161.0773429870605, "prnt": false}
{"event": "training_step", "timestamp": 1782397602.278017, "step": 1830, "max_steps": 1883, "loss": 4.485524654388428, "lr": 0.0027659574468085115, "adamw_lr": 6.914893617021278e-05, "elapsed_time": 1161.674064874649, "prnt": false}
{"event": "training_step", "timestamp": 1782397602.853761, "step": 1831, "max_steps": 1883, "loss": 4.577235221862793, "lr": 0.002712765957446808, "adamw_lr": 6.78191489361702e-05, "elapsed_time": 1162.2498099803925, "prnt": false}
{"event": "training_step", "timestamp": 1782397603.438312, "step": 1832, "max_steps": 1883, "loss": 4.494814872741699, "lr": 0.0026595744680851063, "adamw_lr": 6.648936170212766e-05, "elapsed_time": 1162.8343601226807, "prnt": false}
{"event": "training_step", "timestamp": 1782397604.052314, "step": 1833, "max_steps": 1883, "loss": 4.475124359130859, "lr": 0.002606382978723405, "adamw_lr": 6.515957446808513e-05, "elapsed_time": 1163.4483618736267, "prnt": false}
{"event": "training_step", "timestamp": 1782397604.636852, "step": 1834, "max_steps": 1883, "loss": 4.508302211761475, "lr": 0.0025531914893617016, "adamw_lr": 6.382978723404254e-05, "elapsed_time": 1164.0328998565674, "prnt": false}
{"event": "training_step", "timestamp": 1782397605.202976, "step": 1835, "max_steps": 1883, "loss": 4.485457420349121, "lr": 0.0025, "adamw_lr": 6.25e-05, "elapsed_time": 1164.5990238189697, "prnt": false}
{"event": "training_step", "timestamp": 1782397605.772182, "step": 1836, "max_steps": 1883, "loss": 4.557326793670654, "lr": 0.0024468085106382985, "adamw_lr": 6.117021276595747e-05, "elapsed_time": 1165.1682267189026, "prnt": false}
{"event": "training_step", "timestamp": 1782397606.382625, "step": 1837, "max_steps": 1883, "loss": 4.466707229614258, "lr": 0.0023936170212765953, "adamw_lr": 5.984042553191488e-05, "elapsed_time": 1165.7786729335785, "prnt": false}
{"event": "training_step", "timestamp": 1782397606.982676, "step": 1838, "max_steps": 1883, "loss": 4.491776466369629, "lr": 0.002340425531914894, "adamw_lr": 5.851063829787234e-05, "elapsed_time": 1166.378723859787, "prnt": false}
{"event": "training_step", "timestamp": 1782397607.5649102, "step": 1839, "max_steps": 1883, "loss": 4.4104533195495605, "lr": 0.0022872340425531923, "adamw_lr": 5.718085106382981e-05, "elapsed_time": 1166.9609580039978, "prnt": false}
{"event": "training_step", "timestamp": 1782397608.16639, "step": 1840, "max_steps": 1883, "loss": 4.42323112487793, "lr": 0.0022340425531914886, "adamw_lr": 5.585106382978722e-05, "elapsed_time": 1167.5624377727509, "prnt": false}
{"event": "training_step", "timestamp": 1782397608.771323, "step": 1841, "max_steps": 1883, "loss": 4.637901306152344, "lr": 0.0021808510638297875, "adamw_lr": 5.452127659574468e-05, "elapsed_time": 1168.1673719882965, "prnt": false}
{"event": "training_step", "timestamp": 1782397609.3771179, "step": 1842, "max_steps": 1883, "loss": 4.4687700271606445, "lr": 0.002127659574468086, "adamw_lr": 5.319148936170215e-05, "elapsed_time": 1168.7731668949127, "prnt": false}
{"event": "training_step", "timestamp": 1782397609.99965, "step": 1843, "max_steps": 1883, "loss": 4.503719329833984, "lr": 0.0020744680851063823, "adamw_lr": 5.186170212765956e-05, "elapsed_time": 1169.3956990242004, "prnt": false}
{"event": "training_step", "timestamp": 1782397610.594913, "step": 1844, "max_steps": 1883, "loss": 4.541721343994141, "lr": 0.002021276595744681, "adamw_lr": 5.053191489361702e-05, "elapsed_time": 1169.9909608364105, "prnt": false}
{"event": "training_step", "timestamp": 1782397611.161819, "step": 1845, "max_steps": 1883, "loss": 4.440295219421387, "lr": 0.0019680851063829797, "adamw_lr": 4.9202127659574495e-05, "elapsed_time": 1170.557867050171, "prnt": false}
{"event": "training_step", "timestamp": 1782397611.744253, "step": 1846, "max_steps": 1883, "loss": 4.5524749755859375, "lr": 0.001914893617021276, "adamw_lr": 4.78723404255319e-05, "elapsed_time": 1171.1403017044067, "prnt": false}
{"event": "training_step", "timestamp": 1782397612.360495, "step": 1847, "max_steps": 1883, "loss": 4.514352321624756, "lr": 0.0018617021276595748, "adamw_lr": 4.654255319148937e-05, "elapsed_time": 1171.7565429210663, "prnt": false}
{"event": "training_step", "timestamp": 1782397612.9632268, "step": 1848, "max_steps": 1883, "loss": 4.511092185974121, "lr": 0.0018085106382978733, "adamw_lr": 4.5212765957446836e-05, "elapsed_time": 1172.3592760562897, "prnt": false}
{"event": "training_step", "timestamp": 1782397613.571401, "step": 1849, "max_steps": 1883, "loss": 4.487661361694336, "lr": 0.0017553191489361698, "adamw_lr": 4.3882978723404246e-05, "elapsed_time": 1172.9674487113953, "prnt": false}
{"event": "training_step", "timestamp": 1782397614.145277, "step": 1850, "max_steps": 1883, "loss": 4.555948257446289, "lr": 0.0017021276595744683, "adamw_lr": 4.255319148936171e-05, "elapsed_time": 1173.5413250923157, "prnt": false}
{"event": "training_step", "timestamp": 1782397614.726639, "step": 1851, "max_steps": 1883, "loss": 4.435585021972656, "lr": 0.001648936170212767, "adamw_lr": 4.1223404255319176e-05, "elapsed_time": 1174.1226880550385, "prnt": false}
{"event": "training_step", "timestamp": 1782397615.342859, "step": 1852, "max_steps": 1883, "loss": 4.48482084274292, "lr": 0.0015957446808510633, "adamw_lr": 3.989361702127659e-05, "elapsed_time": 1174.7389078140259, "prnt": false}
{"event": "training_step", "timestamp": 1782397615.9483762, "step": 1853, "max_steps": 1883, "loss": 4.538588523864746, "lr": 0.001542553191489362, "adamw_lr": 3.856382978723405e-05, "elapsed_time": 1175.3444249629974, "prnt": false}
{"event": "training_step", "timestamp": 1782397616.537604, "step": 1854, "max_steps": 1883, "loss": 4.482860565185547, "lr": 0.0014893617021276607, "adamw_lr": 3.723404255319152e-05, "elapsed_time": 1175.933650970459, "prnt": false}
{"event": "training_step", "timestamp": 1782397617.104558, "step": 1855, "max_steps": 1883, "loss": 4.3894805908203125, "lr": 0.001436170212765957, "adamw_lr": 3.590425531914893e-05, "elapsed_time": 1176.5006058216095, "prnt": false}
{"event": "training_step", "timestamp": 1782397617.707811, "step": 1856, "max_steps": 1883, "loss": 4.493074417114258, "lr": 0.0013829787234042558, "adamw_lr": 3.457446808510639e-05, "elapsed_time": 1177.1038599014282, "prnt": false}
{"event": "training_step", "timestamp": 1782397618.321852, "step": 1857, "max_steps": 1883, "loss": 4.4398393630981445, "lr": 0.0013297872340425542, "adamw_lr": 3.324468085106386e-05, "elapsed_time": 1177.7179009914398, "prnt": false}
{"event": "training_step", "timestamp": 1782397618.908159, "step": 1858, "max_steps": 1883, "loss": 4.452722549438477, "lr": 0.0012765957446808508, "adamw_lr": 3.191489361702127e-05, "elapsed_time": 1178.3042068481445, "prnt": false}
{"event": "training_step", "timestamp": 1782397619.5026839, "step": 1859, "max_steps": 1883, "loss": 4.440308570861816, "lr": 0.0012234042553191493, "adamw_lr": 3.058510638297873e-05, "elapsed_time": 1178.8987319469452, "prnt": false}
{"event": "training_step", "timestamp": 1782397620.075419, "step": 1860, "max_steps": 1883, "loss": 4.4274516105651855, "lr": 0.0011702127659574458, "adamw_lr": 2.9255319148936144e-05, "elapsed_time": 1179.4714670181274, "prnt": false}
{"event": "training_step", "timestamp": 1782397620.664912, "step": 1861, "max_steps": 1883, "loss": 4.484487533569336, "lr": 0.0011170212765957443, "adamw_lr": 2.792553191489361e-05, "elapsed_time": 1180.0609600543976, "prnt": false}
{"event": "training_step", "timestamp": 1782397621.254872, "step": 1862, "max_steps": 1883, "loss": 4.479778289794922, "lr": 0.001063829787234043, "adamw_lr": 2.6595744680851074e-05, "elapsed_time": 1180.6509189605713, "prnt": false}
{"event": "training_step", "timestamp": 1782397621.84533, "step": 1863, "max_steps": 1883, "loss": 4.486691474914551, "lr": 0.0010106382978723393, "adamw_lr": 2.5265957446808484e-05, "elapsed_time": 1181.2413759231567, "prnt": false}
{"event": "training_step", "timestamp": 1782397622.406942, "step": 1864, "max_steps": 1883, "loss": 4.462287902832031, "lr": 0.000957446808510638, "adamw_lr": 2.393617021276595e-05, "elapsed_time": 1181.8029897212982, "prnt": false}
{"event": "training_step", "timestamp": 1782397622.975279, "step": 1865, "max_steps": 1883, "loss": 4.514337539672852, "lr": 0.0009042553191489366, "adamw_lr": 2.2606382978723418e-05, "elapsed_time": 1182.371325969696, "prnt": false}
{"event": "training_step", "timestamp": 1782397623.576211, "step": 1866, "max_steps": 1883, "loss": 4.323453426361084, "lr": 0.0008510638297872331, "adamw_lr": 2.1276595744680825e-05, "elapsed_time": 1182.972258090973, "prnt": false}
{"event": "training_step", "timestamp": 1782397624.158317, "step": 1867, "max_steps": 1883, "loss": 4.515580654144287, "lr": 0.0007978723404255317, "adamw_lr": 1.9946808510638293e-05, "elapsed_time": 1183.5543649196625, "prnt": false}
{"event": "training_step", "timestamp": 1782397624.7516391, "step": 1868, "max_steps": 1883, "loss": 4.49948787689209, "lr": 0.0007446808510638304, "adamw_lr": 1.861702127659576e-05, "elapsed_time": 1184.1476879119873, "prnt": false}
{"event": "training_step", "timestamp": 1782397625.332949, "step": 1869, "max_steps": 1883, "loss": 4.442310810089111, "lr": 0.0006914893617021267, "adamw_lr": 1.728723404255317e-05, "elapsed_time": 1184.7289967536926, "prnt": false}
{"event": "validation_step", "timestamp": 1782397630.013493, "step": 1869, "max_steps": 1883, "loss": 1.1620992096070053, "ema": true, "elapsed_time": 1184.7289967536926}
{"event": "training_step", "timestamp": 1782397630.490174, "step": 1870, "max_steps": 1883, "loss": 4.421401500701904, "lr": 0.0006382978723404254, "adamw_lr": 1.5957446808510634e-05, "elapsed_time": 1189.8862218856812, "prnt": false}
{"event": "training_step", "timestamp": 1782397631.079044, "step": 1871, "max_steps": 1883, "loss": 4.449848175048828, "lr": 0.000585106382978724, "adamw_lr": 1.4627659574468099e-05, "elapsed_time": 1190.4750928878784, "prnt": false}
{"event": "training_step", "timestamp": 1782397631.669697, "step": 1872, "max_steps": 1883, "loss": 4.484092712402344, "lr": 0.0005319148936170204, "adamw_lr": 1.329787234042551e-05, "elapsed_time": 1191.0657448768616, "prnt": false}
{"event": "training_step", "timestamp": 1782397632.269675, "step": 1873, "max_steps": 1883, "loss": 4.415688514709473, "lr": 0.000478723404255319, "adamw_lr": 1.1968085106382975e-05, "elapsed_time": 1191.6657228469849, "prnt": false}
{"event": "training_step", "timestamp": 1782397632.8725, "step": 1874, "max_steps": 1883, "loss": 4.557831287384033, "lr": 0.00042553191489361767, "adamw_lr": 1.0638297872340441e-05, "elapsed_time": 1192.2685477733612, "prnt": false}
{"event": "training_step", "timestamp": 1782397633.461982, "step": 1875, "max_steps": 1883, "loss": 4.444452285766602, "lr": 0.00037234042553191404, "adamw_lr": 9.308510638297852e-06, "elapsed_time": 1192.8580298423767, "prnt": false}
{"event": "training_step", "timestamp": 1782397634.063031, "step": 1876, "max_steps": 1883, "loss": 4.440957546234131, "lr": 0.0003191489361702127, "adamw_lr": 7.978723404255317e-06, "elapsed_time": 1193.4590787887573, "prnt": false}
{"event": "training_step", "timestamp": 1782397634.656802, "step": 1877, "max_steps": 1883, "loss": 4.450090408325195, "lr": 0.0002659574468085113, "adamw_lr": 6.648936170212783e-06, "elapsed_time": 1194.0528509616852, "prnt": false}
{"event": "training_step", "timestamp": 1782397635.277138, "step": 1878, "max_steps": 1883, "loss": 4.492920875549316, "lr": 0.00021276595744680772, "adamw_lr": 5.319148936170193e-06, "elapsed_time": 1194.6731860637665, "prnt": false}
{"event": "training_step", "timestamp": 1782397635.8815942, "step": 1879, "max_steps": 1883, "loss": 4.459371566772461, "lr": 0.00015957446808510635, "adamw_lr": 3.9893617021276585e-06, "elapsed_time": 1195.2776420116425, "prnt": false}
{"event": "training_step", "timestamp": 1782397636.480078, "step": 1880, "max_steps": 1883, "loss": 4.433189392089844, "lr": 0.00010638297872340497, "adamw_lr": 2.6595744680851243e-06, "elapsed_time": 1195.8761239051819, "prnt": false}
{"event": "training_step", "timestamp": 1782397637.069351, "step": 1881, "max_steps": 1883, "loss": 4.437557220458984, "lr": 5.3191489361701375e-05, "adamw_lr": 1.3297872340425344e-06, "elapsed_time": 1196.4653990268707, "prnt": false}
{"event": "training_step", "timestamp": 1782397637.650513, "step": 1882, "max_steps": 1883, "loss": 4.427338600158691, "lr": 0.0, "adamw_lr": 0.0, "elapsed_time": 1197.0465610027313, "prnt": false}
{"event": "training_step", "timestamp": 1782397638.236524, "step": 1883, "max_steps": 1883, "loss": 4.378692626953125, "lr": 0.0, "adamw_lr": 0.0, "elapsed_time": 1197.6325719356537, "prnt": false}
{"event": "validation_step", "timestamp": 1782397642.840833, "step": 1883, "max_steps": 1883, "loss": 1.1620863490665885, "ema": true, "elapsed_time": 1197.6325719356537}
