{"event": "hyperparameters_configured", "timestamp": 1782384025.643203, "block_size": 128, "batch_size": 64, "vocab_size": 16000, "n_layer": 12, "n_head": 12, "d_model": 384, "dropout": 0.1, "lr": 0.0005, "weight_decay": 0.1, "beta1": 0.9, "beta2": 0.95, "evals_per_epoch": 3, "gradient_accumulation_steps": 1, "epochs": 7, "seed": 1337, "num_titles": 100000, "val_frac": 0.1, "log_file": "./logs/mainrun.log", "onecycle_pct_start": 0.1, "onecycle_div_factor": 25.0, "onecycle_final_div_factor": 1000.0}
{"event": "device_info", "timestamp": 1782384025.650771, "device": "mps"}
{"event": "dataset_info", "timestamp": 1782384033.0607638, "titles_count": 90000, "epochs": 7, "batches_per_epoch": 134, "opt_steps_per_epoch": 134, "tokens_per_epoch": 1102455, "vocab_size": 16000}
{"event": "model_info", "timestamp": 1782384033.4510038, "parameters_count": 27387264}
{"event": "training_step", "timestamp": 1782384036.8004968, "step": 1, "max_steps": 938, "loss": 9.753568649291992, "lr": 2.0137512938209635e-05, "elapsed_time": 2.926461935043335, "prnt": false}
{"event": "validation_step", "timestamp": 1782384039.7874181, "step": 1, "max_steps": 938, "loss": 2.0882375300215985, "elapsed_time": 2.926461935043335}
{"event": "training_step", "timestamp": 1782384040.365243, "step": 2, "max_steps": 938, "loss": 9.716409683227539, "lr": 2.0549894171103665e-05, "elapsed_time": 6.491224050521851, "prnt": false}
{"event": "training_step", "timestamp": 1782384040.966572, "step": 3, "max_steps": 938, "loss": 9.687644958496094, "lr": 2.1236671134057235e-05, "elapsed_time": 7.0925538539886475, "prnt": false}
{"event": "training_step", "timestamp": 1782384041.568521, "step": 4, "max_steps": 938, "loss": 9.647567749023438, "lr": 2.219705682108636e-05, "elapsed_time": 7.694502830505371, "prnt": false}
{"event": "training_step", "timestamp": 1782384042.169719, "step": 5, "max_steps": 938, "loss": 9.598250389099121, "lr": 2.3429950686710665e-05, "elapsed_time": 8.295701026916504, "prnt": false}
{"event": "training_step", "timestamp": 1782384042.773942, "step": 6, "max_steps": 938, "loss": 9.57271957397461, "lr": 2.4933939907113986e-05, "elapsed_time": 8.899924039840698, "prnt": false}
{"event": "training_step", "timestamp": 1782384043.3845708, "step": 7, "max_steps": 938, "loss": 9.510099411010742, "lr": 2.6707300999156643e-05, "elapsed_time": 9.510551929473877, "prnt": false}
{"event": "training_step", "timestamp": 1782384043.998104, "step": 8, "max_steps": 938, "loss": 9.446176528930664, "lr": 2.8748001795386475e-05, "elapsed_time": 10.124084949493408, "prnt": false}
{"event": "training_step", "timestamp": 1782384044.599097, "step": 9, "max_steps": 938, "loss": 9.392890930175781, "lr": 3.105370377278269e-05, "elapsed_time": 10.72507905960083, "prnt": false}
{"event": "training_step", "timestamp": 1782384045.2008278, "step": 10, "max_steps": 938, "loss": 9.333045959472656, "lr": 3.362176473256569e-05, "elapsed_time": 11.32680892944336, "prnt": false}
{"event": "training_step", "timestamp": 1782384045.8018172, "step": 11, "max_steps": 938, "loss": 9.233081817626953, "lr": 3.64492418280015e-05, "elapsed_time": 11.927798986434937, "prnt": false}
{"event": "training_step", "timestamp": 1782384046.40858, "step": 12, "max_steps": 938, "loss": 9.205310821533203, "lr": 3.9532894936730734e-05, "elapsed_time": 12.534560918807983, "prnt": false}
{"event": "training_step", "timestamp": 1782384047.0204082, "step": 13, "max_steps": 938, "loss": 9.152511596679688, "lr": 4.2869190373758545e-05, "elapsed_time": 13.14638900756836, "prnt": false}
{"event": "training_step", "timestamp": 1782384047.6217558, "step": 14, "max_steps": 938, "loss": 9.113187789916992, "lr": 4.645430494084918e-05, "elapsed_time": 13.747738122940063, "prnt": false}
{"event": "training_step", "timestamp": 1782384048.224311, "step": 15, "max_steps": 938, "loss": 9.08579158782959, "lr": 5.028413030768651e-05, "elapsed_time": 14.350292921066284, "prnt": false}
{"event": "training_step", "timestamp": 1782384048.832153, "step": 16, "max_steps": 938, "loss": 9.033476829528809, "lr": 5.43542777197786e-05, "elapsed_time": 14.958133935928345, "prnt": false}
{"event": "training_step", "timestamp": 1782384049.4474509, "step": 17, "max_steps": 938, "loss": 9.023982048034668, "lr": 5.8660083027712293e-05, "elapsed_time": 15.573432922363281, "prnt": false}
{"event": "training_step", "timestamp": 1782384050.049875, "step": 18, "max_steps": 938, "loss": 8.992769241333008, "lr": 6.319661203199383e-05, "elapsed_time": 16.17585587501526, "prnt": false}
{"event": "training_step", "timestamp": 1782384050.6513522, "step": 19, "max_steps": 938, "loss": 8.95556640625, "lr": 6.795866613735113e-05, "elapsed_time": 16.777333974838257, "prnt": false}
{"event": "training_step", "timestamp": 1782384051.253238, "step": 20, "max_steps": 938, "loss": 8.966313362121582, "lr": 7.294078831001803e-05, "elapsed_time": 17.379220008850098, "prnt": false}
{"event": "training_step", "timestamp": 1782384051.8547142, "step": 21, "max_steps": 938, "loss": 8.92201042175293, "lr": 7.813726933117378e-05, "elapsed_time": 17.980695009231567, "prnt": false}
{"event": "training_step", "timestamp": 1782384052.466599, "step": 22, "max_steps": 938, "loss": 8.900731086730957, "lr": 8.354215433937194e-05, "elapsed_time": 18.592581033706665, "prnt": false}
{"event": "training_step", "timestamp": 1782384053.071064, "step": 23, "max_steps": 938, "loss": 8.878702163696289, "lr": 8.914924965446134e-05, "elapsed_time": 19.197044849395752, "prnt": false}
{"event": "training_step", "timestamp": 1782384053.6745422, "step": 24, "max_steps": 938, "loss": 8.872976303100586, "lr": 9.495212987517841e-05, "elapsed_time": 19.80052399635315, "prnt": false}
{"event": "training_step", "timestamp": 1782384054.2934, "step": 25, "max_steps": 938, "loss": 8.81092357635498, "lr": 0.00010094414524227968, "elapsed_time": 20.41938090324402, "prnt": false}
{"event": "training_step", "timestamp": 1782384054.894155, "step": 26, "max_steps": 938, "loss": 8.819036483764648, "lr": 0.00010711842925877416, "elapsed_time": 21.020136833190918, "prnt": false}
{"event": "training_step", "timestamp": 1782384055.495368, "step": 27, "max_steps": 938, "loss": 8.788115501403809, "lr": 0.00011346790655852466, "elapsed_time": 21.621349811553955, "prnt": false}
{"event": "training_step", "timestamp": 1782384056.0957959, "step": 28, "max_steps": 938, "loss": 8.764289855957031, "lr": 0.00011998530101420138, "elapsed_time": 22.22177791595459, "prnt": false}
{"event": "training_step", "timestamp": 1782384056.697738, "step": 29, "max_steps": 938, "loss": 8.707653045654297, "lr": 0.00012666314407529543, "elapsed_time": 22.82371997833252, "prnt": false}
{"event": "training_step", "timestamp": 1782384057.2993898, "step": 30, "max_steps": 938, "loss": 8.702579498291016, "lr": 0.00013349378332663814, "elapsed_time": 23.425371885299683, "prnt": false}
{"event": "training_step", "timestamp": 1782384057.901202, "step": 31, "max_steps": 938, "loss": 8.653270721435547, "lr": 0.0001404693912576186, "elapsed_time": 24.027183771133423, "prnt": false}
{"event": "training_step", "timestamp": 1782384058.502076, "step": 32, "max_steps": 938, "loss": 8.644021987915039, "lr": 0.00014758197423205032, "elapsed_time": 24.628058910369873, "prnt": false}
{"event": "training_step", "timestamp": 1782384059.102653, "step": 33, "max_steps": 938, "loss": 8.598583221435547, "lr": 0.0001548233816484077, "elapsed_time": 25.22863483428955, "prnt": false}
{"event": "training_step", "timestamp": 1782384059.7035892, "step": 34, "max_steps": 938, "loss": 8.543655395507812, "lr": 0.00016218531527993575, "elapsed_time": 25.82957100868225, "prnt": false}
{"event": "training_step", "timestamp": 1782384060.305443, "step": 35, "max_steps": 938, "loss": 8.495346069335938, "lr": 0.00016965933878392963, "elapsed_time": 26.431425094604492, "prnt": false}
{"event": "training_step", "timestamp": 1782384060.9068348, "step": 36, "max_steps": 938, "loss": 8.475427627563477, "lr": 0.00017723688736928704, "elapsed_time": 27.032814025878906, "prnt": false}
{"event": "training_step", "timestamp": 1782384061.519447, "step": 37, "max_steps": 938, "loss": 8.418267250061035, "lr": 0.0001849092776112547, "elapsed_time": 27.645427942276, "prnt": false}
{"event": "training_step", "timestamp": 1782384062.137538, "step": 38, "max_steps": 938, "loss": 8.375717163085938, "lr": 0.0001926677174021219, "elapsed_time": 28.263520002365112, "prnt": false}
{"event": "training_step", "timestamp": 1782384062.7400892, "step": 39, "max_steps": 938, "loss": 8.334626197814941, "lr": 0.00020050331602645922, "elapsed_time": 28.866070985794067, "prnt": false}
{"event": "training_step", "timestamp": 1782384063.342348, "step": 40, "max_steps": 938, "loss": 8.279821395874023, "lr": 0.0002084070943493542, "elapsed_time": 29.468329906463623, "prnt": false}
{"event": "training_step", "timestamp": 1782384063.944832, "step": 41, "max_steps": 938, "loss": 8.304590225219727, "lr": 0.00021636999510597245, "elapsed_time": 30.07081389427185, "prnt": false}
{"event": "training_step", "timestamp": 1782384064.5538108, "step": 42, "max_steps": 938, "loss": 8.174657821655273, "lr": 0.00022438289328064967, "elapsed_time": 30.679792881011963, "prnt": false}
{"event": "training_step", "timestamp": 1782384065.158412, "step": 43, "max_steps": 938, "loss": 8.126620292663574, "lr": 0.00023243660656362282, "elapsed_time": 31.284394025802612, "prnt": false}
{"event": "training_step", "timestamp": 1782384065.769408, "step": 44, "max_steps": 938, "loss": 8.050572395324707, "lr": 0.00024052190587341642, "elapsed_time": 31.895389795303345, "prnt": false}
{"event": "validation_step", "timestamp": 1782384068.549633, "step": 44, "max_steps": 938, "loss": 1.7287453789939742, "elapsed_time": 31.895389795303345}
{"event": "training_step", "timestamp": 1782384069.1453, "step": 45, "max_steps": 938, "loss": 8.05794906616211, "lr": 0.00024862952593282734, "elapsed_time": 35.27128195762634, "prnt": false}
{"event": "training_step", "timestamp": 1782384069.748735, "step": 46, "max_steps": 938, "loss": 7.973506927490234, "lr": 0.0002567501758863867, "elapsed_time": 35.874716997146606, "prnt": false}
{"event": "training_step", "timestamp": 1782384070.352586, "step": 47, "max_steps": 938, "loss": 7.949495315551758, "lr": 0.00026487454994713374, "elapsed_time": 36.47856783866882, "prnt": false}
{"event": "training_step", "timestamp": 1782384070.955498, "step": 48, "max_steps": 938, "loss": 7.931329727172852, "lr": 0.00027299333806050013, "elapsed_time": 37.08147978782654, "prnt": false}
{"event": "training_step", "timestamp": 1782384071.5600798, "step": 49, "max_steps": 938, "loss": 7.839215278625488, "lr": 0.00028109723657308443, "elapsed_time": 37.68606209754944, "prnt": false}
{"event": "training_step", "timestamp": 1782384072.162563, "step": 50, "max_steps": 938, "loss": 7.858151435852051, "lr": 0.00028917695889409155, "elapsed_time": 38.28854489326477, "prnt": false}
{"event": "training_step", "timestamp": 1782384072.776192, "step": 51, "max_steps": 938, "loss": 7.833747863769531, "lr": 0.00029722324613721906, "elapsed_time": 38.90217399597168, "prnt": false}
{"event": "training_step", "timestamp": 1782384073.387834, "step": 52, "max_steps": 938, "loss": 7.757783889770508, "lr": 0.00030522687773079627, "elapsed_time": 39.513816118240356, "prnt": false}
{"event": "training_step", "timestamp": 1782384073.991588, "step": 53, "max_steps": 938, "loss": 7.709750652313232, "lr": 0.0003131786819840169, "elapsed_time": 40.11756896972656, "prnt": false}
{"event": "training_step", "timestamp": 1782384074.594631, "step": 54, "max_steps": 938, "loss": 7.677173614501953, "lr": 0.00032106954659715626, "elapsed_time": 40.7206130027771, "prnt": false}
{"event": "training_step", "timestamp": 1782384075.198431, "step": 55, "max_steps": 938, "loss": 7.665678024291992, "lr": 0.0003288904291037315, "elapsed_time": 41.32441282272339, "prnt": false}
{"event": "training_step", "timestamp": 1782384075.802485, "step": 56, "max_steps": 938, "loss": 7.613442420959473, "lr": 0.0003366323672326351, "elapsed_time": 41.928465843200684, "prnt": false}
{"event": "training_step", "timestamp": 1782384076.4060879, "step": 57, "max_steps": 938, "loss": 7.583930492401123, "lr": 0.00034428648917837117, "elapsed_time": 42.53206992149353, "prnt": false}
{"event": "training_step", "timestamp": 1782384077.0115159, "step": 58, "max_steps": 938, "loss": 7.534058094024658, "lr": 0.00035184402376762147, "elapsed_time": 43.13749814033508, "prnt": false}
{"event": "training_step", "timestamp": 1782384077.614982, "step": 59, "max_steps": 938, "loss": 7.556010723114014, "lr": 0.00035929631051049443, "elapsed_time": 43.7409610748291, "prnt": false}
{"event": "training_step", "timestamp": 1782384078.21889, "step": 60, "max_steps": 938, "loss": 7.545147895812988, "lr": 0.0003666348095249368, "elapsed_time": 44.34487199783325, "prnt": false}
{"event": "training_step", "timestamp": 1782384078.8222442, "step": 61, "max_steps": 938, "loss": 7.537558555603027, "lr": 0.0003738511113229358, "elapsed_time": 44.948225021362305, "prnt": false}
{"event": "training_step", "timestamp": 1782384079.4266481, "step": 62, "max_steps": 938, "loss": 7.546322345733643, "lr": 0.0003809369464472978, "elapsed_time": 45.55262994766235, "prnt": false}
{"event": "training_step", "timestamp": 1782384080.03887, "step": 63, "max_steps": 938, "loss": 7.543717384338379, "lr": 0.00038788419494795916, "elapsed_time": 46.164851903915405, "prnt": false}
{"event": "training_step", "timestamp": 1782384080.664094, "step": 64, "max_steps": 938, "loss": 7.429177284240723, "lr": 0.00039468489568697166, "elapsed_time": 46.79007411003113, "prnt": false}
{"event": "training_step", "timestamp": 1782384081.274097, "step": 65, "max_steps": 938, "loss": 7.473414421081543, "lr": 0.00040133125546149787, "elapsed_time": 47.400075912475586, "prnt": false}
{"event": "training_step", "timestamp": 1782384081.87821, "step": 66, "max_steps": 938, "loss": 7.37960147857666, "lr": 0.00040781565793436255, "elapsed_time": 48.004191875457764, "prnt": false}
{"event": "training_step", "timestamp": 1782384082.482398, "step": 67, "max_steps": 938, "loss": 7.399518966674805, "lr": 0.00041413067236192766, "elapsed_time": 48.60837984085083, "prnt": false}
{"event": "training_step", "timestamp": 1782384083.091263, "step": 68, "max_steps": 938, "loss": 7.382354736328125, "lr": 0.0004202690621092869, "elapsed_time": 49.21724486351013, "prnt": false}
{"event": "training_step", "timestamp": 1782384083.709005, "step": 69, "max_steps": 938, "loss": 7.417831897735596, "lr": 0.0004262237929430232, "elapsed_time": 49.834985971450806, "prnt": false}
{"event": "training_step", "timestamp": 1782384084.3137128, "step": 70, "max_steps": 938, "loss": 7.366931915283203, "lr": 0.00043198804109202666, "elapsed_time": 50.43969511985779, "prnt": false}
{"event": "training_step", "timestamp": 1782384084.919362, "step": 71, "max_steps": 938, "loss": 7.342432022094727, "lr": 0.0004375552010671344, "elapsed_time": 51.04534387588501, "prnt": false}
{"event": "training_step", "timestamp": 1782384085.536766, "step": 72, "max_steps": 938, "loss": 7.392705917358398, "lr": 0.0004429188932306326, "elapsed_time": 51.66274690628052, "prnt": false}
{"event": "training_step", "timestamp": 1782384086.156159, "step": 73, "max_steps": 938, "loss": 7.265279769897461, "lr": 0.000448072971106946, "elapsed_time": 52.2821409702301, "prnt": false}
{"event": "training_step", "timestamp": 1782384086.7664928, "step": 74, "max_steps": 938, "loss": 7.353813171386719, "lr": 0.0004530115284261365, "elapsed_time": 52.89247417449951, "prnt": false}
{"event": "training_step", "timestamp": 1782384087.3719392, "step": 75, "max_steps": 938, "loss": 7.361093521118164, "lr": 0.00045772890589214197, "elapsed_time": 53.497920989990234, "prnt": false}
{"event": "training_step", "timestamp": 1782384087.977049, "step": 76, "max_steps": 938, "loss": 7.274089813232422, "lr": 0.00046221969766799574, "elapsed_time": 54.10303092002869, "prnt": false}
{"event": "training_step", "timestamp": 1782384088.5838962, "step": 77, "max_steps": 938, "loss": 7.260323524475098, "lr": 0.00046647875757059793, "elapsed_time": 54.709877014160156, "prnt": false}
{"event": "training_step", "timestamp": 1782384089.200174, "step": 78, "max_steps": 938, "loss": 7.251866340637207, "lr": 0.00047050120496793847, "elapsed_time": 55.326154947280884, "prnt": false}
{"event": "training_step", "timestamp": 1782384089.805335, "step": 79, "max_steps": 938, "loss": 7.2695536613464355, "lr": 0.0004742824303720139, "elapsed_time": 55.931315898895264, "prnt": false}
{"event": "training_step", "timestamp": 1782384090.410104, "step": 80, "max_steps": 938, "loss": 7.246738910675049, "lr": 0.0004778181007210297, "elapsed_time": 56.536086082458496, "prnt": false}
{"event": "training_step", "timestamp": 1782384091.01522, "step": 81, "max_steps": 938, "loss": 7.218671798706055, "lr": 0.00048110416434483385, "elapsed_time": 57.141201972961426, "prnt": false}
{"event": "training_step", "timestamp": 1782384091.624234, "step": 82, "max_steps": 938, "loss": 7.208637237548828, "lr": 0.0004841368556078928, "elapsed_time": 57.75021481513977, "prnt": false}
{"event": "training_step", "timestamp": 1782384092.240584, "step": 83, "max_steps": 938, "loss": 7.240083694458008, "lr": 0.00048691269922448744, "elapsed_time": 58.36656594276428, "prnt": false}
{"event": "training_step", "timestamp": 1782384092.857981, "step": 84, "max_steps": 938, "loss": 7.200698375701904, "lr": 0.0004894285142411867, "elapsed_time": 58.98396277427673, "prnt": false}
{"event": "training_step", "timestamp": 1782384093.46323, "step": 85, "max_steps": 938, "loss": 7.17193603515625, "lr": 0.000491681417682033, "elapsed_time": 59.589210748672485, "prnt": false}
{"event": "training_step", "timestamp": 1782384094.0723908, "step": 86, "max_steps": 938, "loss": 7.207985877990723, "lr": 0.0004936688278522623, "elapsed_time": 60.19837212562561, "prnt": false}
{"event": "training_step", "timestamp": 1782384094.678551, "step": 87, "max_steps": 938, "loss": 7.190715789794922, "lr": 0.0004953884672967753, "elapsed_time": 60.80453300476074, "prnt": false}
{"event": "training_step", "timestamp": 1782384095.290268, "step": 88, "max_steps": 938, "loss": 7.095327377319336, "lr": 0.0004968383654099663, "elapsed_time": 61.41624999046326, "prnt": false}
{"event": "validation_step", "timestamp": 1782384098.085715, "step": 88, "max_steps": 938, "loss": 1.5328181803161431, "elapsed_time": 61.41624999046326}
{"event": "training_step", "timestamp": 1782384098.6873758, "step": 89, "max_steps": 938, "loss": 7.081762313842773, "lr": 0.0004980168606939215, "elapsed_time": 64.81335711479187, "prnt": false}
{"event": "training_step", "timestamp": 1782384099.293555, "step": 90, "max_steps": 938, "loss": 7.230942249298096, "lr": 0.000498922602662398, "elapsed_time": 65.41953682899475, "prnt": false}
{"event": "training_step", "timestamp": 1782384099.8988109, "step": 91, "max_steps": 938, "loss": 7.120880126953125, "lr": 0.0004995545533884011, "elapsed_time": 66.02479195594788, "prnt": false}
{"event": "training_step", "timestamp": 1782384100.503793, "step": 92, "max_steps": 938, "loss": 7.082489013671875, "lr": 0.0004999119886935882, "elapsed_time": 66.62977504730225, "prnt": false}
{"event": "training_step", "timestamp": 1782384101.1184871, "step": 93, "max_steps": 938, "loss": 7.034357070922852, "lr": 0.0004999999307592662, "elapsed_time": 67.2444679737091, "prnt": false}
{"event": "training_step", "timestamp": 1782384101.751688, "step": 94, "max_steps": 938, "loss": 7.106712341308594, "lr": 0.0004999975073376098, "elapsed_time": 67.87766981124878, "prnt": false}
{"event": "training_step", "timestamp": 1782384102.360418, "step": 95, "max_steps": 938, "loss": 7.012362480163574, "lr": 0.0004999916219176184, "elapsed_time": 68.48639988899231, "prnt": false}
{"event": "training_step", "timestamp": 1782384102.966849, "step": 96, "max_steps": 938, "loss": 7.12937068939209, "lr": 0.0004999822745807968, "elapsed_time": 69.09283089637756, "prnt": false}
{"event": "training_step", "timestamp": 1782384103.573519, "step": 97, "max_steps": 938, "loss": 7.06797981262207, "lr": 0.0004999694654565939, "elapsed_time": 69.69950008392334, "prnt": false}
{"event": "training_step", "timestamp": 1782384104.182514, "step": 98, "max_steps": 938, "loss": 7.020266532897949, "lr": 0.0004999531947223987, "elapsed_time": 70.30849599838257, "prnt": false}
{"event": "training_step", "timestamp": 1782384104.7949262, "step": 99, "max_steps": 938, "loss": 7.088260650634766, "lr": 0.0004999334626035398, "elapsed_time": 70.92090797424316, "prnt": false}
{"event": "training_step", "timestamp": 1782384105.400099, "step": 100, "max_steps": 938, "loss": 7.0404462814331055, "lr": 0.0004999102693732811, "elapsed_time": 71.52608108520508, "prnt": false}
{"event": "training_step", "timestamp": 1782384106.0061498, "step": 101, "max_steps": 938, "loss": 7.009943008422852, "lr": 0.0004998836153528182, "elapsed_time": 72.13213205337524, "prnt": false}
{"event": "training_step", "timestamp": 1782384106.6153119, "step": 102, "max_steps": 938, "loss": 6.985973358154297, "lr": 0.0004998535009112743, "elapsed_time": 72.7412941455841, "prnt": false}
{"event": "training_step", "timestamp": 1782384107.238438, "step": 103, "max_steps": 938, "loss": 7.039276123046875, "lr": 0.0004998199264656949, "elapsed_time": 73.36441993713379, "prnt": false}
{"event": "training_step", "timestamp": 1782384107.8506932, "step": 104, "max_steps": 938, "loss": 6.9697041511535645, "lr": 0.0004997828924810418, "elapsed_time": 73.97667503356934, "prnt": false}
{"event": "training_step", "timestamp": 1782384108.458615, "step": 105, "max_steps": 938, "loss": 6.945494174957275, "lr": 0.0004997423994701871, "elapsed_time": 74.58459687232971, "prnt": false}
{"event": "training_step", "timestamp": 1782384109.0671518, "step": 106, "max_steps": 938, "loss": 6.9493513107299805, "lr": 0.0004996984479939058, "elapsed_time": 75.19313311576843, "prnt": false}
{"event": "training_step", "timestamp": 1782384109.672808, "step": 107, "max_steps": 938, "loss": 6.97337532043457, "lr": 0.0004996510386608678, "elapsed_time": 75.79878973960876, "prnt": false}
{"event": "training_step", "timestamp": 1782384110.2870169, "step": 108, "max_steps": 938, "loss": 6.895324230194092, "lr": 0.0004996001721276305, "elapsed_time": 76.41299772262573, "prnt": false}
{"event": "training_step", "timestamp": 1782384110.893831, "step": 109, "max_steps": 938, "loss": 6.936646461486816, "lr": 0.0004995458490986282, "elapsed_time": 77.01981210708618, "prnt": false}
{"event": "training_step", "timestamp": 1782384111.499476, "step": 110, "max_steps": 938, "loss": 6.957703113555908, "lr": 0.0004994880703261635, "elapsed_time": 77.62545776367188, "prnt": false}
{"event": "training_step", "timestamp": 1782384112.1053061, "step": 111, "max_steps": 938, "loss": 6.911155700683594, "lr": 0.0004994268366103964, "elapsed_time": 78.23128700256348, "prnt": false}
{"event": "training_step", "timestamp": 1782384112.712716, "step": 112, "max_steps": 938, "loss": 6.878528594970703, "lr": 0.0004993621487993334, "elapsed_time": 78.83869791030884, "prnt": false}
{"event": "training_step", "timestamp": 1782384113.3205602, "step": 113, "max_steps": 938, "loss": 6.805718421936035, "lr": 0.0004992940077888157, "elapsed_time": 79.44654202461243, "prnt": false}
{"event": "training_step", "timestamp": 1782384113.9315252, "step": 114, "max_steps": 938, "loss": 6.933482646942139, "lr": 0.0004992224145225066, "elapsed_time": 80.05750608444214, "prnt": false}
{"event": "training_step", "timestamp": 1782384114.5394921, "step": 115, "max_steps": 938, "loss": 6.898593902587891, "lr": 0.0004991473699918787, "elapsed_time": 80.66547298431396, "prnt": false}
{"event": "training_step", "timestamp": 1782384115.143931, "step": 116, "max_steps": 938, "loss": 6.79928731918335, "lr": 0.0004990688752362003, "elapsed_time": 81.26991295814514, "prnt": false}
{"event": "training_step", "timestamp": 1782384115.749187, "step": 117, "max_steps": 938, "loss": 6.8450517654418945, "lr": 0.0004989869313425204, "elapsed_time": 81.87516903877258, "prnt": false}
{"event": "training_step", "timestamp": 1782384116.354819, "step": 118, "max_steps": 938, "loss": 6.864322662353516, "lr": 0.0004989015394456543, "elapsed_time": 82.48080086708069, "prnt": false}
{"event": "training_step", "timestamp": 1782384116.9607391, "step": 119, "max_steps": 938, "loss": 6.827081203460693, "lr": 0.0004988127007281674, "elapsed_time": 83.08672094345093, "prnt": false}
{"event": "training_step", "timestamp": 1782384117.566262, "step": 120, "max_steps": 938, "loss": 6.839450359344482, "lr": 0.0004987204164203593, "elapsed_time": 83.69224381446838, "prnt": false}
{"event": "training_step", "timestamp": 1782384118.172242, "step": 121, "max_steps": 938, "loss": 6.809195518493652, "lr": 0.0004986246878002461, "elapsed_time": 84.29822373390198, "prnt": false}
{"event": "training_step", "timestamp": 1782384118.779221, "step": 122, "max_steps": 938, "loss": 6.823904037475586, "lr": 0.0004985255161935436, "elapsed_time": 84.90520191192627, "prnt": false}
{"event": "training_step", "timestamp": 1782384119.395977, "step": 123, "max_steps": 938, "loss": 6.749539375305176, "lr": 0.0004984229029736481, "elapsed_time": 85.5219578742981, "prnt": false}
{"event": "training_step", "timestamp": 1782384120.021182, "step": 124, "max_steps": 938, "loss": 6.83067512512207, "lr": 0.0004983168495616177, "elapsed_time": 86.14716386795044, "prnt": false}
{"event": "training_step", "timestamp": 1782384120.645542, "step": 125, "max_steps": 938, "loss": 6.778684616088867, "lr": 0.0004982073574261529, "elapsed_time": 86.77152395248413, "prnt": false}
{"event": "training_step", "timestamp": 1782384121.269425, "step": 126, "max_steps": 938, "loss": 6.79931640625, "lr": 0.0004980944280835757, "elapsed_time": 87.39540696144104, "prnt": false}
{"event": "training_step", "timestamp": 1782384121.886517, "step": 127, "max_steps": 938, "loss": 6.789714813232422, "lr": 0.000497978063097809, "elapsed_time": 88.0124979019165, "prnt": false}
{"event": "training_step", "timestamp": 1782384122.516868, "step": 128, "max_steps": 938, "loss": 6.788641929626465, "lr": 0.0004978582640803549, "elapsed_time": 88.64284992218018, "prnt": false}
{"event": "training_step", "timestamp": 1782384123.1479628, "step": 129, "max_steps": 938, "loss": 6.808444023132324, "lr": 0.0004977350326902725, "elapsed_time": 89.27394509315491, "prnt": false}
{"event": "training_step", "timestamp": 1782384123.7815108, "step": 130, "max_steps": 938, "loss": 6.83672571182251, "lr": 0.0004976083706341543, "elapsed_time": 89.90749311447144, "prnt": false}
{"event": "training_step", "timestamp": 1782384124.4142568, "step": 131, "max_steps": 938, "loss": 6.688107967376709, "lr": 0.0004974782796661034, "elapsed_time": 90.54023909568787, "prnt": false}
{"event": "training_step", "timestamp": 1782384125.054986, "step": 132, "max_steps": 938, "loss": 6.748145580291748, "lr": 0.0004973447615877086, "elapsed_time": 91.18096780776978, "prnt": false}
{"event": "validation_step", "timestamp": 1782384128.048906, "step": 132, "max_steps": 938, "loss": 1.4472352313537984, "elapsed_time": 91.18096780776978}
{"event": "training_step", "timestamp": 1782384128.6667168, "step": 133, "max_steps": 938, "loss": 6.721731185913086, "lr": 0.0004972078182480198, "elapsed_time": 94.79269886016846, "prnt": false}
{"event": "training_step", "timestamp": 1782384129.292279, "step": 134, "max_steps": 938, "loss": 6.749507904052734, "lr": 0.0004970674515435224, "elapsed_time": 95.41826105117798, "prnt": false}
{"event": "training_step", "timestamp": 1782384129.911718, "step": 135, "max_steps": 938, "loss": 6.747222900390625, "lr": 0.0004969236634181104, "elapsed_time": 96.03769993782043, "prnt": false}
{"event": "training_step", "timestamp": 1782384130.529088, "step": 136, "max_steps": 938, "loss": 6.6990509033203125, "lr": 0.0004967764558630605, "elapsed_time": 96.65506982803345, "prnt": false}
{"event": "training_step", "timestamp": 1782384131.146595, "step": 137, "max_steps": 938, "loss": 6.652497291564941, "lr": 0.0004966258309170038, "elapsed_time": 97.27257585525513, "prnt": false}
{"event": "training_step", "timestamp": 1782384131.7641401, "step": 138, "max_steps": 938, "loss": 6.734671592712402, "lr": 0.0004964717906658977, "elapsed_time": 97.8901219367981, "prnt": false}
{"event": "training_step", "timestamp": 1782384132.383563, "step": 139, "max_steps": 938, "loss": 6.680695533752441, "lr": 0.0004963143372429973, "elapsed_time": 98.50954484939575, "prnt": false}
{"event": "training_step", "timestamp": 1782384133.006955, "step": 140, "max_steps": 938, "loss": 6.707198143005371, "lr": 0.0004961534728288254, "elapsed_time": 99.13293695449829, "prnt": false}
{"event": "training_step", "timestamp": 1782384133.631781, "step": 141, "max_steps": 938, "loss": 6.653134346008301, "lr": 0.0004959891996511428, "elapsed_time": 99.75776290893555, "prnt": false}
{"event": "training_step", "timestamp": 1782384134.260658, "step": 142, "max_steps": 938, "loss": 6.716977119445801, "lr": 0.0004958215199849169, "elapsed_time": 100.3866400718689, "prnt": false}
{"event": "training_step", "timestamp": 1782384134.89489, "step": 143, "max_steps": 938, "loss": 6.664583206176758, "lr": 0.0004956504361522908, "elapsed_time": 101.02087187767029, "prnt": false}
{"event": "training_step", "timestamp": 1782384135.529152, "step": 144, "max_steps": 938, "loss": 6.704874515533447, "lr": 0.0004954759505225504, "elapsed_time": 101.65513396263123, "prnt": false}
{"event": "training_step", "timestamp": 1782384136.167105, "step": 145, "max_steps": 938, "loss": 6.615497589111328, "lr": 0.0004952980655120926, "elapsed_time": 102.29308700561523, "prnt": false}
{"event": "training_step", "timestamp": 1782384136.809173, "step": 146, "max_steps": 938, "loss": 6.672552585601807, "lr": 0.0004951167835843907, "elapsed_time": 102.93515491485596, "prnt": false}
{"event": "training_step", "timestamp": 1782384137.454001, "step": 147, "max_steps": 938, "loss": 6.630496978759766, "lr": 0.0004949321072499613, "elapsed_time": 103.57998299598694, "prnt": false}
{"event": "training_step", "timestamp": 1782384138.106553, "step": 148, "max_steps": 938, "loss": 6.668707370758057, "lr": 0.0004947440390663286, "elapsed_time": 104.2325348854065, "prnt": false}
{"event": "training_step", "timestamp": 1782384138.7649431, "step": 149, "max_steps": 938, "loss": 6.637294769287109, "lr": 0.0004945525816379899, "elapsed_time": 104.89092493057251, "prnt": false}
{"event": "training_step", "timestamp": 1782384139.414079, "step": 150, "max_steps": 938, "loss": 6.633003234863281, "lr": 0.0004943577376163788, "elapsed_time": 105.54006099700928, "prnt": false}
{"event": "training_step", "timestamp": 1782384140.065969, "step": 151, "max_steps": 938, "loss": 6.626349449157715, "lr": 0.000494159509699829, "elapsed_time": 106.19195103645325, "prnt": false}
{"event": "training_step", "timestamp": 1782384140.717955, "step": 152, "max_steps": 938, "loss": 6.638005256652832, "lr": 0.0004939579006335362, "elapsed_time": 106.8439359664917, "prnt": false}
{"event": "training_step", "timestamp": 1782384141.377504, "step": 153, "max_steps": 938, "loss": 6.6475114822387695, "lr": 0.0004937529132095213, "elapsed_time": 107.50348591804504, "prnt": false}
{"event": "training_step", "timestamp": 1782384142.023398, "step": 154, "max_steps": 938, "loss": 6.646625518798828, "lr": 0.0004935445502665905, "elapsed_time": 108.14937996864319, "prnt": false}
{"event": "training_step", "timestamp": 1782384142.66758, "step": 155, "max_steps": 938, "loss": 6.581679821014404, "lr": 0.0004933328146902965, "elapsed_time": 108.79356217384338, "prnt": false}
{"event": "training_step", "timestamp": 1782384143.3128, "step": 156, "max_steps": 938, "loss": 6.603984355926514, "lr": 0.0004931177094128989, "elapsed_time": 109.43878197669983, "prnt": false}
{"event": "training_step", "timestamp": 1782384143.972464, "step": 157, "max_steps": 938, "loss": 6.584194183349609, "lr": 0.000492899237413323, "elapsed_time": 110.09844613075256, "prnt": false}
{"event": "training_step", "timestamp": 1782384144.622577, "step": 158, "max_steps": 938, "loss": 6.57157039642334, "lr": 0.0004926774017171186, "elapsed_time": 110.7485580444336, "prnt": false}
{"event": "training_step", "timestamp": 1782384145.2793028, "step": 159, "max_steps": 938, "loss": 6.555291175842285, "lr": 0.0004924522053964185, "elapsed_time": 111.40528512001038, "prnt": false}
{"event": "training_step", "timestamp": 1782384145.9382138, "step": 160, "max_steps": 938, "loss": 6.573721885681152, "lr": 0.0004922236515698958, "elapsed_time": 112.06419610977173, "prnt": false}
{"event": "training_step", "timestamp": 1782384146.601323, "step": 161, "max_steps": 938, "loss": 6.513275146484375, "lr": 0.0004919917434027205, "elapsed_time": 112.72730493545532, "prnt": false}
{"event": "training_step", "timestamp": 1782384147.2666109, "step": 162, "max_steps": 938, "loss": 6.540016174316406, "lr": 0.0004917564841065158, "elapsed_time": 113.3925929069519, "prnt": false}
{"event": "training_step", "timestamp": 1782384147.920933, "step": 163, "max_steps": 938, "loss": 6.501229286193848, "lr": 0.0004915178769393137, "elapsed_time": 114.04691505432129, "prnt": false}
{"event": "training_step", "timestamp": 1782384148.572573, "step": 164, "max_steps": 938, "loss": 6.578245639801025, "lr": 0.0004912759252055098, "elapsed_time": 114.6985547542572, "prnt": false}
{"event": "training_step", "timestamp": 1782384149.219759, "step": 165, "max_steps": 938, "loss": 6.543239593505859, "lr": 0.0004910306322558175, "elapsed_time": 115.34574103355408, "prnt": false}
{"event": "training_step", "timestamp": 1782384149.862092, "step": 166, "max_steps": 938, "loss": 6.550333023071289, "lr": 0.0004907820014872217, "elapsed_time": 115.98807382583618, "prnt": false}
{"event": "training_step", "timestamp": 1782384150.503477, "step": 167, "max_steps": 938, "loss": 6.5390520095825195, "lr": 0.0004905300363429317, "elapsed_time": 116.62945890426636, "prnt": false}
{"event": "training_step", "timestamp": 1782384151.14611, "step": 168, "max_steps": 938, "loss": 6.482091426849365, "lr": 0.0004902747403123334, "elapsed_time": 117.27209091186523, "prnt": false}
{"event": "training_step", "timestamp": 1782384151.78923, "step": 169, "max_steps": 938, "loss": 6.471660614013672, "lr": 0.0004900161169309414, "elapsed_time": 117.91521096229553, "prnt": false}
{"event": "training_step", "timestamp": 1782384152.4350169, "step": 170, "max_steps": 938, "loss": 6.55470085144043, "lr": 0.0004897541697803494, "elapsed_time": 118.56099772453308, "prnt": false}
{"event": "training_step", "timestamp": 1782384153.0938828, "step": 171, "max_steps": 938, "loss": 6.50556755065918, "lr": 0.0004894889024881812, "elapsed_time": 119.21986508369446, "prnt": false}
{"event": "training_step", "timestamp": 1782384153.767124, "step": 172, "max_steps": 938, "loss": 6.541958808898926, "lr": 0.0004892203187280399, "elapsed_time": 119.89310479164124, "prnt": false}
{"event": "training_step", "timestamp": 1782384154.4703732, "step": 173, "max_steps": 938, "loss": 6.542839050292969, "lr": 0.0004889484222194576, "elapsed_time": 120.59635400772095, "prnt": false}
{"event": "training_step", "timestamp": 1782384155.186336, "step": 174, "max_steps": 938, "loss": 6.461520195007324, "lr": 0.0004886732167278435, "elapsed_time": 121.31231784820557, "prnt": false}
{"event": "training_step", "timestamp": 1782384155.9006279, "step": 175, "max_steps": 938, "loss": 6.577767372131348, "lr": 0.0004883947060644317, "elapsed_time": 122.02660989761353, "prnt": false}
{"event": "training_step", "timestamp": 1782384156.5986319, "step": 176, "max_steps": 938, "loss": 6.438909530639648, "lr": 0.00048811289408622895, "elapsed_time": 122.724613904953, "prnt": false}
{"event": "validation_step", "timestamp": 1782384159.714838, "step": 176, "max_steps": 938, "loss": 1.3932493778310766, "elapsed_time": 122.724613904953}
{"event": "training_step", "timestamp": 1782384160.374145, "step": 177, "max_steps": 938, "loss": 6.477788925170898, "lr": 0.0004878277846959606, "elapsed_time": 126.50012683868408, "prnt": false}
{"event": "training_step", "timestamp": 1782384161.055857, "step": 178, "max_steps": 938, "loss": 6.407281875610352, "lr": 0.0004875393818420169, "elapsed_time": 127.1818380355835, "prnt": false}
{"event": "training_step", "timestamp": 1782384161.734216, "step": 179, "max_steps": 938, "loss": 6.4796953201293945, "lr": 0.00048724768951839817, "elapsed_time": 127.86019778251648, "prnt": false}
{"event": "training_step", "timestamp": 1782384162.420927, "step": 180, "max_steps": 938, "loss": 6.416014671325684, "lr": 0.00048695271176465977, "elapsed_time": 128.54690885543823, "prnt": false}
{"event": "training_step", "timestamp": 1782384163.100063, "step": 181, "max_steps": 938, "loss": 6.47485876083374, "lr": 0.00048665445266585564, "elapsed_time": 129.22604489326477, "prnt": false}
{"event": "training_step", "timestamp": 1782384163.774511, "step": 182, "max_steps": 938, "loss": 6.47837495803833, "lr": 0.0004863529163524823, "elapsed_time": 129.90049290657043, "prnt": false}
{"event": "training_step", "timestamp": 1782384164.448559, "step": 183, "max_steps": 938, "loss": 6.41776180267334, "lr": 0.00048604810700042127, "elapsed_time": 130.57454109191895, "prnt": false}
{"event": "training_step", "timestamp": 1782384165.140219, "step": 184, "max_steps": 938, "loss": 6.511824607849121, "lr": 0.00048574002883088133, "elapsed_time": 131.2662010192871, "prnt": false}
{"event": "training_step", "timestamp": 1782384165.826638, "step": 185, "max_steps": 938, "loss": 6.518499851226807, "lr": 0.00048542868611034013, "elapsed_time": 131.95262002944946, "prnt": false}
{"event": "training_step", "timestamp": 1782384166.515483, "step": 186, "max_steps": 938, "loss": 6.426191806793213, "lr": 0.00048511408315048506, "elapsed_time": 132.64146494865417, "prnt": false}
{"event": "training_step", "timestamp": 1782384167.198379, "step": 187, "max_steps": 938, "loss": 6.438777446746826, "lr": 0.00048479622430815344, "elapsed_time": 133.32436084747314, "prnt": false}
{"event": "training_step", "timestamp": 1782384167.8853319, "step": 188, "max_steps": 938, "loss": 6.426047325134277, "lr": 0.00048447511398527255, "elapsed_time": 134.01131391525269, "prnt": false}
{"event": "training_step", "timestamp": 1782384168.559946, "step": 189, "max_steps": 938, "loss": 6.433223247528076, "lr": 0.0004841507566287981, "elapsed_time": 134.6859278678894, "prnt": false}
{"event": "training_step", "timestamp": 1782384169.2317572, "step": 190, "max_steps": 938, "loss": 6.415453910827637, "lr": 0.0004838231567306531, "elapsed_time": 135.3577389717102, "prnt": false}
{"event": "training_step", "timestamp": 1782384169.904511, "step": 191, "max_steps": 938, "loss": 6.430816650390625, "lr": 0.0004834923188276654, "elapsed_time": 136.03049278259277, "prnt": false}
{"event": "training_step", "timestamp": 1782384170.5991879, "step": 192, "max_steps": 938, "loss": 6.381647109985352, "lr": 0.0004831582475015051, "elapsed_time": 136.72516989707947, "prnt": false}
{"event": "training_step", "timestamp": 1782384171.2876039, "step": 193, "max_steps": 938, "loss": 6.405221939086914, "lr": 0.00048282094737862093, "elapsed_time": 137.41358494758606, "prnt": false}
{"event": "training_step", "timestamp": 1782384171.9749272, "step": 194, "max_steps": 938, "loss": 6.45687198638916, "lr": 0.000482480423130176, "elapsed_time": 138.100909948349, "prnt": false}
{"event": "training_step", "timestamp": 1782384172.660757, "step": 195, "max_steps": 938, "loss": 6.458911895751953, "lr": 0.00048213667947198365, "elapsed_time": 138.78673791885376, "prnt": false}
{"event": "training_step", "timestamp": 1782384173.353363, "step": 196, "max_steps": 938, "loss": 6.513422966003418, "lr": 0.0004817897211644416, "elapsed_time": 139.4793438911438, "prnt": false}
{"event": "training_step", "timestamp": 1782384174.043979, "step": 197, "max_steps": 938, "loss": 6.480809688568115, "lr": 0.00048143955301246623, "elapsed_time": 140.16996097564697, "prnt": false}
{"event": "training_step", "timestamp": 1782384174.729929, "step": 198, "max_steps": 938, "loss": 6.387843132019043, "lr": 0.0004810861798654262, "elapsed_time": 140.85591077804565, "prnt": false}
{"event": "training_step", "timestamp": 1782384175.4173682, "step": 199, "max_steps": 938, "loss": 6.41372537612915, "lr": 0.00048072960661707493, "elapsed_time": 141.54334998130798, "prnt": false}
{"event": "training_step", "timestamp": 1782384176.128751, "step": 200, "max_steps": 938, "loss": 6.341470718383789, "lr": 0.00048036983820548323, "elapsed_time": 142.25473308563232, "prnt": false}
{"event": "training_step", "timestamp": 1782384176.83952, "step": 201, "max_steps": 938, "loss": 6.382183074951172, "lr": 0.0004800068796129706, "elapsed_time": 142.965500831604, "prnt": false}
{"event": "training_step", "timestamp": 1782384177.547744, "step": 202, "max_steps": 938, "loss": 6.333043575286865, "lr": 0.0004796407358660365, "elapsed_time": 143.67372584342957, "prnt": false}
{"event": "training_step", "timestamp": 1782384178.247191, "step": 203, "max_steps": 938, "loss": 6.406132221221924, "lr": 0.00047927141203529025, "elapsed_time": 144.37317299842834, "prnt": false}
{"event": "training_step", "timestamp": 1782384178.946381, "step": 204, "max_steps": 938, "loss": 6.367668628692627, "lr": 0.0004788989132353816, "elapsed_time": 145.07236289978027, "prnt": false}
{"event": "training_step", "timestamp": 1782384179.632146, "step": 205, "max_steps": 938, "loss": 6.38149356842041, "lr": 0.0004785232446249291, "elapsed_time": 145.75812792778015, "prnt": false}
{"event": "training_step", "timestamp": 1782384180.309419, "step": 206, "max_steps": 938, "loss": 6.390036582946777, "lr": 0.0004781444114064492, "elapsed_time": 146.4354009628296, "prnt": false}
{"event": "training_step", "timestamp": 1782384180.983053, "step": 207, "max_steps": 938, "loss": 6.279263019561768, "lr": 0.00047776241882628405, "elapsed_time": 147.1090338230133, "prnt": false}
{"event": "training_step", "timestamp": 1782384181.6564639, "step": 208, "max_steps": 938, "loss": 6.348602771759033, "lr": 0.00047737727217452843, "elapsed_time": 147.78244614601135, "prnt": false}
{"event": "training_step", "timestamp": 1782384182.32925, "step": 209, "max_steps": 938, "loss": 6.422967910766602, "lr": 0.00047698897678495736, "elapsed_time": 148.45523190498352, "prnt": false}
{"event": "training_step", "timestamp": 1782384183.0043259, "step": 210, "max_steps": 938, "loss": 6.363564968109131, "lr": 0.0004765975380349515, "elapsed_time": 149.13030815124512, "prnt": false}
{"event": "training_step", "timestamp": 1782384183.6833339, "step": 211, "max_steps": 938, "loss": 6.352198123931885, "lr": 0.0004762029613454229, "elapsed_time": 149.80931615829468, "prnt": false}
{"event": "training_step", "timestamp": 1782384184.371223, "step": 212, "max_steps": 938, "loss": 6.3432135581970215, "lr": 0.00047580525218073993, "elapsed_time": 150.4972038269043, "prnt": false}
{"event": "training_step", "timestamp": 1782384185.080023, "step": 213, "max_steps": 938, "loss": 6.3773627281188965, "lr": 0.0004754044160486518, "elapsed_time": 151.20600485801697, "prnt": false}
{"event": "training_step", "timestamp": 1782384185.787949, "step": 214, "max_steps": 938, "loss": 6.308289527893066, "lr": 0.0004750004585002119, "elapsed_time": 151.91393089294434, "prnt": false}
{"event": "training_step", "timestamp": 1782384186.505138, "step": 215, "max_steps": 938, "loss": 6.327139377593994, "lr": 0.00047459338512970123, "elapsed_time": 152.63111996650696, "prnt": false}
{"event": "training_step", "timestamp": 1782384187.21309, "step": 216, "max_steps": 938, "loss": 6.2811384201049805, "lr": 0.0004741832015745509, "elapsed_time": 153.33907198905945, "prnt": false}
{"event": "training_step", "timestamp": 1782384187.918512, "step": 217, "max_steps": 938, "loss": 6.355330467224121, "lr": 0.0004737699135152638, "elapsed_time": 154.0444941520691, "prnt": false}
{"event": "training_step", "timestamp": 1782384188.60729, "step": 218, "max_steps": 938, "loss": 6.3057122230529785, "lr": 0.0004733535266753363, "elapsed_time": 154.73327207565308, "prnt": false}
{"event": "training_step", "timestamp": 1782384189.291397, "step": 219, "max_steps": 938, "loss": 6.3075103759765625, "lr": 0.0004729340468211787, "elapsed_time": 155.41737914085388, "prnt": false}
{"event": "training_step", "timestamp": 1782384189.971746, "step": 220, "max_steps": 938, "loss": 6.339110374450684, "lr": 0.0004725114797620356, "elapsed_time": 156.0977268218994, "prnt": false}
{"event": "validation_step", "timestamp": 1782384193.2364218, "step": 220, "max_steps": 938, "loss": 1.3609754195524275, "elapsed_time": 156.0977268218994}
{"event": "training_step", "timestamp": 1782384193.925013, "step": 221, "max_steps": 938, "loss": 6.3206658363342285, "lr": 0.00047208583134990506, "elapsed_time": 160.05099487304688, "prnt": false}
{"event": "training_step", "timestamp": 1782384194.637053, "step": 222, "max_steps": 938, "loss": 6.265195846557617, "lr": 0.0004716571074794582, "elapsed_time": 160.76303482055664, "prnt": false}
{"event": "training_step", "timestamp": 1782384195.3308191, "step": 223, "max_steps": 938, "loss": 6.23867130279541, "lr": 0.000471225314087957, "elapsed_time": 161.4568009376526, "prnt": false}
{"event": "training_step", "timestamp": 1782384196.02309, "step": 224, "max_steps": 938, "loss": 6.3560099601745605, "lr": 0.0004707904571551722, "elapsed_time": 162.14907097816467, "prnt": false}
{"event": "training_step", "timestamp": 1782384196.72188, "step": 225, "max_steps": 938, "loss": 6.2730231285095215, "lr": 0.0004703525427033007, "elapsed_time": 162.84786200523376, "prnt": false}
{"event": "training_step", "timestamp": 1782384197.419862, "step": 226, "max_steps": 938, "loss": 6.251738548278809, "lr": 0.00046991157679688195, "elapsed_time": 163.54584383964539, "prnt": false}
{"event": "training_step", "timestamp": 1782384198.1197178, "step": 227, "max_steps": 938, "loss": 6.25736665725708, "lr": 0.00046946756554271395, "elapsed_time": 164.2457001209259, "prnt": false}
{"event": "training_step", "timestamp": 1782384198.818827, "step": 228, "max_steps": 938, "loss": 6.304652214050293, "lr": 0.000469020515089769, "elapsed_time": 164.94480895996094, "prnt": false}
{"event": "training_step", "timestamp": 1782384199.515692, "step": 229, "max_steps": 938, "loss": 6.219895362854004, "lr": 0.00046857043162910813, "elapsed_time": 165.64167404174805, "prnt": false}
{"event": "training_step", "timestamp": 1782384200.210048, "step": 230, "max_steps": 938, "loss": 6.382358551025391, "lr": 0.0004681173213937955, "elapsed_time": 166.3360288143158, "prnt": false}
{"event": "training_step", "timestamp": 1782384200.902143, "step": 231, "max_steps": 938, "loss": 6.292368412017822, "lr": 0.0004676611906588124, "elapsed_time": 167.02812480926514, "prnt": false}
{"event": "training_step", "timestamp": 1782384201.592693, "step": 232, "max_steps": 938, "loss": 6.245855331420898, "lr": 0.0004672020457409696, "elapsed_time": 167.71867489814758, "prnt": false}
{"event": "training_step", "timestamp": 1782384202.283503, "step": 233, "max_steps": 938, "loss": 6.325745582580566, "lr": 0.00046673989299882075, "elapsed_time": 168.40948510169983, "prnt": false}
{"event": "training_step", "timestamp": 1782384202.9746501, "step": 234, "max_steps": 938, "loss": 6.283522129058838, "lr": 0.00046627473883257376, "elapsed_time": 169.10063195228577, "prnt": false}
{"event": "training_step", "timestamp": 1782384203.666139, "step": 235, "max_steps": 938, "loss": 6.273636817932129, "lr": 0.00046580658968400234, "elapsed_time": 169.79212093353271, "prnt": false}
{"event": "training_step", "timestamp": 1782384204.358239, "step": 236, "max_steps": 938, "loss": 6.247133255004883, "lr": 0.00046533545203635663, "elapsed_time": 170.4842209815979, "prnt": false}
{"event": "training_step", "timestamp": 1782384205.05199, "step": 237, "max_steps": 938, "loss": 6.310883522033691, "lr": 0.0004648613324142739, "elapsed_time": 171.17797183990479, "prnt": false}
{"event": "training_step", "timestamp": 1782384205.746044, "step": 238, "max_steps": 938, "loss": 6.23423433303833, "lr": 0.0004643842373836874, "elapsed_time": 171.8720259666443, "prnt": false}
{"event": "training_step", "timestamp": 1782384206.448929, "step": 239, "max_steps": 938, "loss": 6.232785224914551, "lr": 0.0004639041735517363, "elapsed_time": 172.57491087913513, "prnt": false}
{"event": "training_step", "timestamp": 1782384207.1772852, "step": 240, "max_steps": 938, "loss": 6.242308616638184, "lr": 0.00046342114756667334, "elapsed_time": 173.3032660484314, "prnt": false}
{"event": "training_step", "timestamp": 1782384207.8990378, "step": 241, "max_steps": 938, "loss": 6.283688545227051, "lr": 0.0004629351661177736, "elapsed_time": 174.0250198841095, "prnt": false}
{"event": "training_step", "timestamp": 1782384208.607916, "step": 242, "max_steps": 938, "loss": 6.224079132080078, "lr": 0.00046244623593524116, "elapsed_time": 174.73389792442322, "prnt": false}
{"event": "training_step", "timestamp": 1782384209.3039958, "step": 243, "max_steps": 938, "loss": 6.260011672973633, "lr": 0.0004619543637901164, "elapsed_time": 175.42997813224792, "prnt": false}
{"event": "training_step", "timestamp": 1782384210.001466, "step": 244, "max_steps": 938, "loss": 6.265042304992676, "lr": 0.00046145955649418174, "elapsed_time": 176.12744688987732, "prnt": false}
{"event": "training_step", "timestamp": 1782384210.692699, "step": 245, "max_steps": 938, "loss": 6.228615760803223, "lr": 0.0004609618208998679, "elapsed_time": 176.8186810016632, "prnt": false}
{"event": "training_step", "timestamp": 1782384211.381828, "step": 246, "max_steps": 938, "loss": 6.226150989532471, "lr": 0.00046046116390015843, "elapsed_time": 177.5078101158142, "prnt": false}
{"event": "training_step", "timestamp": 1782384212.07905, "step": 247, "max_steps": 938, "loss": 6.127476215362549, "lr": 0.00045995759242849454, "elapsed_time": 178.20503187179565, "prnt": false}
{"event": "training_step", "timestamp": 1782384212.781303, "step": 248, "max_steps": 938, "loss": 6.289923667907715, "lr": 0.00045945111345867924, "elapsed_time": 178.90728497505188, "prnt": false}
{"event": "training_step", "timestamp": 1782384213.48512, "step": 249, "max_steps": 938, "loss": 6.254487991333008, "lr": 0.0004589417340047803, "elapsed_time": 179.61110186576843, "prnt": false}
{"event": "training_step", "timestamp": 1782384214.1877918, "step": 250, "max_steps": 938, "loss": 6.181742191314697, "lr": 0.00045842946112103355, "elapsed_time": 180.31377410888672, "prnt": false}
{"event": "training_step", "timestamp": 1782384214.8926752, "step": 251, "max_steps": 938, "loss": 6.223858833312988, "lr": 0.0004579143019017451, "elapsed_time": 181.01865696907043, "prnt": false}
{"event": "training_step", "timestamp": 1782384215.612965, "step": 252, "max_steps": 938, "loss": 6.238950729370117, "lr": 0.0004573962634811928, "elapsed_time": 181.73894596099854, "prnt": false}
{"event": "training_step", "timestamp": 1782384216.328162, "step": 253, "max_steps": 938, "loss": 6.193294525146484, "lr": 0.0004568753530335276, "elapsed_time": 182.45414400100708, "prnt": false}
{"event": "training_step", "timestamp": 1782384217.0436292, "step": 254, "max_steps": 938, "loss": 6.2314229011535645, "lr": 0.00045635157777267467, "elapsed_time": 183.16961097717285, "prnt": false}
{"event": "training_step", "timestamp": 1782384217.747318, "step": 255, "max_steps": 938, "loss": 6.191993713378906, "lr": 0.00045582494495223264, "elapsed_time": 183.87329983711243, "prnt": false}
{"event": "training_step", "timestamp": 1782384218.4516962, "step": 256, "max_steps": 938, "loss": 6.190814018249512, "lr": 0.00045529546186537373, "elapsed_time": 184.57767796516418, "prnt": false}
{"event": "training_step", "timestamp": 1782384219.1396549, "step": 257, "max_steps": 938, "loss": 6.126622200012207, "lr": 0.00045476313584474264, "elapsed_time": 185.26563596725464, "prnt": false}
{"event": "training_step", "timestamp": 1782384219.828768, "step": 258, "max_steps": 938, "loss": 6.222935676574707, "lr": 0.000454227974262355, "elapsed_time": 185.95474982261658, "prnt": false}
{"event": "training_step", "timestamp": 1782384220.5202491, "step": 259, "max_steps": 938, "loss": 6.173727512359619, "lr": 0.0004536899845294951, "elapsed_time": 186.6462321281433, "prnt": false}
{"event": "training_step", "timestamp": 1782384221.215787, "step": 260, "max_steps": 938, "loss": 6.1775221824646, "lr": 0.0004531491740966136, "elapsed_time": 187.34176898002625, "prnt": false}
{"event": "training_step", "timestamp": 1782384221.913913, "step": 261, "max_steps": 938, "loss": 6.235175132751465, "lr": 0.00045260555045322393, "elapsed_time": 188.03989505767822, "prnt": false}
{"event": "training_step", "timestamp": 1782384222.6134899, "step": 262, "max_steps": 938, "loss": 6.207016944885254, "lr": 0.00045205912112779897, "elapsed_time": 188.7394721508026, "prnt": false}
{"event": "training_step", "timestamp": 1782384223.3142989, "step": 263, "max_steps": 938, "loss": 6.220830917358398, "lr": 0.0004515098936876663, "elapsed_time": 189.44028115272522, "prnt": false}
{"event": "training_step", "timestamp": 1782384224.011909, "step": 264, "max_steps": 938, "loss": 6.262694835662842, "lr": 0.0004509578757389043, "elapsed_time": 190.13789105415344, "prnt": false}
{"event": "validation_step", "timestamp": 1782384227.274647, "step": 264, "max_steps": 938, "loss": 1.3367088541217476, "elapsed_time": 190.13789105415344}
{"event": "training_step", "timestamp": 1782384227.963021, "step": 265, "max_steps": 938, "loss": 6.1389570236206055, "lr": 0.00045040307492623556, "elapsed_time": 194.0890028476715, "prnt": false}
{"event": "training_step", "timestamp": 1782384228.668549, "step": 266, "max_steps": 938, "loss": 6.197197437286377, "lr": 0.00044984549893292214, "elapsed_time": 194.79453110694885, "prnt": false}
{"event": "training_step", "timestamp": 1782384229.361886, "step": 267, "max_steps": 938, "loss": 6.1549859046936035, "lr": 0.0004492851554806584, "elapsed_time": 195.48786783218384, "prnt": false}
{"event": "training_step", "timestamp": 1782384230.0509539, "step": 268, "max_steps": 938, "loss": 6.192200660705566, "lr": 0.00044872205232946463, "elapsed_time": 196.1769359111786, "prnt": false}
{"event": "training_step", "timestamp": 1782384230.735498, "step": 269, "max_steps": 938, "loss": 6.20527458190918, "lr": 0.0004481561972775792, "elapsed_time": 196.8614799976349, "prnt": false}
{"event": "training_step", "timestamp": 1782384231.418921, "step": 270, "max_steps": 938, "loss": 6.130496978759766, "lr": 0.00044758759816135063, "elapsed_time": 197.54490280151367, "prnt": false}
{"event": "training_step", "timestamp": 1782384232.1035678, "step": 271, "max_steps": 938, "loss": 6.104413032531738, "lr": 0.00044701626285512916, "elapsed_time": 198.22955012321472, "prnt": false}
{"event": "training_step", "timestamp": 1782384232.792199, "step": 272, "max_steps": 938, "loss": 6.187355041503906, "lr": 0.00044644219927115775, "elapsed_time": 198.91818118095398, "prnt": false}
{"event": "training_step", "timestamp": 1782384233.484015, "step": 273, "max_steps": 938, "loss": 6.148256301879883, "lr": 0.00044586541535946236, "elapsed_time": 199.60999703407288, "prnt": false}
{"event": "training_step", "timestamp": 1782384234.17773, "step": 274, "max_steps": 938, "loss": 6.160903453826904, "lr": 0.00044528591910774186, "elapsed_time": 200.30371189117432, "prnt": false}
{"event": "training_step", "timestamp": 1782384234.871229, "step": 275, "max_steps": 938, "loss": 6.1198883056640625, "lr": 0.0004447037185412576, "elapsed_time": 200.9972107410431, "prnt": false}
{"event": "training_step", "timestamp": 1782384235.563643, "step": 276, "max_steps": 938, "loss": 6.217257499694824, "lr": 0.00044411882172272184, "elapsed_time": 201.68962502479553, "prnt": false}
{"event": "training_step", "timestamp": 1782384236.254415, "step": 277, "max_steps": 938, "loss": 6.160261631011963, "lr": 0.00044353123675218686, "elapsed_time": 202.38039708137512, "prnt": false}
{"event": "training_step", "timestamp": 1782384236.951094, "step": 278, "max_steps": 938, "loss": 6.169682502746582, "lr": 0.00044294097176693185, "elapsed_time": 203.07707595825195, "prnt": false}
{"event": "training_step", "timestamp": 1782384237.670499, "step": 279, "max_steps": 938, "loss": 6.112393379211426, "lr": 0.00044234803494135093, "elapsed_time": 203.79648089408875, "prnt": false}
{"event": "training_step", "timestamp": 1782384238.385474, "step": 280, "max_steps": 938, "loss": 6.1414947509765625, "lr": 0.0004417524344868397, "elapsed_time": 204.51145482063293, "prnt": false}
{"event": "training_step", "timestamp": 1782384239.084846, "step": 281, "max_steps": 938, "loss": 6.109992504119873, "lr": 0.0004411541786516814, "elapsed_time": 205.2108280658722, "prnt": false}
{"event": "training_step", "timestamp": 1782384239.771811, "step": 282, "max_steps": 938, "loss": 6.137711524963379, "lr": 0.00044055327572093295, "elapsed_time": 205.8977930545807, "prnt": false}
{"event": "training_step", "timestamp": 1782384240.4579241, "step": 283, "max_steps": 938, "loss": 6.117615699768066, "lr": 0.00043994973401630973, "elapsed_time": 206.58390593528748, "prnt": false}
{"event": "training_step", "timestamp": 1782384241.141271, "step": 284, "max_steps": 938, "loss": 6.132844924926758, "lr": 0.00043934356189607126, "elapsed_time": 207.2672519683838, "prnt": false}
{"event": "training_step", "timestamp": 1782384241.818142, "step": 285, "max_steps": 938, "loss": 6.123959541320801, "lr": 0.00043873476775490417, "elapsed_time": 207.9441237449646, "prnt": false}
{"event": "training_step", "timestamp": 1782384242.503443, "step": 286, "max_steps": 938, "loss": 6.143930912017822, "lr": 0.00043812336002380727, "elapsed_time": 208.62942481040955, "prnt": false}
{"event": "training_step", "timestamp": 1782384243.213502, "step": 287, "max_steps": 938, "loss": 6.143038749694824, "lr": 0.00043750934716997375, "elapsed_time": 209.33948397636414, "prnt": false}
{"event": "training_step", "timestamp": 1782384243.921854, "step": 288, "max_steps": 938, "loss": 6.157279968261719, "lr": 0.0004368927376966743, "elapsed_time": 210.04783487319946, "prnt": false}
{"event": "training_step", "timestamp": 1782384244.622517, "step": 289, "max_steps": 938, "loss": 6.087305545806885, "lr": 0.00043627354014313973, "elapsed_time": 210.74849796295166, "prnt": false}
{"event": "training_step", "timestamp": 1782384245.317377, "step": 290, "max_steps": 938, "loss": 6.122735977172852, "lr": 0.00043565176308444205, "elapsed_time": 211.44335889816284, "prnt": false}
{"event": "training_step", "timestamp": 1782384246.011255, "step": 291, "max_steps": 938, "loss": 6.126163482666016, "lr": 0.00043502741513137605, "elapsed_time": 212.1372368335724, "prnt": false}
{"event": "training_step", "timestamp": 1782384246.713268, "step": 292, "max_steps": 938, "loss": 6.11219596862793, "lr": 0.00043440050493034015, "elapsed_time": 212.83924889564514, "prnt": false}
{"event": "training_step", "timestamp": 1782384247.4069319, "step": 293, "max_steps": 938, "loss": 6.061174392700195, "lr": 0.0004337710411632165, "elapsed_time": 213.53291392326355, "prnt": false}
{"event": "training_step", "timestamp": 1782384248.097024, "step": 294, "max_steps": 938, "loss": 6.102542877197266, "lr": 0.00043313903254725073, "elapsed_time": 214.22300696372986, "prnt": false}
{"event": "training_step", "timestamp": 1782384248.782184, "step": 295, "max_steps": 938, "loss": 6.034576892852783, "lr": 0.0004325044878349313, "elapsed_time": 214.90816593170166, "prnt": false}
{"event": "training_step", "timestamp": 1782384249.462812, "step": 296, "max_steps": 938, "loss": 6.095634460449219, "lr": 0.0004318674158138683, "elapsed_time": 215.58879494667053, "prnt": false}
{"event": "training_step", "timestamp": 1782384250.139007, "step": 297, "max_steps": 938, "loss": 6.0470123291015625, "lr": 0.00043122782530667175, "elapsed_time": 216.26498889923096, "prnt": false}
{"event": "training_step", "timestamp": 1782384250.813231, "step": 298, "max_steps": 938, "loss": 6.11920166015625, "lr": 0.00043058572517082935, "elapsed_time": 216.93921399116516, "prnt": false}
{"event": "training_step", "timestamp": 1782384251.487061, "step": 299, "max_steps": 938, "loss": 6.102669715881348, "lr": 0.0004299411242985837, "elapsed_time": 217.6130428314209, "prnt": false}
{"event": "training_step", "timestamp": 1782384252.161844, "step": 300, "max_steps": 938, "loss": 6.108336448669434, "lr": 0.00042929403161680963, "elapsed_time": 218.2878258228302, "prnt": false}
{"event": "training_step", "timestamp": 1782384252.839314, "step": 301, "max_steps": 938, "loss": 6.093017578125, "lr": 0.0004286444560868901, "elapsed_time": 218.96529579162598, "prnt": false}
{"event": "training_step", "timestamp": 1782384253.5201359, "step": 302, "max_steps": 938, "loss": 6.032822608947754, "lr": 0.0004279924067045922, "elapsed_time": 219.64611792564392, "prnt": false}
{"event": "training_step", "timestamp": 1782384254.2030451, "step": 303, "max_steps": 938, "loss": 6.029295921325684, "lr": 0.0004273378924999426, "elapsed_time": 220.32902693748474, "prnt": false}
{"event": "training_step", "timestamp": 1782384254.886569, "step": 304, "max_steps": 938, "loss": 6.124690055847168, "lr": 0.0004266809225371026, "elapsed_time": 221.01255083084106, "prnt": false}
{"event": "training_step", "timestamp": 1782384255.568352, "step": 305, "max_steps": 938, "loss": 6.085506439208984, "lr": 0.0004260215059142427, "elapsed_time": 221.6943337917328, "prnt": false}
{"event": "training_step", "timestamp": 1782384256.253667, "step": 306, "max_steps": 938, "loss": 6.11373233795166, "lr": 0.00042535965176341607, "elapsed_time": 222.37964797019958, "prnt": false}
{"event": "training_step", "timestamp": 1782384256.942799, "step": 307, "max_steps": 938, "loss": 6.098384380340576, "lr": 0.00042469536925043264, "elapsed_time": 223.06878089904785, "prnt": false}
{"event": "training_step", "timestamp": 1782384257.633852, "step": 308, "max_steps": 938, "loss": 6.034704208374023, "lr": 0.00042402866757473194, "elapsed_time": 223.7598340511322, "prnt": false}
{"event": "validation_step", "timestamp": 1782384260.883143, "step": 308, "max_steps": 938, "loss": 1.3192499015099388, "elapsed_time": 223.7598340511322}
{"event": "training_step", "timestamp": 1782384261.5503612, "step": 309, "max_steps": 938, "loss": 6.148224353790283, "lr": 0.00042335955596925566, "elapsed_time": 227.67634296417236, "prnt": false}
{"event": "training_step", "timestamp": 1782384262.233666, "step": 310, "max_steps": 938, "loss": 6.004699230194092, "lr": 0.00042268804370031995, "elapsed_time": 228.35964703559875, "prnt": false}
{"event": "training_step", "timestamp": 1782384262.904908, "step": 311, "max_steps": 938, "loss": 6.071042060852051, "lr": 0.000422014140067487, "elapsed_time": 229.03089094161987, "prnt": false}
{"event": "training_step", "timestamp": 1782384263.5737238, "step": 312, "max_steps": 938, "loss": 6.01111364364624, "lr": 0.000421337854403436, "elapsed_time": 229.69970607757568, "prnt": false}
{"event": "training_step", "timestamp": 1782384264.2419991, "step": 313, "max_steps": 938, "loss": 6.058976173400879, "lr": 0.0004206591960738345, "elapsed_time": 230.36798214912415, "prnt": false}
{"event": "training_step", "timestamp": 1782384264.909321, "step": 314, "max_steps": 938, "loss": 5.999518394470215, "lr": 0.00041997817447720823, "elapsed_time": 231.03530287742615, "prnt": false}
{"event": "training_step", "timestamp": 1782384265.577327, "step": 315, "max_steps": 938, "loss": 6.074418544769287, "lr": 0.00041929479904481085, "elapsed_time": 231.70330905914307, "prnt": false}
{"event": "training_step", "timestamp": 1782384266.2444658, "step": 316, "max_steps": 938, "loss": 6.07241153717041, "lr": 0.0004186090792404938, "elapsed_time": 232.3704481124878, "prnt": false}
{"event": "training_step", "timestamp": 1782384266.916926, "step": 317, "max_steps": 938, "loss": 6.008692741394043, "lr": 0.00041792102456057485, "elapsed_time": 233.04290795326233, "prnt": false}
{"event": "training_step", "timestamp": 1782384267.598947, "step": 318, "max_steps": 938, "loss": 6.116153240203857, "lr": 0.00041723064453370683, "elapsed_time": 233.72492790222168, "prnt": false}
{"event": "training_step", "timestamp": 1782384268.288295, "step": 319, "max_steps": 938, "loss": 6.1028289794921875, "lr": 0.0004165379487207455, "elapsed_time": 234.4142770767212, "prnt": false}
{"event": "training_step", "timestamp": 1782384268.9677382, "step": 320, "max_steps": 938, "loss": 6.0163421630859375, "lr": 0.00041584294671461716, "elapsed_time": 235.09371995925903, "prnt": false}
{"event": "training_step", "timestamp": 1782384269.64231, "step": 321, "max_steps": 938, "loss": 6.041804790496826, "lr": 0.00041514564814018606, "elapsed_time": 235.76829195022583, "prnt": false}
{"event": "training_step", "timestamp": 1782384270.3132758, "step": 322, "max_steps": 938, "loss": 6.033288955688477, "lr": 0.00041444606265412067, "elapsed_time": 236.4392580986023, "prnt": false}
{"event": "training_step", "timestamp": 1782384270.978505, "step": 323, "max_steps": 938, "loss": 6.035098075866699, "lr": 0.0004137441999447603, "elapsed_time": 237.10448694229126, "prnt": false}
{"event": "training_step", "timestamp": 1782384271.6443892, "step": 324, "max_steps": 938, "loss": 6.016446113586426, "lr": 0.0004130400697319808, "elapsed_time": 237.7703709602356, "prnt": false}
{"event": "training_step", "timestamp": 1782384272.308749, "step": 325, "max_steps": 938, "loss": 6.042664527893066, "lr": 0.0004123336817670599, "elapsed_time": 238.43473100662231, "prnt": false}
{"event": "training_step", "timestamp": 1782384272.985878, "step": 326, "max_steps": 938, "loss": 5.992349147796631, "lr": 0.00041162504583254234, "elapsed_time": 239.11186003684998, "prnt": false}
{"event": "training_step", "timestamp": 1782384273.6732109, "step": 327, "max_steps": 938, "loss": 6.006580352783203, "lr": 0.0004109141717421041, "elapsed_time": 239.7991919517517, "prnt": false}
{"event": "training_step", "timestamp": 1782384274.356715, "step": 328, "max_steps": 938, "loss": 6.083590030670166, "lr": 0.000410201069340417, "elapsed_time": 240.48269701004028, "prnt": false}
{"event": "training_step", "timestamp": 1782384275.0370932, "step": 329, "max_steps": 938, "loss": 6.087159156799316, "lr": 0.0004094857485030116, "elapsed_time": 241.16307497024536, "prnt": false}
{"event": "training_step", "timestamp": 1782384275.709842, "step": 330, "max_steps": 938, "loss": 6.1292266845703125, "lr": 0.0004087682191361413, "elapsed_time": 241.83582377433777, "prnt": false}
{"event": "training_step", "timestamp": 1782384276.385118, "step": 331, "max_steps": 938, "loss": 6.10408878326416, "lr": 0.00040804849117664444, "elapsed_time": 242.51109981536865, "prnt": false}
{"event": "training_step", "timestamp": 1782384277.049144, "step": 332, "max_steps": 938, "loss": 6.023714065551758, "lr": 0.00040732657459180714, "elapsed_time": 243.17512607574463, "prnt": false}
{"event": "training_step", "timestamp": 1782384277.715786, "step": 333, "max_steps": 938, "loss": 6.038983345031738, "lr": 0.00040660247937922495, "elapsed_time": 243.84176778793335, "prnt": false}
{"event": "training_step", "timestamp": 1782384278.39314, "step": 334, "max_steps": 938, "loss": 5.953393936157227, "lr": 0.00040587621556666483, "elapsed_time": 244.51912188529968, "prnt": false}
{"event": "training_step", "timestamp": 1782384279.07988, "step": 335, "max_steps": 938, "loss": 6.009753227233887, "lr": 0.00040514779321192563, "elapsed_time": 245.20586109161377, "prnt": false}
{"event": "training_step", "timestamp": 1782384279.765794, "step": 336, "max_steps": 938, "loss": 5.965891361236572, "lr": 0.00040441722240269946, "elapsed_time": 245.89177584648132, "prnt": false}
{"event": "training_step", "timestamp": 1782384280.446934, "step": 337, "max_steps": 938, "loss": 6.052252769470215, "lr": 0.00040368451325643157, "elapsed_time": 246.5729160308838, "prnt": false}
{"event": "training_step", "timestamp": 1782384281.117019, "step": 338, "max_steps": 938, "loss": 5.999674320220947, "lr": 0.00040294967592018033, "elapsed_time": 247.2430009841919, "prnt": false}
{"event": "training_step", "timestamp": 1782384281.791274, "step": 339, "max_steps": 938, "loss": 6.025361061096191, "lr": 0.0004022127205704769, "elapsed_time": 247.9172558784485, "prnt": false}
{"event": "training_step", "timestamp": 1782384282.4558349, "step": 340, "max_steps": 938, "loss": 6.0096435546875, "lr": 0.00040147365741318407, "elapsed_time": 248.58181715011597, "prnt": false}
{"event": "training_step", "timestamp": 1782384283.116866, "step": 341, "max_steps": 938, "loss": 5.910267353057861, "lr": 0.00040073249668335487, "elapsed_time": 249.2428479194641, "prnt": false}
{"event": "training_step", "timestamp": 1782384283.789803, "step": 342, "max_steps": 938, "loss": 5.978963851928711, "lr": 0.00039998924864509107, "elapsed_time": 249.91578483581543, "prnt": false}
{"event": "training_step", "timestamp": 1782384284.483377, "step": 343, "max_steps": 938, "loss": 6.064282417297363, "lr": 0.00039924392359140103, "elapsed_time": 250.6093590259552, "prnt": false}
{"event": "training_step", "timestamp": 1782384285.160755, "step": 344, "max_steps": 938, "loss": 5.993015766143799, "lr": 0.0003984965318440567, "elapsed_time": 251.28673696517944, "prnt": false}
{"event": "training_step", "timestamp": 1782384285.829341, "step": 345, "max_steps": 938, "loss": 5.991345405578613, "lr": 0.00039774708375345144, "elapsed_time": 251.95532274246216, "prnt": false}
{"event": "training_step", "timestamp": 1782384286.49222, "step": 346, "max_steps": 938, "loss": 6.004448890686035, "lr": 0.00039699558969845595, "elapsed_time": 252.61820197105408, "prnt": false}
{"event": "training_step", "timestamp": 1782384287.1563, "step": 347, "max_steps": 938, "loss": 6.0299224853515625, "lr": 0.0003962420600862749, "elapsed_time": 253.28228092193604, "prnt": false}
{"event": "training_step", "timestamp": 1782384287.8194501, "step": 348, "max_steps": 938, "loss": 5.963329315185547, "lr": 0.00039548650535230304, "elapsed_time": 253.94543194770813, "prnt": false}
{"event": "training_step", "timestamp": 1782384288.481232, "step": 349, "max_steps": 938, "loss": 5.9813737869262695, "lr": 0.00039472893595998, "elapsed_time": 254.60721397399902, "prnt": false}
{"event": "training_step", "timestamp": 1782384289.142702, "step": 350, "max_steps": 938, "loss": 5.9164605140686035, "lr": 0.00039396936240064577, "elapsed_time": 255.26868391036987, "prnt": false}
{"event": "training_step", "timestamp": 1782384289.804491, "step": 351, "max_steps": 938, "loss": 5.995944976806641, "lr": 0.0003932077951933959, "elapsed_time": 255.93047285079956, "prnt": false}
{"event": "training_step", "timestamp": 1782384290.4641411, "step": 352, "max_steps": 938, "loss": 5.9408769607543945, "lr": 0.00039244424488493485, "elapsed_time": 256.59012389183044, "prnt": false}
{"event": "validation_step", "timestamp": 1782384293.552711, "step": 352, "max_steps": 938, "loss": 1.3027431781717431, "elapsed_time": 256.59012389183044}
{"event": "training_step", "timestamp": 1782384294.196506, "step": 353, "max_steps": 938, "loss": 5.967133522033691, "lr": 0.0003916787220494307, "elapsed_time": 260.3224880695343, "prnt": false}
{"event": "training_step", "timestamp": 1782384294.871882, "step": 354, "max_steps": 938, "loss": 5.997806549072266, "lr": 0.0003909112372883682, "elapsed_time": 260.99786400794983, "prnt": false}
{"event": "training_step", "timestamp": 1782384295.54293, "step": 355, "max_steps": 938, "loss": 5.96858024597168, "lr": 0.00039014180123040244, "elapsed_time": 261.6689119338989, "prnt": false}
{"event": "training_step", "timestamp": 1782384296.204248, "step": 356, "max_steps": 938, "loss": 5.926294803619385, "lr": 0.00038937042453121134, "elapsed_time": 262.3302299976349, "prnt": false}
{"event": "training_step", "timestamp": 1782384296.862398, "step": 357, "max_steps": 938, "loss": 5.9083428382873535, "lr": 0.00038859711787334804, "elapsed_time": 262.98837995529175, "prnt": false}
{"event": "training_step", "timestamp": 1782384297.520416, "step": 358, "max_steps": 938, "loss": 6.010921478271484, "lr": 0.00038782189196609305, "elapsed_time": 263.64639687538147, "prnt": false}
{"event": "training_step", "timestamp": 1782384298.190172, "step": 359, "max_steps": 938, "loss": 5.928582668304443, "lr": 0.00038704475754530623, "elapsed_time": 264.3161540031433, "prnt": false}
{"event": "training_step", "timestamp": 1782384298.8496919, "step": 360, "max_steps": 938, "loss": 5.9182868003845215, "lr": 0.0003862657253732775, "elapsed_time": 264.97567415237427, "prnt": false}
{"event": "training_step", "timestamp": 1782384299.51646, "step": 361, "max_steps": 938, "loss": 5.924198627471924, "lr": 0.00038548480623857846, "elapsed_time": 265.64244198799133, "prnt": false}
{"event": "training_step", "timestamp": 1782384300.195381, "step": 362, "max_steps": 938, "loss": 5.958038330078125, "lr": 0.0003847020109559124, "elapsed_time": 266.3213629722595, "prnt": false}
{"event": "training_step", "timestamp": 1782384300.862217, "step": 363, "max_steps": 938, "loss": 5.8919782638549805, "lr": 0.00038391735036596487, "elapsed_time": 266.98819875717163, "prnt": false}
{"event": "training_step", "timestamp": 1782384301.529377, "step": 364, "max_steps": 938, "loss": 6.058806419372559, "lr": 0.0003831308353352536, "elapsed_time": 267.6553590297699, "prnt": false}
{"event": "training_step", "timestamp": 1782384302.1933062, "step": 365, "max_steps": 938, "loss": 5.964987754821777, "lr": 0.0003823424767559778, "elapsed_time": 268.3192880153656, "prnt": false}
{"event": "training_step", "timestamp": 1782384302.863688, "step": 366, "max_steps": 938, "loss": 5.925567626953125, "lr": 0.00038155228554586723, "elapsed_time": 268.9896697998047, "prnt": false}
{"event": "training_step", "timestamp": 1782384303.523239, "step": 367, "max_steps": 938, "loss": 5.99633264541626, "lr": 0.0003807602726480315, "elapsed_time": 269.6492211818695, "prnt": false}
{"event": "training_step", "timestamp": 1782384304.178952, "step": 368, "max_steps": 938, "loss": 5.949122428894043, "lr": 0.00037996644903080795, "elapsed_time": 270.3049337863922, "prnt": false}
{"event": "training_step", "timestamp": 1782384304.830163, "step": 369, "max_steps": 938, "loss": 5.955155372619629, "lr": 0.0003791708256876101, "elapsed_time": 270.9561448097229, "prnt": false}
{"event": "training_step", "timestamp": 1782384305.479349, "step": 370, "max_steps": 938, "loss": 5.920698165893555, "lr": 0.0003783734136367754, "elapsed_time": 271.6053309440613, "prnt": false}
{"event": "training_step", "timestamp": 1782384306.1254, "step": 371, "max_steps": 938, "loss": 5.992800712585449, "lr": 0.00037757422392141227, "elapsed_time": 272.2513818740845, "prnt": false}
{"event": "training_step", "timestamp": 1782384306.769234, "step": 372, "max_steps": 938, "loss": 5.90932559967041, "lr": 0.00037677326760924786, "elapsed_time": 272.8952157497406, "prnt": false}
{"event": "training_step", "timestamp": 1782384307.412572, "step": 373, "max_steps": 938, "loss": 5.9169487953186035, "lr": 0.000375970555792474, "elapsed_time": 273.5385539531708, "prnt": false}
{"event": "training_step", "timestamp": 1782384308.057227, "step": 374, "max_steps": 938, "loss": 5.929512977600098, "lr": 0.000375166099587594, "elapsed_time": 274.18320894241333, "prnt": false}
{"event": "training_step", "timestamp": 1782384308.7069938, "step": 375, "max_steps": 938, "loss": 5.970194339752197, "lr": 0.0003743599101352689, "elapsed_time": 274.832976102829, "prnt": false}
{"event": "training_step", "timestamp": 1782384309.359356, "step": 376, "max_steps": 938, "loss": 5.912142276763916, "lr": 0.0003735519986001627, "elapsed_time": 275.485337972641, "prnt": false}
{"event": "training_step", "timestamp": 1782384310.015132, "step": 377, "max_steps": 938, "loss": 5.965775012969971, "lr": 0.000372742376170788, "elapsed_time": 276.14111399650574, "prnt": false}
{"event": "training_step", "timestamp": 1782384310.68838, "step": 378, "max_steps": 938, "loss": 5.924530029296875, "lr": 0.0003719310540593512, "elapsed_time": 276.8143620491028, "prnt": false}
{"event": "training_step", "timestamp": 1782384311.352139, "step": 379, "max_steps": 938, "loss": 5.9082136154174805, "lr": 0.0003711180435015969, "elapsed_time": 277.478120803833, "prnt": false}
{"event": "training_step", "timestamp": 1782384312.014474, "step": 380, "max_steps": 938, "loss": 5.914306640625, "lr": 0.0003703033557566525, "elapsed_time": 278.1404559612274, "prnt": false}
{"event": "training_step", "timestamp": 1782384312.6747909, "step": 381, "max_steps": 938, "loss": 5.816226959228516, "lr": 0.00036948700210687223, "elapsed_time": 278.8007731437683, "prnt": false}
{"event": "training_step", "timestamp": 1782384313.341111, "step": 382, "max_steps": 938, "loss": 5.980589866638184, "lr": 0.00036866899385768105, "elapsed_time": 279.4670920372009, "prnt": false}
{"event": "training_step", "timestamp": 1782384314.007953, "step": 383, "max_steps": 938, "loss": 5.952091217041016, "lr": 0.0003678493423374177, "elapsed_time": 280.1339349746704, "prnt": false}
{"event": "training_step", "timestamp": 1782384314.6655538, "step": 384, "max_steps": 938, "loss": 5.882874011993408, "lr": 0.0003670280588971782, "elapsed_time": 280.7915358543396, "prnt": false}
{"event": "training_step", "timestamp": 1782384315.337821, "step": 385, "max_steps": 938, "loss": 5.919919013977051, "lr": 0.00036620515491065866, "elapsed_time": 281.46380281448364, "prnt": false}
{"event": "training_step", "timestamp": 1782384316.003786, "step": 386, "max_steps": 938, "loss": 5.933923721313477, "lr": 0.00036538064177399745, "elapsed_time": 282.1297678947449, "prnt": false}
{"event": "training_step", "timestamp": 1782384316.664277, "step": 387, "max_steps": 938, "loss": 5.885036945343018, "lr": 0.0003645545309056174, "elapsed_time": 282.79025888442993, "prnt": false}
{"event": "training_step", "timestamp": 1782384317.322926, "step": 388, "max_steps": 938, "loss": 5.922413349151611, "lr": 0.0003637268337460681, "elapsed_time": 283.44890809059143, "prnt": false}
{"event": "training_step", "timestamp": 1782384317.980764, "step": 389, "max_steps": 938, "loss": 5.895428657531738, "lr": 0.00036289756175786716, "elapsed_time": 284.10674691200256, "prnt": false}
{"event": "training_step", "timestamp": 1782384318.645227, "step": 390, "max_steps": 938, "loss": 5.872713088989258, "lr": 0.0003620667264253414, "elapsed_time": 284.77120900154114, "prnt": false}
{"event": "training_step", "timestamp": 1782384319.299986, "step": 391, "max_steps": 938, "loss": 5.83522891998291, "lr": 0.00036123433925446793, "elapsed_time": 285.42596793174744, "prnt": false}
{"event": "training_step", "timestamp": 1782384319.953896, "step": 392, "max_steps": 938, "loss": 5.927948951721191, "lr": 0.0003604004117727147, "elapsed_time": 286.0798771381378, "prnt": false}
{"event": "training_step", "timestamp": 1782384320.613587, "step": 393, "max_steps": 938, "loss": 5.888190269470215, "lr": 0.0003595649555288812, "elapsed_time": 286.7395689487457, "prnt": false}
{"event": "training_step", "timestamp": 1782384321.269024, "step": 394, "max_steps": 938, "loss": 5.871380805969238, "lr": 0.00035872798209293793, "elapsed_time": 287.395005941391, "prnt": false}
{"event": "training_step", "timestamp": 1782384321.9237702, "step": 395, "max_steps": 938, "loss": 5.945478916168213, "lr": 0.0003578895030558667, "elapsed_time": 288.049751996994, "prnt": false}
{"event": "training_step", "timestamp": 1782384322.5768661, "step": 396, "max_steps": 938, "loss": 5.895573139190674, "lr": 0.0003570495300294999, "elapsed_time": 288.7028479576111, "prnt": false}
{"event": "validation_step", "timestamp": 1782384325.585104, "step": 396, "max_steps": 938, "loss": 1.2898696746816445, "elapsed_time": 288.7028479576111}
{"event": "training_step", "timestamp": 1782384326.21904, "step": 397, "max_steps": 938, "loss": 5.922228813171387, "lr": 0.0003562080746463598, "elapsed_time": 292.3450219631195, "prnt": false}
{"event": "training_step", "timestamp": 1782384326.864772, "step": 398, "max_steps": 938, "loss": 5.968000411987305, "lr": 0.00035536514855949707, "elapsed_time": 292.99075388908386, "prnt": false}
{"event": "training_step", "timestamp": 1782384327.5059981, "step": 399, "max_steps": 938, "loss": 5.855851650238037, "lr": 0.00035452076344233, "elapsed_time": 293.6319799423218, "prnt": false}
{"event": "training_step", "timestamp": 1782384328.1458602, "step": 400, "max_steps": 938, "loss": 5.899339199066162, "lr": 0.0003536749309884823, "elapsed_time": 294.27184200286865, "prnt": false}
{"event": "training_step", "timestamp": 1782384328.7854662, "step": 401, "max_steps": 938, "loss": 5.860772132873535, "lr": 0.00035282766291162165, "elapsed_time": 294.9114480018616, "prnt": false}
{"event": "training_step", "timestamp": 1782384329.4304278, "step": 402, "max_steps": 938, "loss": 5.88692045211792, "lr": 0.0003519789709452969, "elapsed_time": 295.556410074234, "prnt": false}
{"event": "training_step", "timestamp": 1782384330.080522, "step": 403, "max_steps": 938, "loss": 5.917985916137695, "lr": 0.00035112886684277625, "elapsed_time": 296.206503868103, "prnt": false}
{"event": "training_step", "timestamp": 1782384330.732285, "step": 404, "max_steps": 938, "loss": 5.840463638305664, "lr": 0.00035027736237688373, "elapsed_time": 296.85826683044434, "prnt": false}
{"event": "training_step", "timestamp": 1782384331.3853319, "step": 405, "max_steps": 938, "loss": 5.816781044006348, "lr": 0.00034942446933983694, "elapsed_time": 297.5113139152527, "prnt": false}
{"event": "training_step", "timestamp": 1782384332.036216, "step": 406, "max_steps": 938, "loss": 5.9018635749816895, "lr": 0.0003485701995430831, "elapsed_time": 298.1621980667114, "prnt": false}
{"event": "training_step", "timestamp": 1782384332.688632, "step": 407, "max_steps": 938, "loss": 5.850846290588379, "lr": 0.000347714564817136, "elapsed_time": 298.8146140575409, "prnt": false}
{"event": "training_step", "timestamp": 1782384333.338217, "step": 408, "max_steps": 938, "loss": 5.871188163757324, "lr": 0.00034685757701141164, "elapsed_time": 299.46419882774353, "prnt": false}
{"event": "training_step", "timestamp": 1782384333.985929, "step": 409, "max_steps": 938, "loss": 5.838226795196533, "lr": 0.00034599924799406446, "elapsed_time": 300.1119108200073, "prnt": false}
{"event": "training_step", "timestamp": 1782384334.628787, "step": 410, "max_steps": 938, "loss": 5.930636405944824, "lr": 0.00034513958965182303, "elapsed_time": 300.7547688484192, "prnt": false}
{"event": "training_step", "timestamp": 1782384335.269334, "step": 411, "max_steps": 938, "loss": 5.873176574707031, "lr": 0.0003442786138898253, "elapsed_time": 301.3953158855438, "prnt": false}
{"event": "training_step", "timestamp": 1782384335.908424, "step": 412, "max_steps": 938, "loss": 5.857091426849365, "lr": 0.00034341633263145366, "elapsed_time": 302.03440594673157, "prnt": false}
{"event": "training_step", "timestamp": 1782384336.546954, "step": 413, "max_steps": 938, "loss": 5.8228912353515625, "lr": 0.00034255275781816985, "elapsed_time": 302.672935962677, "prnt": false}
{"event": "training_step", "timestamp": 1782384337.185459, "step": 414, "max_steps": 938, "loss": 5.8533759117126465, "lr": 0.00034168790140934996, "elapsed_time": 303.31144094467163, "prnt": false}
{"event": "training_step", "timestamp": 1782384337.824116, "step": 415, "max_steps": 938, "loss": 5.808165550231934, "lr": 0.0003408217753821182, "elapsed_time": 303.95009779930115, "prnt": false}
{"event": "training_step", "timestamp": 1782384338.4629061, "step": 416, "max_steps": 938, "loss": 5.840139389038086, "lr": 0.0003399543917311813, "elapsed_time": 304.5888879299164, "prnt": false}
{"event": "training_step", "timestamp": 1782384339.104268, "step": 417, "max_steps": 938, "loss": 5.8199005126953125, "lr": 0.0003390857624686626, "elapsed_time": 305.2302498817444, "prnt": false}
{"event": "training_step", "timestamp": 1782384339.747226, "step": 418, "max_steps": 938, "loss": 5.862627029418945, "lr": 0.0003382158996239356, "elapsed_time": 305.8732080459595, "prnt": false}
{"event": "training_step", "timestamp": 1782384340.391705, "step": 419, "max_steps": 938, "loss": 5.8334760665893555, "lr": 0.000337344815243457, "elapsed_time": 306.51768708229065, "prnt": false}
{"event": "training_step", "timestamp": 1782384341.0342798, "step": 420, "max_steps": 938, "loss": 5.8435797691345215, "lr": 0.0003364725213906003, "elapsed_time": 307.16026186943054, "prnt": false}
{"event": "training_step", "timestamp": 1782384341.6771588, "step": 421, "max_steps": 938, "loss": 5.853668689727783, "lr": 0.0003355990301454887, "elapsed_time": 307.80314111709595, "prnt": false}
{"event": "training_step", "timestamp": 1782384342.316684, "step": 422, "max_steps": 938, "loss": 5.874574661254883, "lr": 0.00033472435360482766, "elapsed_time": 308.442666053772, "prnt": false}
{"event": "training_step", "timestamp": 1782384342.961368, "step": 423, "max_steps": 938, "loss": 5.785460948944092, "lr": 0.00033384850388173726, "elapsed_time": 309.0873498916626, "prnt": false}
{"event": "training_step", "timestamp": 1782384343.6035159, "step": 424, "max_steps": 938, "loss": 5.835648536682129, "lr": 0.00033297149310558484, "elapsed_time": 309.7294981479645, "prnt": false}
{"event": "training_step", "timestamp": 1782384344.246089, "step": 425, "max_steps": 938, "loss": 5.844061851501465, "lr": 0.00033209333342181657, "elapsed_time": 310.37207198143005, "prnt": false}
{"event": "training_step", "timestamp": 1782384344.890135, "step": 426, "max_steps": 938, "loss": 5.832406997680664, "lr": 0.0003312140369917898, "elapsed_time": 311.0161168575287, "prnt": false}
{"event": "training_step", "timestamp": 1782384345.5318432, "step": 427, "max_steps": 938, "loss": 5.78732442855835, "lr": 0.0003303336159926041, "elapsed_time": 311.65782499313354, "prnt": false}
{"event": "training_step", "timestamp": 1782384346.171917, "step": 428, "max_steps": 938, "loss": 5.829733848571777, "lr": 0.0003294520826169328, "elapsed_time": 312.29789900779724, "prnt": false}
{"event": "training_step", "timestamp": 1782384346.808673, "step": 429, "max_steps": 938, "loss": 5.7472052574157715, "lr": 0.00032856944907285433, "elapsed_time": 312.9346549510956, "prnt": false}
{"event": "training_step", "timestamp": 1782384347.4426298, "step": 430, "max_steps": 938, "loss": 5.821476936340332, "lr": 0.00032768572758368284, "elapsed_time": 313.56861209869385, "prnt": false}
{"event": "training_step", "timestamp": 1782384348.0776, "step": 431, "max_steps": 938, "loss": 5.769955635070801, "lr": 0.0003268009303877993, "elapsed_time": 314.20358180999756, "prnt": false}
{"event": "training_step", "timestamp": 1782384348.712081, "step": 432, "max_steps": 938, "loss": 5.840637683868408, "lr": 0.0003259150697384816, "elapsed_time": 314.8380630016327, "prnt": false}
{"event": "training_step", "timestamp": 1782384349.348952, "step": 433, "max_steps": 938, "loss": 5.825412273406982, "lr": 0.0003250281579037352, "elapsed_time": 315.47493290901184, "prnt": false}
{"event": "training_step", "timestamp": 1782384349.986798, "step": 434, "max_steps": 938, "loss": 5.842479228973389, "lr": 0.00032414020716612307, "elapsed_time": 316.11278009414673, "prnt": false}
{"event": "training_step", "timestamp": 1782384350.624678, "step": 435, "max_steps": 938, "loss": 5.803216934204102, "lr": 0.00032325122982259556, "elapsed_time": 316.75065994262695, "prnt": false}
{"event": "training_step", "timestamp": 1782384351.264054, "step": 436, "max_steps": 938, "loss": 5.754186630249023, "lr": 0.00032236123818432026, "elapsed_time": 317.39003586769104, "prnt": false}
{"event": "training_step", "timestamp": 1782384351.906372, "step": 437, "max_steps": 938, "loss": 5.757012367248535, "lr": 0.00032147024457651125, "elapsed_time": 318.0323541164398, "prnt": false}
{"event": "training_step", "timestamp": 1782384352.548673, "step": 438, "max_steps": 938, "loss": 5.862249374389648, "lr": 0.00032057826133825867, "elapsed_time": 318.6746549606323, "prnt": false}
{"event": "training_step", "timestamp": 1782384353.187829, "step": 439, "max_steps": 938, "loss": 5.821608543395996, "lr": 0.00031968530082235785, "elapsed_time": 319.3138108253479, "prnt": false}
{"event": "training_step", "timestamp": 1782384353.826968, "step": 440, "max_steps": 938, "loss": 5.8401265144348145, "lr": 0.000318791375395138, "elapsed_time": 319.9529490470886, "prnt": false}
{"event": "validation_step", "timestamp": 1782384356.787584, "step": 440, "max_steps": 938, "loss": 1.2786652950319293, "elapsed_time": 319.9529490470886}
{"event": "training_step", "timestamp": 1782384357.442254, "step": 441, "max_steps": 938, "loss": 5.824522972106934, "lr": 0.000317896497436291, "elapsed_time": 323.568235874176, "prnt": false}
{"event": "training_step", "timestamp": 1782384358.0910568, "step": 442, "max_steps": 938, "loss": 5.768702507019043, "lr": 0.00031700067933870026, "elapsed_time": 324.21703910827637, "prnt": false}
{"event": "training_step", "timestamp": 1782384358.732288, "step": 443, "max_steps": 938, "loss": 5.867593765258789, "lr": 0.00031610393350826877, "elapsed_time": 324.85826992988586, "prnt": false}
{"event": "training_step", "timestamp": 1782384359.3722591, "step": 444, "max_steps": 938, "loss": 5.744183540344238, "lr": 0.0003152062723637473, "elapsed_time": 325.4982409477234, "prnt": false}
{"event": "training_step", "timestamp": 1782384360.011192, "step": 445, "max_steps": 938, "loss": 5.813475608825684, "lr": 0.00031430770833656263, "elapsed_time": 326.1371738910675, "prnt": false}
{"event": "training_step", "timestamp": 1782384360.64893, "step": 446, "max_steps": 938, "loss": 5.7496843338012695, "lr": 0.0003134082538706452, "elapsed_time": 326.77491188049316, "prnt": false}
{"event": "training_step", "timestamp": 1782384361.287756, "step": 447, "max_steps": 938, "loss": 5.780752182006836, "lr": 0.000312507921422257, "elapsed_time": 327.41373801231384, "prnt": false}
{"event": "training_step", "timestamp": 1782384361.923433, "step": 448, "max_steps": 938, "loss": 5.736289978027344, "lr": 0.00031160672345981893, "elapsed_time": 328.04941487312317, "prnt": false}
{"event": "training_step", "timestamp": 1782384362.5584252, "step": 449, "max_steps": 938, "loss": 5.793740272521973, "lr": 0.0003107046724637379, "elapsed_time": 328.6844069957733, "prnt": false}
{"event": "training_step", "timestamp": 1782384363.191233, "step": 450, "max_steps": 938, "loss": 5.817814350128174, "lr": 0.0003098017809262343, "elapsed_time": 329.3172149658203, "prnt": false}
{"event": "training_step", "timestamp": 1782384363.824221, "step": 451, "max_steps": 938, "loss": 5.747230052947998, "lr": 0.000308898061351169, "elapsed_time": 329.9502019882202, "prnt": false}
{"event": "training_step", "timestamp": 1782384364.455457, "step": 452, "max_steps": 938, "loss": 5.862583160400391, "lr": 0.0003079935262538701, "elapsed_time": 330.5814390182495, "prnt": false}
{"event": "training_step", "timestamp": 1782384365.085782, "step": 453, "max_steps": 938, "loss": 5.84311580657959, "lr": 0.00030708818816095954, "elapsed_time": 331.21176385879517, "prnt": false}
{"event": "training_step", "timestamp": 1782384365.7171168, "step": 454, "max_steps": 938, "loss": 5.752571105957031, "lr": 0.0003061820596101797, "elapsed_time": 331.8430988788605, "prnt": false}
{"event": "training_step", "timestamp": 1782384366.347883, "step": 455, "max_steps": 938, "loss": 5.7804274559021, "lr": 0.00030527515315021975, "elapsed_time": 332.47386503219604, "prnt": false}
{"event": "training_step", "timestamp": 1782384366.9787421, "step": 456, "max_steps": 938, "loss": 5.76051139831543, "lr": 0.00030436748134054207, "elapsed_time": 333.1047239303589, "prnt": false}
{"event": "training_step", "timestamp": 1782384367.6167831, "step": 457, "max_steps": 938, "loss": 5.779536247253418, "lr": 0.0003034590567512079, "elapsed_time": 333.7427649497986, "prnt": false}
{"event": "training_step", "timestamp": 1782384368.2581382, "step": 458, "max_steps": 938, "loss": 5.767386436462402, "lr": 0.0003025498919627034, "elapsed_time": 334.3841199874878, "prnt": false}
{"event": "training_step", "timestamp": 1782384368.897225, "step": 459, "max_steps": 938, "loss": 5.775358200073242, "lr": 0.0003016399995657658, "elapsed_time": 335.023206949234, "prnt": false}
{"event": "training_step", "timestamp": 1782384369.5386791, "step": 460, "max_steps": 938, "loss": 5.734091281890869, "lr": 0.0003007293921612087, "elapsed_time": 335.66466093063354, "prnt": false}
{"event": "training_step", "timestamp": 1782384370.180737, "step": 461, "max_steps": 938, "loss": 5.737728595733643, "lr": 0.0002998180823597474, "elapsed_time": 336.30671787261963, "prnt": false}
{"event": "training_step", "timestamp": 1782384370.821221, "step": 462, "max_steps": 938, "loss": 5.833302021026611, "lr": 0.00029890608278182473, "elapsed_time": 336.9472029209137, "prnt": false}
{"event": "training_step", "timestamp": 1782384371.4606972, "step": 463, "max_steps": 938, "loss": 5.842936992645264, "lr": 0.0002979934060574358, "elapsed_time": 337.586678981781, "prnt": false}
{"event": "training_step", "timestamp": 1782384372.097955, "step": 464, "max_steps": 938, "loss": 5.870886325836182, "lr": 0.0002970800648259535, "elapsed_time": 338.22393703460693, "prnt": false}
{"event": "training_step", "timestamp": 1782384372.7324831, "step": 465, "max_steps": 938, "loss": 5.845404624938965, "lr": 0.0002961660717359531, "elapsed_time": 338.85846495628357, "prnt": false}
{"event": "training_step", "timestamp": 1782384373.367149, "step": 466, "max_steps": 938, "loss": 5.772204399108887, "lr": 0.00029525143944503744, "elapsed_time": 339.4931309223175, "prnt": false}
{"event": "training_step", "timestamp": 1782384373.9988322, "step": 467, "max_steps": 938, "loss": 5.770644187927246, "lr": 0.0002943361806196612, "elapsed_time": 340.1248149871826, "prnt": false}
{"event": "training_step", "timestamp": 1782384374.629546, "step": 468, "max_steps": 938, "loss": 5.717712879180908, "lr": 0.000293420307934956, "elapsed_time": 340.75552797317505, "prnt": false}
{"event": "training_step", "timestamp": 1782384375.258673, "step": 469, "max_steps": 938, "loss": 5.754067420959473, "lr": 0.0002925038340745544, "elapsed_time": 341.3846549987793, "prnt": false}
{"event": "training_step", "timestamp": 1782384375.889056, "step": 470, "max_steps": 938, "loss": 5.698879241943359, "lr": 0.00029158677173041464, "elapsed_time": 342.01503801345825, "prnt": false}
{"event": "training_step", "timestamp": 1782384376.519983, "step": 471, "max_steps": 938, "loss": 5.790489196777344, "lr": 0.00029066913360264454, "elapsed_time": 342.6459650993347, "prnt": false}
{"event": "training_step", "timestamp": 1782384377.151565, "step": 472, "max_steps": 938, "loss": 5.752840995788574, "lr": 0.00028975093239932574, "elapsed_time": 343.2775468826294, "prnt": false}
{"event": "training_step", "timestamp": 1782384377.784031, "step": 473, "max_steps": 938, "loss": 5.78425407409668, "lr": 0.0002888321808363379, "elapsed_time": 343.91001296043396, "prnt": false}
{"event": "training_step", "timestamp": 1782384378.414942, "step": 474, "max_steps": 938, "loss": 5.745013236999512, "lr": 0.0002879128916371823, "elapsed_time": 344.54092383384705, "prnt": false}
{"event": "training_step", "timestamp": 1782384379.046942, "step": 475, "max_steps": 938, "loss": 5.671000003814697, "lr": 0.0002869930775328059, "elapsed_time": 345.17292380332947, "prnt": false}
{"event": "training_step", "timestamp": 1782384379.679306, "step": 476, "max_steps": 938, "loss": 5.728219509124756, "lr": 0.00028607275126142477, "elapsed_time": 345.8052878379822, "prnt": false}
{"event": "training_step", "timestamp": 1782384380.316604, "step": 477, "max_steps": 938, "loss": 5.8221869468688965, "lr": 0.0002851519255683479, "elapsed_time": 346.442586183548, "prnt": false}
{"event": "training_step", "timestamp": 1782384380.953666, "step": 478, "max_steps": 938, "loss": 5.741827964782715, "lr": 0.0002842306132058006, "elapsed_time": 347.0796480178833, "prnt": false}
{"event": "training_step", "timestamp": 1782384381.5923672, "step": 479, "max_steps": 938, "loss": 5.74243688583374, "lr": 0.0002833088269327479, "elapsed_time": 347.71834897994995, "prnt": false}
{"event": "training_step", "timestamp": 1782384382.229224, "step": 480, "max_steps": 938, "loss": 5.762678146362305, "lr": 0.00028238657951471776, "elapsed_time": 348.35520577430725, "prnt": false}
{"event": "training_step", "timestamp": 1782384382.863573, "step": 481, "max_steps": 938, "loss": 5.789669990539551, "lr": 0.0002814638837236246, "elapsed_time": 348.98955488204956, "prnt": false}
{"event": "training_step", "timestamp": 1782384383.496542, "step": 482, "max_steps": 938, "loss": 5.720880508422852, "lr": 0.0002805407523375922, "elapsed_time": 349.62252283096313, "prnt": false}
{"event": "training_step", "timestamp": 1782384384.126047, "step": 483, "max_steps": 938, "loss": 5.740906238555908, "lr": 0.00027961719814077664, "elapsed_time": 350.25202894210815, "prnt": false}
{"event": "training_step", "timestamp": 1782384384.753974, "step": 484, "max_steps": 938, "loss": 5.673226833343506, "lr": 0.00027869323392318925, "elapsed_time": 350.8799560070038, "prnt": false}
{"event": "validation_step", "timestamp": 1782384387.681055, "step": 484, "max_steps": 938, "loss": 1.2697908556811832, "elapsed_time": 350.8799560070038}
{"event": "training_step", "timestamp": 1782384388.307792, "step": 485, "max_steps": 938, "loss": 5.747900485992432, "lr": 0.00027776887248052003, "elapsed_time": 354.4337739944458, "prnt": false}
{"event": "training_step", "timestamp": 1782384388.947168, "step": 486, "max_steps": 938, "loss": 5.6949052810668945, "lr": 0.00027684412661395955, "elapsed_time": 355.0731499195099, "prnt": false}
{"event": "training_step", "timestamp": 1782384389.582838, "step": 487, "max_steps": 938, "loss": 5.731015205383301, "lr": 0.0002759190091300225, "elapsed_time": 355.7088198661804, "prnt": false}
{"event": "training_step", "timestamp": 1782384390.216485, "step": 488, "max_steps": 938, "loss": 5.758267402648926, "lr": 0.0002749935328403697, "elapsed_time": 356.34246706962585, "prnt": false}
{"event": "training_step", "timestamp": 1782384390.850601, "step": 489, "max_steps": 938, "loss": 5.727952003479004, "lr": 0.00027406771056163125, "elapsed_time": 356.9765827655792, "prnt": false}
{"event": "training_step", "timestamp": 1782384391.4850502, "step": 490, "max_steps": 938, "loss": 5.686246871948242, "lr": 0.0002731415551152286, "elapsed_time": 357.61103200912476, "prnt": false}
{"event": "training_step", "timestamp": 1782384392.117362, "step": 491, "max_steps": 938, "loss": 5.6664628982543945, "lr": 0.00027221507932719696, "elapsed_time": 358.2433440685272, "prnt": false}
{"event": "training_step", "timestamp": 1782384392.7490938, "step": 492, "max_steps": 938, "loss": 5.768462181091309, "lr": 0.0002712882960280082, "elapsed_time": 358.87507605552673, "prnt": false}
{"event": "training_step", "timestamp": 1782384393.379288, "step": 493, "max_steps": 938, "loss": 5.682596683502197, "lr": 0.00027036121805239254, "elapsed_time": 359.50527000427246, "prnt": false}
{"event": "training_step", "timestamp": 1782384394.00987, "step": 494, "max_steps": 938, "loss": 5.677978515625, "lr": 0.00026943385823916124, "elapsed_time": 360.13585209846497, "prnt": false}
{"event": "training_step", "timestamp": 1782384394.639074, "step": 495, "max_steps": 938, "loss": 5.683028221130371, "lr": 0.0002685062294310285, "elapsed_time": 360.7650558948517, "prnt": false}
{"event": "training_step", "timestamp": 1782384395.268588, "step": 496, "max_steps": 938, "loss": 5.6983137130737305, "lr": 0.0002675783444744339, "elapsed_time": 361.3945698738098, "prnt": false}
{"event": "training_step", "timestamp": 1782384395.896876, "step": 497, "max_steps": 938, "loss": 5.653088092803955, "lr": 0.00026665021621936414, "elapsed_time": 362.0228588581085, "prnt": false}
{"event": "training_step", "timestamp": 1782384396.5270011, "step": 498, "max_steps": 938, "loss": 5.812509536743164, "lr": 0.0002657218575191755, "elapsed_time": 362.65298295021057, "prnt": false}
{"event": "training_step", "timestamp": 1782384397.1565819, "step": 499, "max_steps": 938, "loss": 5.733848571777344, "lr": 0.00026479328123041557, "elapsed_time": 363.282564163208, "prnt": false}
{"event": "training_step", "timestamp": 1782384397.786073, "step": 500, "max_steps": 938, "loss": 5.694162368774414, "lr": 0.00026386450021264517, "elapsed_time": 363.91205501556396, "prnt": false}
{"event": "training_step", "timestamp": 1782384398.41461, "step": 501, "max_steps": 938, "loss": 5.745212078094482, "lr": 0.0002629355273282603, "elapsed_time": 364.54059290885925, "prnt": false}
{"event": "training_step", "timestamp": 1782384399.043214, "step": 502, "max_steps": 938, "loss": 5.706752777099609, "lr": 0.00026200637544231435, "elapsed_time": 365.16919589042664, "prnt": false}
{"event": "training_step", "timestamp": 1782384399.671975, "step": 503, "max_steps": 938, "loss": 5.716723442077637, "lr": 0.00026107705742233926, "elapsed_time": 365.79795718193054, "prnt": false}
{"event": "training_step", "timestamp": 1782384400.3038568, "step": 504, "max_steps": 938, "loss": 5.68331241607666, "lr": 0.00026014758613816796, "elapsed_time": 366.4298391342163, "prnt": false}
{"event": "training_step", "timestamp": 1782384400.9373639, "step": 505, "max_steps": 938, "loss": 5.761490821838379, "lr": 0.0002592179744617559, "elapsed_time": 367.06334590911865, "prnt": false}
{"event": "training_step", "timestamp": 1782384401.572444, "step": 506, "max_steps": 938, "loss": 5.672264099121094, "lr": 0.00025828823526700257, "elapsed_time": 367.6984260082245, "prnt": false}
{"event": "training_step", "timestamp": 1782384402.206955, "step": 507, "max_steps": 938, "loss": 5.684195041656494, "lr": 0.00025735838142957365, "elapsed_time": 368.332937002182, "prnt": false}
{"event": "training_step", "timestamp": 1782384402.839681, "step": 508, "max_steps": 938, "loss": 5.696684837341309, "lr": 0.00025642842582672236, "elapsed_time": 368.9656629562378, "prnt": false}
{"event": "training_step", "timestamp": 1782384403.471294, "step": 509, "max_steps": 938, "loss": 5.738871097564697, "lr": 0.00025549838133711114, "elapsed_time": 369.59727597236633, "prnt": false}
{"event": "training_step", "timestamp": 1782384404.1002932, "step": 510, "max_steps": 938, "loss": 5.670437812805176, "lr": 0.00025456826084063364, "elapsed_time": 370.2262749671936, "prnt": false}
{"event": "training_step", "timestamp": 1782384404.728798, "step": 511, "max_steps": 938, "loss": 5.73412561416626, "lr": 0.000253638077218236, "elapsed_time": 370.854779958725, "prnt": false}
{"event": "training_step", "timestamp": 1782384405.355655, "step": 512, "max_steps": 938, "loss": 5.689709186553955, "lr": 0.00025270784335173845, "elapsed_time": 371.4816370010376, "prnt": false}
{"event": "training_step", "timestamp": 1782384405.9837818, "step": 513, "max_steps": 938, "loss": 5.6801557540893555, "lr": 0.0002517775721236571, "elapsed_time": 372.1097640991211, "prnt": false}
{"event": "training_step", "timestamp": 1782384406.6123729, "step": 514, "max_steps": 938, "loss": 5.675813674926758, "lr": 0.00025084727641702556, "elapsed_time": 372.7383539676666, "prnt": false}
{"event": "training_step", "timestamp": 1782384407.241264, "step": 515, "max_steps": 938, "loss": 5.587254524230957, "lr": 0.0002499169691152164, "elapsed_time": 373.36724615097046, "prnt": false}
{"event": "training_step", "timestamp": 1782384407.872144, "step": 516, "max_steps": 938, "loss": 5.736842632293701, "lr": 0.0002489866631017626, "elapsed_time": 373.99812602996826, "prnt": false}
{"event": "training_step", "timestamp": 1782384408.50226, "step": 517, "max_steps": 938, "loss": 5.720100402832031, "lr": 0.00024805637126017963, "elapsed_time": 374.6282408237457, "prnt": false}
{"event": "training_step", "timestamp": 1782384409.1338282, "step": 518, "max_steps": 938, "loss": 5.655892372131348, "lr": 0.0002471261064737863, "elapsed_time": 375.2598099708557, "prnt": false}
{"event": "training_step", "timestamp": 1782384409.76493, "step": 519, "max_steps": 938, "loss": 5.692468166351318, "lr": 0.0002461958816255272, "elapsed_time": 375.89091205596924, "prnt": false}
{"event": "training_step", "timestamp": 1782384410.397552, "step": 520, "max_steps": 938, "loss": 5.71121883392334, "lr": 0.00024526570959779333, "elapsed_time": 376.5235331058502, "prnt": false}
{"event": "training_step", "timestamp": 1782384411.032216, "step": 521, "max_steps": 938, "loss": 5.656999588012695, "lr": 0.0002443356032722445, "elapsed_time": 377.15819787979126, "prnt": false}
{"event": "training_step", "timestamp": 1782384411.669386, "step": 522, "max_steps": 938, "loss": 5.697278022766113, "lr": 0.0002434055755296307, "elapsed_time": 377.7953679561615, "prnt": false}
{"event": "training_step", "timestamp": 1782384412.305332, "step": 523, "max_steps": 938, "loss": 5.666050910949707, "lr": 0.00024247563924961337, "elapsed_time": 378.43131399154663, "prnt": false}
{"event": "training_step", "timestamp": 1782384412.9404988, "step": 524, "max_steps": 938, "loss": 5.636045455932617, "lr": 0.00024154580731058749, "elapsed_time": 379.06648087501526, "prnt": false}
{"event": "training_step", "timestamp": 1782384413.573468, "step": 525, "max_steps": 938, "loss": 5.608999729156494, "lr": 0.00024061609258950315, "elapsed_time": 379.69945001602173, "prnt": false}
{"event": "training_step", "timestamp": 1782384414.204897, "step": 526, "max_steps": 938, "loss": 5.695869445800781, "lr": 0.00023968650796168687, "elapsed_time": 380.3308789730072, "prnt": false}
{"event": "training_step", "timestamp": 1782384414.834303, "step": 527, "max_steps": 938, "loss": 5.671229362487793, "lr": 0.0002387570663006638, "elapsed_time": 380.960284948349, "prnt": false}
{"event": "training_step", "timestamp": 1782384415.462983, "step": 528, "max_steps": 938, "loss": 5.647663116455078, "lr": 0.00023782778047797898, "elapsed_time": 381.588965177536, "prnt": false}
{"event": "validation_step", "timestamp": 1782384418.38966, "step": 528, "max_steps": 938, "loss": 1.2615128714967772, "elapsed_time": 381.588965177536}
{"event": "training_step", "timestamp": 1782384419.012962, "step": 529, "max_steps": 938, "loss": 5.714491844177246, "lr": 0.00023689866336301936, "elapsed_time": 385.13894391059875, "prnt": false}
{"event": "training_step", "timestamp": 1782384419.64893, "step": 530, "max_steps": 938, "loss": 5.660085201263428, "lr": 0.00023596972782283568, "elapsed_time": 385.77491188049316, "prnt": false}
{"event": "training_step", "timestamp": 1782384420.283276, "step": 531, "max_steps": 938, "loss": 5.6862945556640625, "lr": 0.00023504098672196377, "elapsed_time": 386.40925788879395, "prnt": false}
{"event": "training_step", "timestamp": 1782384420.916085, "step": 532, "max_steps": 938, "loss": 5.744770050048828, "lr": 0.00023411245292224704, "elapsed_time": 387.04206681251526, "prnt": false}
{"event": "training_step", "timestamp": 1782384421.552781, "step": 533, "max_steps": 938, "loss": 5.647351264953613, "lr": 0.00023318413928265802, "elapsed_time": 387.67876291275024, "prnt": false}
{"event": "training_step", "timestamp": 1782384422.186713, "step": 534, "max_steps": 938, "loss": 5.684302806854248, "lr": 0.00023225605865912012, "elapsed_time": 388.3126950263977, "prnt": false}
{"event": "training_step", "timestamp": 1782384422.82051, "step": 535, "max_steps": 938, "loss": 5.644443988800049, "lr": 0.0002313282239043299, "elapsed_time": 388.9464919567108, "prnt": false}
{"event": "training_step", "timestamp": 1782384423.453263, "step": 536, "max_steps": 938, "loss": 5.6678056716918945, "lr": 0.00023040064786757888, "elapsed_time": 389.5792450904846, "prnt": false}
{"event": "training_step", "timestamp": 1782384424.084904, "step": 537, "max_steps": 938, "loss": 5.68129301071167, "lr": 0.00022947334339457585, "elapsed_time": 390.21088576316833, "prnt": false}
{"event": "training_step", "timestamp": 1782384424.714884, "step": 538, "max_steps": 938, "loss": 5.6185808181762695, "lr": 0.00022854632332726876, "elapsed_time": 390.8408660888672, "prnt": false}
{"event": "training_step", "timestamp": 1782384425.344046, "step": 539, "max_steps": 938, "loss": 5.594762802124023, "lr": 0.00022761960050366665, "elapsed_time": 391.470027923584, "prnt": false}
{"event": "training_step", "timestamp": 1782384425.972615, "step": 540, "max_steps": 938, "loss": 5.68231201171875, "lr": 0.0002266931877576626, "elapsed_time": 392.09859704971313, "prnt": false}
{"event": "training_step", "timestamp": 1782384426.601592, "step": 541, "max_steps": 938, "loss": 5.6244306564331055, "lr": 0.00022576709791885497, "elapsed_time": 392.72757291793823, "prnt": false}
{"event": "training_step", "timestamp": 1782384427.232095, "step": 542, "max_steps": 938, "loss": 5.648495674133301, "lr": 0.00022484134381237067, "elapsed_time": 393.3580768108368, "prnt": false}
{"event": "training_step", "timestamp": 1782384427.862379, "step": 543, "max_steps": 938, "loss": 5.627528190612793, "lr": 0.0002239159382586872, "elapsed_time": 393.9883608818054, "prnt": false}
{"event": "training_step", "timestamp": 1782384428.492814, "step": 544, "max_steps": 938, "loss": 5.706389904022217, "lr": 0.00022299089407345463, "elapsed_time": 394.6187958717346, "prnt": false}
{"event": "training_step", "timestamp": 1782384429.123538, "step": 545, "max_steps": 938, "loss": 5.6452250480651855, "lr": 0.00022206622406731902, "elapsed_time": 395.2495198249817, "prnt": false}
{"event": "training_step", "timestamp": 1782384429.7543292, "step": 546, "max_steps": 938, "loss": 5.634240627288818, "lr": 0.0002211419410457444, "elapsed_time": 395.88031101226807, "prnt": false}
{"event": "training_step", "timestamp": 1782384430.3851972, "step": 547, "max_steps": 938, "loss": 5.617992401123047, "lr": 0.00022021805780883533, "elapsed_time": 396.5111789703369, "prnt": false}
{"event": "training_step", "timestamp": 1782384431.0174432, "step": 548, "max_steps": 938, "loss": 5.643312931060791, "lr": 0.00021929458715116032, "elapsed_time": 397.14342498779297, "prnt": false}
{"event": "training_step", "timestamp": 1782384431.6532722, "step": 549, "max_steps": 938, "loss": 5.587523460388184, "lr": 0.00021837154186157376, "elapsed_time": 397.77925395965576, "prnt": false}
{"event": "training_step", "timestamp": 1782384432.2890189, "step": 550, "max_steps": 938, "loss": 5.618895053863525, "lr": 0.0002174489347230395, "elapsed_time": 398.414999961853, "prnt": false}
{"event": "training_step", "timestamp": 1782384432.9236531, "step": 551, "max_steps": 938, "loss": 5.600285053253174, "lr": 0.00021652677851245357, "elapsed_time": 399.0496349334717, "prnt": false}
{"event": "training_step", "timestamp": 1782384433.558374, "step": 552, "max_steps": 938, "loss": 5.645818710327148, "lr": 0.0002156050860004671, "elapsed_time": 399.6843559741974, "prnt": false}
{"event": "training_step", "timestamp": 1782384434.190766, "step": 553, "max_steps": 938, "loss": 5.604395866394043, "lr": 0.00021468386995130974, "elapsed_time": 400.31674790382385, "prnt": false}
{"event": "training_step", "timestamp": 1782384434.82334, "step": 554, "max_steps": 938, "loss": 5.634453296661377, "lr": 0.0002137631431226128, "elapsed_time": 400.94932198524475, "prnt": false}
{"event": "training_step", "timestamp": 1782384435.452787, "step": 555, "max_steps": 938, "loss": 5.629261016845703, "lr": 0.00021284291826523236, "elapsed_time": 401.57876896858215, "prnt": false}
{"event": "training_step", "timestamp": 1782384436.082417, "step": 556, "max_steps": 938, "loss": 5.649961471557617, "lr": 0.00021192320812307293, "elapsed_time": 402.2083990573883, "prnt": false}
{"event": "training_step", "timestamp": 1782384436.712348, "step": 557, "max_steps": 938, "loss": 5.56019401550293, "lr": 0.00021100402543291086, "elapsed_time": 402.8383300304413, "prnt": false}
{"event": "training_step", "timestamp": 1782384437.340788, "step": 558, "max_steps": 938, "loss": 5.627811431884766, "lr": 0.00021008538292421807, "elapsed_time": 403.46676993370056, "prnt": false}
{"event": "training_step", "timestamp": 1782384437.9708061, "step": 559, "max_steps": 938, "loss": 5.630053520202637, "lr": 0.0002091672933189857, "elapsed_time": 404.0967879295349, "prnt": false}
{"event": "training_step", "timestamp": 1782384438.600181, "step": 560, "max_steps": 938, "loss": 5.624264717102051, "lr": 0.00020824976933154772, "elapsed_time": 404.7261629104614, "prnt": false}
{"event": "training_step", "timestamp": 1782384439.229366, "step": 561, "max_steps": 938, "loss": 5.567168235778809, "lr": 0.00020733282366840522, "elapsed_time": 405.3553478717804, "prnt": false}
{"event": "training_step", "timestamp": 1782384439.8593202, "step": 562, "max_steps": 938, "loss": 5.613301753997803, "lr": 0.0002064164690280501, "elapsed_time": 405.98530197143555, "prnt": false}
{"event": "training_step", "timestamp": 1782384440.490442, "step": 563, "max_steps": 938, "loss": 5.540060997009277, "lr": 0.0002055007181007896, "elapsed_time": 406.61642384529114, "prnt": false}
{"event": "training_step", "timestamp": 1782384441.12389, "step": 564, "max_steps": 938, "loss": 5.606738090515137, "lr": 0.00020458558356857014, "elapsed_time": 407.24987292289734, "prnt": false}
{"event": "training_step", "timestamp": 1782384441.760552, "step": 565, "max_steps": 938, "loss": 5.559552192687988, "lr": 0.0002036710781048018, "elapsed_time": 407.8865330219269, "prnt": false}
{"event": "training_step", "timestamp": 1782384442.404783, "step": 566, "max_steps": 938, "loss": 5.629495620727539, "lr": 0.00020275721437418312, "elapsed_time": 408.5307650566101, "prnt": false}
{"event": "training_step", "timestamp": 1782384443.044978, "step": 567, "max_steps": 938, "loss": 5.610074043273926, "lr": 0.0002018440050325255, "elapsed_time": 409.1709589958191, "prnt": false}
{"event": "training_step", "timestamp": 1782384443.685236, "step": 568, "max_steps": 938, "loss": 5.631885528564453, "lr": 0.00020093146272657752, "elapsed_time": 409.8112177848816, "prnt": false}
{"event": "training_step", "timestamp": 1782384444.322463, "step": 569, "max_steps": 938, "loss": 5.586741924285889, "lr": 0.00020001960009385068, "elapsed_time": 410.4484438896179, "prnt": false}
{"event": "training_step", "timestamp": 1782384444.958019, "step": 570, "max_steps": 938, "loss": 5.547674179077148, "lr": 0.00019910842976244357, "elapsed_time": 411.08400106430054, "prnt": false}
{"event": "training_step", "timestamp": 1782384445.592225, "step": 571, "max_steps": 938, "loss": 5.546104431152344, "lr": 0.00019819796435086742, "elapsed_time": 411.7182068824768, "prnt": false}
{"event": "training_step", "timestamp": 1782384446.224236, "step": 572, "max_steps": 938, "loss": 5.64642333984375, "lr": 0.0001972882164678714, "elapsed_time": 412.35021781921387, "prnt": false}
{"event": "validation_step", "timestamp": 1782384449.176497, "step": 572, "max_steps": 938, "loss": 1.2547500801513407, "elapsed_time": 412.35021781921387}
{"event": "training_step", "timestamp": 1782384449.812908, "step": 573, "max_steps": 938, "loss": 5.598666191101074, "lr": 0.0001963791987122675, "elapsed_time": 415.9388909339905, "prnt": false}
{"event": "training_step", "timestamp": 1782384450.45931, "step": 574, "max_steps": 938, "loss": 5.636468887329102, "lr": 0.00019547092367275669, "elapsed_time": 416.5852921009064, "prnt": false}
{"event": "training_step", "timestamp": 1782384451.1007738, "step": 575, "max_steps": 938, "loss": 5.624066352844238, "lr": 0.00019456340392775434, "elapsed_time": 417.2267551422119, "prnt": false}
{"event": "training_step", "timestamp": 1782384451.7409449, "step": 576, "max_steps": 938, "loss": 5.5669989585876465, "lr": 0.00019365665204521573, "elapsed_time": 417.8669271469116, "prnt": false}
{"event": "training_step", "timestamp": 1782384452.378127, "step": 577, "max_steps": 938, "loss": 5.65163516998291, "lr": 0.00019275068058246243, "elapsed_time": 418.50410890579224, "prnt": false}
{"event": "training_step", "timestamp": 1782384453.0129821, "step": 578, "max_steps": 938, "loss": 5.543704986572266, "lr": 0.00019184550208600816, "elapsed_time": 419.1389639377594, "prnt": false}
{"event": "training_step", "timestamp": 1782384453.6437492, "step": 579, "max_steps": 938, "loss": 5.596431255340576, "lr": 0.00019094112909138507, "elapsed_time": 419.7697310447693, "prnt": false}
{"event": "training_step", "timestamp": 1782384454.2738938, "step": 580, "max_steps": 938, "loss": 5.554303169250488, "lr": 0.00019003757412297043, "elapsed_time": 420.3998761177063, "prnt": false}
{"event": "training_step", "timestamp": 1782384454.9027672, "step": 581, "max_steps": 938, "loss": 5.577561855316162, "lr": 0.00018913484969381242, "elapsed_time": 421.0287489891052, "prnt": false}
{"event": "training_step", "timestamp": 1782384455.531567, "step": 582, "max_steps": 938, "loss": 5.523956775665283, "lr": 0.0001882329683054579, "elapsed_time": 421.65754890441895, "prnt": false}
{"event": "training_step", "timestamp": 1782384456.1604428, "step": 583, "max_steps": 938, "loss": 5.587178707122803, "lr": 0.00018733194244777824, "elapsed_time": 422.286425113678, "prnt": false}
{"event": "training_step", "timestamp": 1782384456.789595, "step": 584, "max_steps": 938, "loss": 5.616587162017822, "lr": 0.00018643178459879718, "elapsed_time": 422.91557693481445, "prnt": false}
{"event": "training_step", "timestamp": 1782384457.4198961, "step": 585, "max_steps": 938, "loss": 5.54549503326416, "lr": 0.00018553250722451757, "elapsed_time": 423.5458779335022, "prnt": false}
{"event": "training_step", "timestamp": 1782384458.0517519, "step": 586, "max_steps": 938, "loss": 5.66549825668335, "lr": 0.0001846341227787487, "elapsed_time": 424.17773389816284, "prnt": false}
{"event": "training_step", "timestamp": 1782384458.683031, "step": 587, "max_steps": 938, "loss": 5.638880729675293, "lr": 0.00018373664370293415, "elapsed_time": 424.80901288986206, "prnt": false}
{"event": "training_step", "timestamp": 1782384459.315024, "step": 588, "max_steps": 938, "loss": 5.544964790344238, "lr": 0.0001828400824259794, "elapsed_time": 425.4410049915314, "prnt": false}
{"event": "training_step", "timestamp": 1782384459.946406, "step": 589, "max_steps": 938, "loss": 5.573187828063965, "lr": 0.00018194445136407927, "elapsed_time": 426.0723879337311, "prnt": false}
{"event": "training_step", "timestamp": 1782384460.578965, "step": 590, "max_steps": 938, "loss": 5.561847686767578, "lr": 0.00018104976292054677, "elapsed_time": 426.7049469947815, "prnt": false}
{"event": "training_step", "timestamp": 1782384461.213942, "step": 591, "max_steps": 938, "loss": 5.5706071853637695, "lr": 0.0001801560294856405, "elapsed_time": 427.3399238586426, "prnt": false}
{"event": "training_step", "timestamp": 1782384461.85058, "step": 592, "max_steps": 938, "loss": 5.564033508300781, "lr": 0.00017926326343639358, "elapsed_time": 427.97656178474426, "prnt": false}
{"event": "training_step", "timestamp": 1782384462.4894311, "step": 593, "max_steps": 938, "loss": 5.571536064147949, "lr": 0.0001783714771364423, "elapsed_time": 428.61541199684143, "prnt": false}
{"event": "training_step", "timestamp": 1782384463.128173, "step": 594, "max_steps": 938, "loss": 5.524415493011475, "lr": 0.00017748068293585434, "elapsed_time": 429.254154920578, "prnt": false}
{"event": "training_step", "timestamp": 1782384463.766002, "step": 595, "max_steps": 938, "loss": 5.52297306060791, "lr": 0.00017659089317095843, "elapsed_time": 429.8919839859009, "prnt": false}
{"event": "training_step", "timestamp": 1782384464.4021041, "step": 596, "max_steps": 938, "loss": 5.626496315002441, "lr": 0.00017570212016417315, "elapsed_time": 430.52808594703674, "prnt": false}
{"event": "training_step", "timestamp": 1782384465.036055, "step": 597, "max_steps": 938, "loss": 5.631229877471924, "lr": 0.00017481437622383607, "elapsed_time": 431.16203689575195, "prnt": false}
{"event": "training_step", "timestamp": 1782384465.667731, "step": 598, "max_steps": 938, "loss": 5.6647491455078125, "lr": 0.0001739276736440338, "elapsed_time": 431.7937128543854, "prnt": false}
{"event": "training_step", "timestamp": 1782384466.3024828, "step": 599, "max_steps": 938, "loss": 5.642194747924805, "lr": 0.00017304202470443133, "elapsed_time": 432.42846488952637, "prnt": false}
{"event": "training_step", "timestamp": 1782384466.934891, "step": 600, "max_steps": 938, "loss": 5.568914413452148, "lr": 0.00017215744167010217, "elapsed_time": 433.0608730316162, "prnt": false}
{"event": "training_step", "timestamp": 1782384467.567133, "step": 601, "max_steps": 938, "loss": 5.566036224365234, "lr": 0.00017127393679135857, "elapsed_time": 433.6931140422821, "prnt": false}
{"event": "training_step", "timestamp": 1782384468.204115, "step": 602, "max_steps": 938, "loss": 5.5178728103637695, "lr": 0.00017039152230358142, "elapsed_time": 434.33009696006775, "prnt": false}
{"event": "training_step", "timestamp": 1782384468.837773, "step": 603, "max_steps": 938, "loss": 5.54952335357666, "lr": 0.00016951021042705148, "elapsed_time": 434.96375489234924, "prnt": false}
{"event": "training_step", "timestamp": 1782384469.4709818, "step": 604, "max_steps": 938, "loss": 5.50335693359375, "lr": 0.00016863001336677965, "elapsed_time": 435.59696412086487, "prnt": false}
{"event": "training_step", "timestamp": 1782384470.104872, "step": 605, "max_steps": 938, "loss": 5.599666595458984, "lr": 0.00016775094331233795, "elapsed_time": 436.23085379600525, "prnt": false}
{"event": "training_step", "timestamp": 1782384470.7376251, "step": 606, "max_steps": 938, "loss": 5.559793949127197, "lr": 0.000166873012437691, "elapsed_time": 436.86360692977905, "prnt": false}
{"event": "training_step", "timestamp": 1782384471.37281, "step": 607, "max_steps": 938, "loss": 5.581692695617676, "lr": 0.00016599623290102734, "elapsed_time": 437.4987919330597, "prnt": false}
{"event": "training_step", "timestamp": 1782384472.0099158, "step": 608, "max_steps": 938, "loss": 5.549195289611816, "lr": 0.00016512061684459097, "elapsed_time": 438.13589811325073, "prnt": false}
{"event": "training_step", "timestamp": 1782384472.648602, "step": 609, "max_steps": 938, "loss": 5.470650672912598, "lr": 0.00016424617639451304, "elapsed_time": 438.7745831012726, "prnt": false}
{"event": "training_step", "timestamp": 1782384473.287346, "step": 610, "max_steps": 938, "loss": 5.523627281188965, "lr": 0.00016337292366064423, "elapsed_time": 439.4133269786835, "prnt": false}
{"event": "training_step", "timestamp": 1782384473.925656, "step": 611, "max_steps": 938, "loss": 5.630115032196045, "lr": 0.00016250087073638688, "elapsed_time": 440.0516378879547, "prnt": false}
{"event": "training_step", "timestamp": 1782384474.562411, "step": 612, "max_steps": 938, "loss": 5.539085388183594, "lr": 0.0001616300296985276, "elapsed_time": 440.68839287757874, "prnt": false}
{"event": "training_step", "timestamp": 1782384475.197463, "step": 613, "max_steps": 938, "loss": 5.541064739227295, "lr": 0.00016076041260707004, "elapsed_time": 441.32344484329224, "prnt": false}
{"event": "training_step", "timestamp": 1782384475.8315809, "step": 614, "max_steps": 938, "loss": 5.574765205383301, "lr": 0.00015989203150506746, "elapsed_time": 441.9575629234314, "prnt": false}
{"event": "training_step", "timestamp": 1782384476.463188, "step": 615, "max_steps": 938, "loss": 5.583802700042725, "lr": 0.00015902489841845664, "elapsed_time": 442.58916997909546, "prnt": false}
{"event": "training_step", "timestamp": 1782384477.093272, "step": 616, "max_steps": 938, "loss": 5.528796195983887, "lr": 0.00015815902535589092, "elapsed_time": 443.2192540168762, "prnt": false}
{"event": "validation_step", "timestamp": 1782384480.0329092, "step": 616, "max_steps": 938, "loss": 1.2493601441716382, "elapsed_time": 443.2192540168762}
{"event": "training_step", "timestamp": 1782384480.665316, "step": 617, "max_steps": 938, "loss": 5.54320764541626, "lr": 0.00015729442430857386, "elapsed_time": 446.79129791259766, "prnt": false}
{"event": "training_step", "timestamp": 1782384481.318094, "step": 618, "max_steps": 938, "loss": 5.4782304763793945, "lr": 0.00015643110725009342, "elapsed_time": 447.4440760612488, "prnt": false}
{"event": "training_step", "timestamp": 1782384481.967394, "step": 619, "max_steps": 938, "loss": 5.556666374206543, "lr": 0.00015556908613625567, "elapsed_time": 448.0933759212494, "prnt": false}
{"event": "training_step", "timestamp": 1782384482.614649, "step": 620, "max_steps": 938, "loss": 5.501826286315918, "lr": 0.00015470837290492, "elapsed_time": 448.7406311035156, "prnt": false}
{"event": "training_step", "timestamp": 1782384483.2607229, "step": 621, "max_steps": 938, "loss": 5.54431676864624, "lr": 0.0001538489794758332, "elapsed_time": 449.3867039680481, "prnt": false}
{"event": "training_step", "timestamp": 1782384483.902377, "step": 622, "max_steps": 938, "loss": 5.572681427001953, "lr": 0.00015299091775046426, "elapsed_time": 450.0283577442169, "prnt": false}
{"event": "training_step", "timestamp": 1782384484.541137, "step": 623, "max_steps": 938, "loss": 5.529681205749512, "lr": 0.00015213419961184024, "elapsed_time": 450.6671190261841, "prnt": false}
{"event": "training_step", "timestamp": 1782384485.178097, "step": 624, "max_steps": 938, "loss": 5.4888763427734375, "lr": 0.00015127883692438106, "elapsed_time": 451.30408000946045, "prnt": false}
{"event": "training_step", "timestamp": 1782384485.811687, "step": 625, "max_steps": 938, "loss": 5.486331939697266, "lr": 0.0001504248415337353, "elapsed_time": 451.9376690387726, "prnt": false}
{"event": "training_step", "timestamp": 1782384486.444305, "step": 626, "max_steps": 938, "loss": 5.562779426574707, "lr": 0.00014957222526661664, "elapsed_time": 452.57028698921204, "prnt": false}
{"event": "training_step", "timestamp": 1782384487.075718, "step": 627, "max_steps": 938, "loss": 5.495769500732422, "lr": 0.0001487209999306393, "elapsed_time": 453.2016999721527, "prnt": false}
{"event": "training_step", "timestamp": 1782384487.706913, "step": 628, "max_steps": 938, "loss": 5.483950614929199, "lr": 0.00014787117731415527, "elapsed_time": 453.8328950405121, "prnt": false}
{"event": "training_step", "timestamp": 1782384488.3384, "step": 629, "max_steps": 938, "loss": 5.498293876647949, "lr": 0.00014702276918609062, "elapsed_time": 454.4643819332123, "prnt": false}
{"event": "training_step", "timestamp": 1782384488.969599, "step": 630, "max_steps": 938, "loss": 5.506910800933838, "lr": 0.00014617578729578246, "elapsed_time": 455.0955808162689, "prnt": false}
{"event": "training_step", "timestamp": 1782384489.5997171, "step": 631, "max_steps": 938, "loss": 5.464776039123535, "lr": 0.0001453302433728166, "elapsed_time": 455.7256989479065, "prnt": false}
{"event": "training_step", "timestamp": 1782384490.230769, "step": 632, "max_steps": 938, "loss": 5.634183883666992, "lr": 0.00014448614912686468, "elapsed_time": 456.3567509651184, "prnt": false}
{"event": "training_step", "timestamp": 1782384490.86412, "step": 633, "max_steps": 938, "loss": 5.537245273590088, "lr": 0.00014364351624752237, "elapsed_time": 456.9901008605957, "prnt": false}
{"event": "training_step", "timestamp": 1782384491.500314, "step": 634, "max_steps": 938, "loss": 5.5042572021484375, "lr": 0.0001428023564041475, "elapsed_time": 457.626296043396, "prnt": false}
{"event": "training_step", "timestamp": 1782384492.140579, "step": 635, "max_steps": 938, "loss": 5.56519889831543, "lr": 0.00014196268124569788, "elapsed_time": 458.26656103134155, "prnt": false}
{"event": "training_step", "timestamp": 1782384492.790549, "step": 636, "max_steps": 938, "loss": 5.519695281982422, "lr": 0.00014112450240057054, "elapsed_time": 458.91653084754944, "prnt": false}
{"event": "training_step", "timestamp": 1782384493.446933, "step": 637, "max_steps": 938, "loss": 5.536703109741211, "lr": 0.00014028783147644077, "elapsed_time": 459.5729148387909, "prnt": false}
{"event": "training_step", "timestamp": 1782384494.102132, "step": 638, "max_steps": 938, "loss": 5.50663948059082, "lr": 0.00013945268006010077, "elapsed_time": 460.2281138896942, "prnt": false}
{"event": "training_step", "timestamp": 1782384494.7539608, "step": 639, "max_steps": 938, "loss": 5.57944917678833, "lr": 0.00013861905971729996, "elapsed_time": 460.87994289398193, "prnt": false}
{"event": "training_step", "timestamp": 1782384495.399727, "step": 640, "max_steps": 938, "loss": 5.492974758148193, "lr": 0.00013778698199258389, "elapsed_time": 461.5257079601288, "prnt": false}
{"event": "training_step", "timestamp": 1782384496.0389209, "step": 641, "max_steps": 938, "loss": 5.50462532043457, "lr": 0.0001369564584091354, "elapsed_time": 462.16490292549133, "prnt": false}
{"event": "training_step", "timestamp": 1782384496.675254, "step": 642, "max_steps": 938, "loss": 5.522660255432129, "lr": 0.00013612750046861432, "elapsed_time": 462.80123591423035, "prnt": false}
{"event": "training_step", "timestamp": 1782384497.308612, "step": 643, "max_steps": 938, "loss": 5.548766136169434, "lr": 0.00013530011965099816, "elapsed_time": 463.43459391593933, "prnt": false}
{"event": "training_step", "timestamp": 1782384497.941715, "step": 644, "max_steps": 938, "loss": 5.488044738769531, "lr": 0.00013447432741442366, "elapsed_time": 464.067697763443, "prnt": false}
{"event": "training_step", "timestamp": 1782384498.572482, "step": 645, "max_steps": 938, "loss": 5.548359394073486, "lr": 0.00013365013519502775, "elapsed_time": 464.69846391677856, "prnt": false}
{"event": "training_step", "timestamp": 1782384499.203249, "step": 646, "max_steps": 938, "loss": 5.503440856933594, "lr": 0.00013282755440678897, "elapsed_time": 465.32923102378845, "prnt": false}
{"event": "training_step", "timestamp": 1782384499.8331919, "step": 647, "max_steps": 938, "loss": 5.50754451751709, "lr": 0.00013200659644137006, "elapsed_time": 465.95917296409607, "prnt": false}
{"event": "training_step", "timestamp": 1782384500.463812, "step": 648, "max_steps": 938, "loss": 5.497889041900635, "lr": 0.0001311872726679594, "elapsed_time": 466.58979392051697, "prnt": false}
{"event": "training_step", "timestamp": 1782384501.096883, "step": 649, "max_steps": 938, "loss": 5.418156147003174, "lr": 0.00013036959443311433, "elapsed_time": 467.2228648662567, "prnt": false}
{"event": "training_step", "timestamp": 1782384501.732995, "step": 650, "max_steps": 938, "loss": 5.570075988769531, "lr": 0.00012955357306060334, "elapsed_time": 467.8589770793915, "prnt": false}
{"event": "training_step", "timestamp": 1782384502.371586, "step": 651, "max_steps": 938, "loss": 5.543126583099365, "lr": 0.00012873921985124957, "elapsed_time": 468.49756693840027, "prnt": false}
{"event": "training_step", "timestamp": 1782384503.0179899, "step": 652, "max_steps": 938, "loss": 5.47391414642334, "lr": 0.0001279265460827746, "elapsed_time": 469.143972158432, "prnt": false}
{"event": "training_step", "timestamp": 1782384503.665319, "step": 653, "max_steps": 938, "loss": 5.511246681213379, "lr": 0.00012711556300964158, "elapsed_time": 469.7913010120392, "prnt": false}
{"event": "training_step", "timestamp": 1782384504.312642, "step": 654, "max_steps": 938, "loss": 5.5317182540893555, "lr": 0.0001263062818629, "elapsed_time": 470.4386239051819, "prnt": false}
{"event": "training_step", "timestamp": 1782384504.9739652, "step": 655, "max_steps": 938, "loss": 5.47728157043457, "lr": 0.00012549871385003, "elapsed_time": 471.099946975708, "prnt": false}
{"event": "training_step", "timestamp": 1782384505.645324, "step": 656, "max_steps": 938, "loss": 5.519184112548828, "lr": 0.0001246928701547866, "elapsed_time": 471.77130603790283, "prnt": false}
{"event": "training_step", "timestamp": 1782384506.3279119, "step": 657, "max_steps": 938, "loss": 5.4885125160217285, "lr": 0.00012388876193704577, "elapsed_time": 472.4538938999176, "prnt": false}
{"event": "training_step", "timestamp": 1782384506.99766, "step": 658, "max_steps": 938, "loss": 5.460293292999268, "lr": 0.0001230864003326493, "elapsed_time": 473.12364196777344, "prnt": false}
{"event": "training_step", "timestamp": 1782384507.655752, "step": 659, "max_steps": 938, "loss": 5.434428691864014, "lr": 0.0001222857964532504, "elapsed_time": 473.781733751297, "prnt": false}
{"event": "training_step", "timestamp": 1782384508.310721, "step": 660, "max_steps": 938, "loss": 5.512364864349365, "lr": 0.00012148696138616051, "elapsed_time": 474.43670296669006, "prnt": false}
{"event": "validation_step", "timestamp": 1782384511.285223, "step": 660, "max_steps": 938, "loss": 1.2446139089996362, "elapsed_time": 474.43670296669006}
{"event": "training_step", "timestamp": 1782384511.913545, "step": 661, "max_steps": 938, "loss": 5.488773345947266, "lr": 0.00012068990619419493, "elapsed_time": 478.0395269393921, "prnt": false}
{"event": "training_step", "timestamp": 1782384512.552553, "step": 662, "max_steps": 938, "loss": 5.468337059020996, "lr": 0.0001198946419155204, "elapsed_time": 478.6785349845886, "prnt": false}
{"event": "training_step", "timestamp": 1782384513.191432, "step": 663, "max_steps": 938, "loss": 5.546098232269287, "lr": 0.00011910117956350154, "elapsed_time": 479.3174138069153, "prnt": false}
{"event": "training_step", "timestamp": 1782384513.828842, "step": 664, "max_steps": 938, "loss": 5.474040985107422, "lr": 0.00011830953012654898, "elapsed_time": 479.954824924469, "prnt": false}
{"event": "training_step", "timestamp": 1782384514.464968, "step": 665, "max_steps": 938, "loss": 5.512020111083984, "lr": 0.00011751970456796656, "elapsed_time": 480.59094977378845, "prnt": false}
{"event": "training_step", "timestamp": 1782384515.102196, "step": 666, "max_steps": 938, "loss": 5.55778169631958, "lr": 0.00011673171382580007, "elapsed_time": 481.2281777858734, "prnt": false}
{"event": "training_step", "timestamp": 1782384515.739056, "step": 667, "max_steps": 938, "loss": 5.478924751281738, "lr": 0.00011594556881268521, "elapsed_time": 481.8650379180908, "prnt": false}
{"event": "training_step", "timestamp": 1782384516.378974, "step": 668, "max_steps": 938, "loss": 5.513009548187256, "lr": 0.0001151612804156971, "elapsed_time": 482.5049557685852, "prnt": false}
{"event": "training_step", "timestamp": 1782384517.018639, "step": 669, "max_steps": 938, "loss": 5.471287727355957, "lr": 0.0001143788594961988, "elapsed_time": 483.14462208747864, "prnt": false}
{"event": "training_step", "timestamp": 1782384517.658636, "step": 670, "max_steps": 938, "loss": 5.4941325187683105, "lr": 0.00011359831688969159, "elapsed_time": 483.7846179008484, "prnt": false}
{"event": "training_step", "timestamp": 1782384518.296444, "step": 671, "max_steps": 938, "loss": 5.502062797546387, "lr": 0.00011281966340566445, "elapsed_time": 484.4224269390106, "prnt": false}
{"event": "training_step", "timestamp": 1782384518.932852, "step": 672, "max_steps": 938, "loss": 5.438182830810547, "lr": 0.00011204290982744436, "elapsed_time": 485.05883383750916, "prnt": false}
{"event": "training_step", "timestamp": 1782384519.569655, "step": 673, "max_steps": 938, "loss": 5.434673309326172, "lr": 0.00011126806691204743, "elapsed_time": 485.69563698768616, "prnt": false}
{"event": "training_step", "timestamp": 1782384520.2048051, "step": 674, "max_steps": 938, "loss": 5.504911422729492, "lr": 0.00011049514539002918, "elapsed_time": 486.33078694343567, "prnt": false}
{"event": "training_step", "timestamp": 1782384520.837645, "step": 675, "max_steps": 938, "loss": 5.453524589538574, "lr": 0.0001097241559653367, "elapsed_time": 486.96362686157227, "prnt": false}
{"event": "training_step", "timestamp": 1782384521.4714801, "step": 676, "max_steps": 938, "loss": 5.48361873626709, "lr": 0.00010895510931516005, "elapsed_time": 487.59746193885803, "prnt": false}
{"event": "training_step", "timestamp": 1782384522.1067882, "step": 677, "max_steps": 938, "loss": 5.453983306884766, "lr": 0.00010818801608978422, "elapsed_time": 488.2327699661255, "prnt": false}
{"event": "training_step", "timestamp": 1782384522.743079, "step": 678, "max_steps": 938, "loss": 5.529303550720215, "lr": 0.00010742288691244185, "elapsed_time": 488.8690609931946, "prnt": false}
{"event": "training_step", "timestamp": 1782384523.381681, "step": 679, "max_steps": 938, "loss": 5.475006103515625, "lr": 0.00010665973237916637, "elapsed_time": 489.5076639652252, "prnt": false}
{"event": "training_step", "timestamp": 1782384524.020808, "step": 680, "max_steps": 938, "loss": 5.457546234130859, "lr": 0.00010589856305864461, "elapsed_time": 490.1467909812927, "prnt": false}
{"event": "training_step", "timestamp": 1782384524.659572, "step": 681, "max_steps": 938, "loss": 5.445230484008789, "lr": 0.00010513938949207116, "elapsed_time": 490.78555393218994, "prnt": false}
{"event": "training_step", "timestamp": 1782384525.298228, "step": 682, "max_steps": 938, "loss": 5.472123146057129, "lr": 0.00010438222219300177, "elapsed_time": 491.42420983314514, "prnt": false}
{"event": "training_step", "timestamp": 1782384525.934749, "step": 683, "max_steps": 938, "loss": 5.417150020599365, "lr": 0.00010362707164720817, "elapsed_time": 492.06073093414307, "prnt": false}
{"event": "training_step", "timestamp": 1782384526.5704691, "step": 684, "max_steps": 938, "loss": 5.4517340660095215, "lr": 0.00010287394831253279, "elapsed_time": 492.6964499950409, "prnt": false}
{"event": "training_step", "timestamp": 1782384527.210755, "step": 685, "max_steps": 938, "loss": 5.438733100891113, "lr": 0.00010212286261874353, "elapsed_time": 493.3367369174957, "prnt": false}
{"event": "training_step", "timestamp": 1782384527.85132, "step": 686, "max_steps": 938, "loss": 5.484330177307129, "lr": 0.00010137382496738997, "elapsed_time": 493.9773008823395, "prnt": false}
{"event": "training_step", "timestamp": 1782384528.4913018, "step": 687, "max_steps": 938, "loss": 5.445150375366211, "lr": 0.00010062684573165894, "elapsed_time": 494.61728405952454, "prnt": false}
{"event": "training_step", "timestamp": 1782384529.13234, "step": 688, "max_steps": 938, "loss": 5.473690032958984, "lr": 9.988193525623068e-05, "elapsed_time": 495.25832176208496, "prnt": false}
{"event": "training_step", "timestamp": 1782384529.773141, "step": 689, "max_steps": 938, "loss": 5.458860874176025, "lr": 9.913910385713618e-05, "elapsed_time": 495.8991229534149, "prnt": false}
{"event": "training_step", "timestamp": 1782384530.411785, "step": 690, "max_steps": 938, "loss": 5.4821391105651855, "lr": 9.839836182161358e-05, "elapsed_time": 496.5377678871155, "prnt": false}
{"event": "training_step", "timestamp": 1782384531.048686, "step": 691, "max_steps": 938, "loss": 5.383395195007324, "lr": 9.765971940796642e-05, "elapsed_time": 497.1746680736542, "prnt": false}
{"event": "training_step", "timestamp": 1782384531.685237, "step": 692, "max_steps": 938, "loss": 5.461462497711182, "lr": 9.692318684542106e-05, "elapsed_time": 497.8112189769745, "prnt": false}
{"event": "training_step", "timestamp": 1782384532.3209379, "step": 693, "max_steps": 938, "loss": 5.470803260803223, "lr": 9.618877433398508e-05, "elapsed_time": 498.4469199180603, "prnt": false}
{"event": "training_step", "timestamp": 1782384532.9580429, "step": 694, "max_steps": 938, "loss": 5.461843490600586, "lr": 9.545649204430649e-05, "elapsed_time": 499.084025144577, "prnt": false}
{"event": "training_step", "timestamp": 1782384533.5975838, "step": 695, "max_steps": 938, "loss": 5.410361289978027, "lr": 9.472635011753214e-05, "elapsed_time": 499.72356510162354, "prnt": false}
{"event": "training_step", "timestamp": 1782384534.237198, "step": 696, "max_steps": 938, "loss": 5.43946647644043, "lr": 9.399835866516794e-05, "elapsed_time": 500.3631799221039, "prnt": false}
{"event": "training_step", "timestamp": 1782384534.877364, "step": 697, "max_steps": 938, "loss": 5.367671489715576, "lr": 9.327252776893853e-05, "elapsed_time": 501.0033459663391, "prnt": false}
{"event": "training_step", "timestamp": 1782384535.517896, "step": 698, "max_steps": 938, "loss": 5.444984436035156, "lr": 9.254886748064744e-05, "elapsed_time": 501.6438777446747, "prnt": false}
{"event": "training_step", "timestamp": 1782384536.15695, "step": 699, "max_steps": 938, "loss": 5.389004707336426, "lr": 9.182738782203845e-05, "elapsed_time": 502.282931804657, "prnt": false}
{"event": "training_step", "timestamp": 1782384536.79698, "step": 700, "max_steps": 938, "loss": 5.467607021331787, "lr": 9.110809878465642e-05, "elapsed_time": 502.9229619503021, "prnt": false}
{"event": "training_step", "timestamp": 1782384537.434963, "step": 701, "max_steps": 938, "loss": 5.437716484069824, "lr": 9.039101032970871e-05, "elapsed_time": 503.5609447956085, "prnt": false}
{"event": "training_step", "timestamp": 1782384538.072934, "step": 702, "max_steps": 938, "loss": 5.470698833465576, "lr": 8.967613238792793e-05, "elapsed_time": 504.1989150047302, "prnt": false}
{"event": "training_step", "timestamp": 1782384538.710444, "step": 703, "max_steps": 938, "loss": 5.425251007080078, "lr": 8.89634748594336e-05, "elapsed_time": 504.8364260196686, "prnt": false}
{"event": "training_step", "timestamp": 1782384539.348568, "step": 704, "max_steps": 938, "loss": 5.384585380554199, "lr": 8.825304761359575e-05, "elapsed_time": 505.4745500087738, "prnt": false}
{"event": "validation_step", "timestamp": 1782384542.3251462, "step": 704, "max_steps": 938, "loss": 1.2413640885198907, "elapsed_time": 505.4745500087738}
{"event": "training_step", "timestamp": 1782384542.9619389, "step": 705, "max_steps": 938, "loss": 5.386090278625488, "lr": 8.754486048889763e-05, "elapsed_time": 509.08791971206665, "prnt": false}
{"event": "training_step", "timestamp": 1782384543.612257, "step": 706, "max_steps": 938, "loss": 5.487391948699951, "lr": 8.683892329280008e-05, "elapsed_time": 509.7382388114929, "prnt": false}
{"event": "training_step", "timestamp": 1782384544.2571342, "step": 707, "max_steps": 938, "loss": 5.443874359130859, "lr": 8.613524580160506e-05, "elapsed_time": 510.3831160068512, "prnt": false}
{"event": "training_step", "timestamp": 1782384544.896925, "step": 708, "max_steps": 938, "loss": 5.475194931030273, "lr": 8.543383776032091e-05, "elapsed_time": 511.0229067802429, "prnt": false}
{"event": "training_step", "timestamp": 1782384545.5348852, "step": 709, "max_steps": 938, "loss": 5.459206581115723, "lr": 8.473470888252673e-05, "elapsed_time": 511.6608669757843, "prnt": false}
{"event": "training_step", "timestamp": 1782384546.170414, "step": 710, "max_steps": 938, "loss": 5.410861492156982, "lr": 8.403786885023855e-05, "elapsed_time": 512.2963960170746, "prnt": false}
{"event": "training_step", "timestamp": 1782384546.805413, "step": 711, "max_steps": 938, "loss": 5.488989353179932, "lr": 8.334332731377456e-05, "elapsed_time": 512.9313950538635, "prnt": false}
{"event": "training_step", "timestamp": 1782384547.441928, "step": 712, "max_steps": 938, "loss": 5.39793586730957, "lr": 8.265109389162208e-05, "elapsed_time": 513.5679109096527, "prnt": false}
{"event": "training_step", "timestamp": 1782384548.078151, "step": 713, "max_steps": 938, "loss": 5.436511039733887, "lr": 8.196117817030403e-05, "elapsed_time": 514.2041330337524, "prnt": false}
{"event": "training_step", "timestamp": 1782384548.714228, "step": 714, "max_steps": 938, "loss": 5.396655559539795, "lr": 8.127358970424603e-05, "elapsed_time": 514.8402099609375, "prnt": false}
{"event": "training_step", "timestamp": 1782384549.3497758, "step": 715, "max_steps": 938, "loss": 5.424734115600586, "lr": 8.058833801564456e-05, "elapsed_time": 515.4757580757141, "prnt": false}
{"event": "training_step", "timestamp": 1782384549.984595, "step": 716, "max_steps": 938, "loss": 5.367879390716553, "lr": 7.990543259433447e-05, "elapsed_time": 516.1105768680573, "prnt": false}
{"event": "training_step", "timestamp": 1782384550.618984, "step": 717, "max_steps": 938, "loss": 5.422572135925293, "lr": 7.92248828976582e-05, "elapsed_time": 516.7449650764465, "prnt": false}
{"event": "training_step", "timestamp": 1782384551.2540312, "step": 718, "max_steps": 938, "loss": 5.4627485275268555, "lr": 7.854669835033443e-05, "elapsed_time": 517.3800129890442, "prnt": false}
{"event": "training_step", "timestamp": 1782384551.8885272, "step": 719, "max_steps": 938, "loss": 5.385608196258545, "lr": 7.787088834432747e-05, "elapsed_time": 518.0145089626312, "prnt": false}
{"event": "training_step", "timestamp": 1782384552.524603, "step": 720, "max_steps": 938, "loss": 5.507030010223389, "lr": 7.719746223871744e-05, "elapsed_time": 518.650584936142, "prnt": false}
{"event": "training_step", "timestamp": 1782384553.165666, "step": 721, "max_steps": 938, "loss": 5.487030506134033, "lr": 7.652642935957074e-05, "elapsed_time": 519.2916479110718, "prnt": false}
{"event": "training_step", "timestamp": 1782384553.8075252, "step": 722, "max_steps": 938, "loss": 5.3931884765625, "lr": 7.585779899981038e-05, "elapsed_time": 519.9335069656372, "prnt": false}
{"event": "training_step", "timestamp": 1782384554.4527519, "step": 723, "max_steps": 938, "loss": 5.417536735534668, "lr": 7.519158041908806e-05, "elapsed_time": 520.578733921051, "prnt": false}
{"event": "training_step", "timestamp": 1782384555.0971048, "step": 724, "max_steps": 938, "loss": 5.408267974853516, "lr": 7.452778284365511e-05, "elapsed_time": 521.2230861186981, "prnt": false}
{"event": "training_step", "timestamp": 1782384555.740312, "step": 725, "max_steps": 938, "loss": 5.418208599090576, "lr": 7.386641546623536e-05, "elapsed_time": 521.8662939071655, "prnt": false}
{"event": "training_step", "timestamp": 1782384556.382015, "step": 726, "max_steps": 938, "loss": 5.414923667907715, "lr": 7.320748744589763e-05, "elapsed_time": 522.5079967975616, "prnt": false}
{"event": "training_step", "timestamp": 1782384557.022783, "step": 727, "max_steps": 938, "loss": 5.419181823730469, "lr": 7.25510079079286e-05, "elapsed_time": 523.1487648487091, "prnt": false}
{"event": "training_step", "timestamp": 1782384557.661432, "step": 728, "max_steps": 938, "loss": 5.380906105041504, "lr": 7.189698594370693e-05, "elapsed_time": 523.7874140739441, "prnt": false}
{"event": "training_step", "timestamp": 1782384558.298985, "step": 729, "max_steps": 938, "loss": 5.374241828918457, "lr": 7.124543061057708e-05, "elapsed_time": 524.4249658584595, "prnt": false}
{"event": "training_step", "timestamp": 1782384558.933286, "step": 730, "max_steps": 938, "loss": 5.470682144165039, "lr": 7.059635093172372e-05, "elapsed_time": 525.0592679977417, "prnt": false}
{"event": "training_step", "timestamp": 1782384559.567445, "step": 731, "max_steps": 938, "loss": 5.490269660949707, "lr": 6.994975589604723e-05, "elapsed_time": 525.6934280395508, "prnt": false}
{"event": "training_step", "timestamp": 1782384560.20221, "step": 732, "max_steps": 938, "loss": 5.511134624481201, "lr": 6.930565445803873e-05, "elapsed_time": 526.3281919956207, "prnt": false}
{"event": "training_step", "timestamp": 1782384560.837994, "step": 733, "max_steps": 938, "loss": 5.494387626647949, "lr": 6.866405553765644e-05, "elapsed_time": 526.9639759063721, "prnt": false}
{"event": "training_step", "timestamp": 1782384561.476094, "step": 734, "max_steps": 938, "loss": 5.417982578277588, "lr": 6.802496802020195e-05, "elapsed_time": 527.6020758152008, "prnt": false}
{"event": "training_step", "timestamp": 1782384562.114671, "step": 735, "max_steps": 938, "loss": 5.421777725219727, "lr": 6.738840075619708e-05, "elapsed_time": 528.2406520843506, "prnt": false}
{"event": "training_step", "timestamp": 1782384562.754136, "step": 736, "max_steps": 938, "loss": 5.377988338470459, "lr": 6.675436256126181e-05, "elapsed_time": 528.880117893219, "prnt": false}
{"event": "training_step", "timestamp": 1782384563.396068, "step": 737, "max_steps": 938, "loss": 5.404501438140869, "lr": 6.612286221599135e-05, "elapsed_time": 529.5220499038696, "prnt": false}
{"event": "training_step", "timestamp": 1782384564.038751, "step": 738, "max_steps": 938, "loss": 5.348494529724121, "lr": 6.549390846583545e-05, "elapsed_time": 530.1647329330444, "prnt": false}
{"event": "training_step", "timestamp": 1782384564.6818078, "step": 739, "max_steps": 938, "loss": 5.457396507263184, "lr": 6.486751002097677e-05, "elapsed_time": 530.8077900409698, "prnt": false}
{"event": "training_step", "timestamp": 1782384565.3239412, "step": 740, "max_steps": 938, "loss": 5.4144415855407715, "lr": 6.424367555621012e-05, "elapsed_time": 531.449923992157, "prnt": false}
{"event": "training_step", "timestamp": 1782384565.964947, "step": 741, "max_steps": 938, "loss": 5.437414169311523, "lr": 6.362241371082281e-05, "elapsed_time": 532.0909287929535, "prnt": false}
{"event": "training_step", "timestamp": 1782384566.6055439, "step": 742, "max_steps": 938, "loss": 5.404541015625, "lr": 6.300373308847475e-05, "elapsed_time": 532.731525182724, "prnt": false}
{"event": "training_step", "timestamp": 1782384567.244524, "step": 743, "max_steps": 938, "loss": 5.330371856689453, "lr": 6.238764225707906e-05, "elapsed_time": 533.3705060482025, "prnt": false}
{"event": "training_step", "timestamp": 1782384567.8817122, "step": 744, "max_steps": 938, "loss": 5.390848159790039, "lr": 6.1774149748684e-05, "elapsed_time": 534.0076940059662, "prnt": false}
{"event": "training_step", "timestamp": 1782384568.517206, "step": 745, "max_steps": 938, "loss": 5.480513095855713, "lr": 6.116326405935408e-05, "elapsed_time": 534.6431879997253, "prnt": false}
{"event": "training_step", "timestamp": 1782384569.1543128, "step": 746, "max_steps": 938, "loss": 5.400924205780029, "lr": 6.055499364905323e-05, "elapsed_time": 535.2802948951721, "prnt": false}
{"event": "training_step", "timestamp": 1782384569.788725, "step": 747, "max_steps": 938, "loss": 5.396292686462402, "lr": 5.994934694152682e-05, "elapsed_time": 535.9147069454193, "prnt": false}
{"event": "training_step", "timestamp": 1782384570.423178, "step": 748, "max_steps": 938, "loss": 5.4347028732299805, "lr": 5.934633232418565e-05, "elapsed_time": 536.5491600036621, "prnt": false}
{"event": "validation_step", "timestamp": 1782384573.3793862, "step": 748, "max_steps": 938, "loss": 1.238428875235298, "elapsed_time": 536.5491600036621}
{"event": "training_step", "timestamp": 1782384574.018093, "step": 749, "max_steps": 938, "loss": 5.437487602233887, "lr": 5.874595814798932e-05, "elapsed_time": 540.1440749168396, "prnt": false}
{"event": "training_step", "timestamp": 1782384574.6695318, "step": 750, "max_steps": 938, "loss": 5.385380268096924, "lr": 5.814823272733102e-05, "elapsed_time": 540.7955141067505, "prnt": false}
{"event": "training_step", "timestamp": 1782384575.313972, "step": 751, "max_steps": 938, "loss": 5.408094882965088, "lr": 5.755316433992192e-05, "elapsed_time": 541.4399538040161, "prnt": false}
{"event": "training_step", "timestamp": 1782384575.955392, "step": 752, "max_steps": 938, "loss": 5.337687015533447, "lr": 5.696076122667701e-05, "elapsed_time": 542.0813739299774, "prnt": false}
{"event": "training_step", "timestamp": 1782384576.595671, "step": 753, "max_steps": 938, "loss": 5.420110702514648, "lr": 5.637103159160053e-05, "elapsed_time": 542.7216529846191, "prnt": false}
{"event": "training_step", "timestamp": 1782384577.235821, "step": 754, "max_steps": 938, "loss": 5.366533279418945, "lr": 5.5783983601672636e-05, "elapsed_time": 543.3618030548096, "prnt": false}
{"event": "training_step", "timestamp": 1782384577.876957, "step": 755, "max_steps": 938, "loss": 5.409043788909912, "lr": 5.519962538673636e-05, "elapsed_time": 544.002938747406, "prnt": false}
{"event": "training_step", "timestamp": 1782384578.518563, "step": 756, "max_steps": 938, "loss": 5.432441711425781, "lr": 5.46179650393846e-05, "elapsed_time": 544.6445450782776, "prnt": false}
{"event": "training_step", "timestamp": 1782384579.159301, "step": 757, "max_steps": 938, "loss": 5.394493579864502, "lr": 5.4039010614848575e-05, "elapsed_time": 545.2852830886841, "prnt": false}
{"event": "training_step", "timestamp": 1782384579.799649, "step": 758, "max_steps": 938, "loss": 5.3563032150268555, "lr": 5.346277013088605e-05, "elapsed_time": 545.9256310462952, "prnt": false}
{"event": "training_step", "timestamp": 1782384580.437898, "step": 759, "max_steps": 938, "loss": 5.349600791931152, "lr": 5.288925156767001e-05, "elapsed_time": 546.5638799667358, "prnt": false}
{"event": "training_step", "timestamp": 1782384581.075864, "step": 760, "max_steps": 938, "loss": 5.421113014221191, "lr": 5.2318462867678725e-05, "elapsed_time": 547.2018449306488, "prnt": false}
{"event": "training_step", "timestamp": 1782384581.713749, "step": 761, "max_steps": 938, "loss": 5.353989601135254, "lr": 5.175041193558526e-05, "elapsed_time": 547.8397309780121, "prnt": false}
{"event": "training_step", "timestamp": 1782384582.350424, "step": 762, "max_steps": 938, "loss": 5.354369163513184, "lr": 5.1185106638148214e-05, "elapsed_time": 548.4764058589935, "prnt": false}
{"event": "training_step", "timestamp": 1782384582.9868731, "step": 763, "max_steps": 938, "loss": 5.366342544555664, "lr": 5.062255480410285e-05, "elapsed_time": 549.1128549575806, "prnt": false}
{"event": "training_step", "timestamp": 1782384583.6253152, "step": 764, "max_steps": 938, "loss": 5.369357109069824, "lr": 5.006276422405243e-05, "elapsed_time": 549.7512969970703, "prnt": false}
{"event": "training_step", "timestamp": 1782384584.2654889, "step": 765, "max_steps": 938, "loss": 5.331302642822266, "lr": 4.950574265036071e-05, "elapsed_time": 550.3914711475372, "prnt": false}
{"event": "training_step", "timestamp": 1782384584.9064698, "step": 766, "max_steps": 938, "loss": 5.491307258605957, "lr": 4.8951497797044064e-05, "elapsed_time": 551.0324521064758, "prnt": false}
{"event": "training_step", "timestamp": 1782384585.547872, "step": 767, "max_steps": 938, "loss": 5.399439334869385, "lr": 4.840003733966515e-05, "elapsed_time": 551.6738538742065, "prnt": false}
{"event": "training_step", "timestamp": 1782384586.188355, "step": 768, "max_steps": 938, "loss": 5.368141174316406, "lr": 4.785136891522637e-05, "elapsed_time": 552.314337015152, "prnt": false}
{"event": "training_step", "timestamp": 1782384586.82768, "step": 769, "max_steps": 938, "loss": 5.438880443572998, "lr": 4.730550012206404e-05, "elapsed_time": 552.9536619186401, "prnt": false}
{"event": "training_step", "timestamp": 1782384587.465312, "step": 770, "max_steps": 938, "loss": 5.391892433166504, "lr": 4.6762438519743335e-05, "elapsed_time": 553.5912938117981, "prnt": false}
{"event": "training_step", "timestamp": 1782384588.1041, "step": 771, "max_steps": 938, "loss": 5.397463798522949, "lr": 4.6222191628953623e-05, "elapsed_time": 554.2300820350647, "prnt": false}
{"event": "training_step", "timestamp": 1782384588.741518, "step": 772, "max_steps": 938, "loss": 5.376291275024414, "lr": 4.568476693140397e-05, "elapsed_time": 554.8675000667572, "prnt": false}
{"event": "training_step", "timestamp": 1782384589.376676, "step": 773, "max_steps": 938, "loss": 5.4465532302856445, "lr": 4.515017186972007e-05, "elapsed_time": 555.5026578903198, "prnt": false}
{"event": "training_step", "timestamp": 1782384590.012778, "step": 774, "max_steps": 938, "loss": 5.367987155914307, "lr": 4.461841384734056e-05, "elapsed_time": 556.1387598514557, "prnt": false}
{"event": "training_step", "timestamp": 1782384590.648267, "step": 775, "max_steps": 938, "loss": 5.382402420043945, "lr": 4.4089500228415145e-05, "elapsed_time": 556.7742478847504, "prnt": false}
{"event": "training_step", "timestamp": 1782384591.283046, "step": 776, "max_steps": 938, "loss": 5.392237186431885, "lr": 4.356343833770206e-05, "elapsed_time": 557.4090280532837, "prnt": false}
{"event": "training_step", "timestamp": 1782384591.9170449, "step": 777, "max_steps": 938, "loss": 5.424468994140625, "lr": 4.304023546046684e-05, "elapsed_time": 558.043025970459, "prnt": false}
{"event": "training_step", "timestamp": 1782384592.552116, "step": 778, "max_steps": 938, "loss": 5.356466293334961, "lr": 4.251989884238159e-05, "elapsed_time": 558.6780979633331, "prnt": false}
{"event": "training_step", "timestamp": 1782384593.1868641, "step": 779, "max_steps": 938, "loss": 5.412529468536377, "lr": 4.200243568942445e-05, "elapsed_time": 559.312844991684, "prnt": false}
{"event": "training_step", "timestamp": 1782384593.823609, "step": 780, "max_steps": 938, "loss": 5.371392726898193, "lr": 4.148785316777973e-05, "elapsed_time": 559.9495899677277, "prnt": false}
{"event": "training_step", "timestamp": 1782384594.463489, "step": 781, "max_steps": 938, "loss": 5.38449764251709, "lr": 4.0976158403739e-05, "elapsed_time": 560.5894720554352, "prnt": false}
{"event": "training_step", "timestamp": 1782384595.104026, "step": 782, "max_steps": 938, "loss": 5.370290756225586, "lr": 4.046735848360187e-05, "elapsed_time": 561.2300090789795, "prnt": false}
{"event": "training_step", "timestamp": 1782384595.744338, "step": 783, "max_steps": 938, "loss": 5.291179180145264, "lr": 3.9961460453578456e-05, "elapsed_time": 561.8703191280365, "prnt": false}
{"event": "training_step", "timestamp": 1782384596.384088, "step": 784, "max_steps": 938, "loss": 5.434422492980957, "lr": 3.945847131969149e-05, "elapsed_time": 562.5100700855255, "prnt": false}
{"event": "training_step", "timestamp": 1782384597.023093, "step": 785, "max_steps": 938, "loss": 5.421767711639404, "lr": 3.895839804767902e-05, "elapsed_time": 563.1490747928619, "prnt": false}
{"event": "training_step", "timestamp": 1782384597.6611378, "step": 786, "max_steps": 938, "loss": 5.361988067626953, "lr": 3.846124756289867e-05, "elapsed_time": 563.7871208190918, "prnt": false}
{"event": "training_step", "timestamp": 1782384598.297977, "step": 787, "max_steps": 938, "loss": 5.387225151062012, "lr": 3.796702675023091e-05, "elapsed_time": 564.4239590167999, "prnt": false}
{"event": "training_step", "timestamp": 1782384598.932488, "step": 788, "max_steps": 938, "loss": 5.41001033782959, "lr": 3.747574245398435e-05, "elapsed_time": 565.0584697723389, "prnt": false}
{"event": "training_step", "timestamp": 1782384599.566564, "step": 789, "max_steps": 938, "loss": 5.354143142700195, "lr": 3.6987401477800695e-05, "elapsed_time": 565.6925458908081, "prnt": false}
{"event": "training_step", "timestamp": 1782384600.201199, "step": 790, "max_steps": 938, "loss": 5.402286529541016, "lr": 3.650201058456039e-05, "elapsed_time": 566.3271811008453, "prnt": false}
{"event": "training_step", "timestamp": 1782384600.8350499, "step": 791, "max_steps": 938, "loss": 5.363120079040527, "lr": 3.6019576496289205e-05, "elapsed_time": 566.9610319137573, "prnt": false}
{"event": "training_step", "timestamp": 1782384601.4695969, "step": 792, "max_steps": 938, "loss": 5.338220596313477, "lr": 3.554010589406511e-05, "elapsed_time": 567.5955789089203, "prnt": false}
{"event": "validation_step", "timestamp": 1782384604.42525, "step": 792, "max_steps": 938, "loss": 1.2361885412643476, "elapsed_time": 567.5955789089203}
{"event": "training_step", "timestamp": 1782384605.063026, "step": 793, "max_steps": 938, "loss": 5.315776824951172, "lr": 3.506360541792549e-05, "elapsed_time": 571.1890079975128, "prnt": false}
{"event": "training_step", "timestamp": 1782384605.714972, "step": 794, "max_steps": 938, "loss": 5.385690689086914, "lr": 3.459008166677566e-05, "elapsed_time": 571.8409540653229, "prnt": false}
{"event": "training_step", "timestamp": 1782384606.3597598, "step": 795, "max_steps": 938, "loss": 5.378017902374268, "lr": 3.411954119829694e-05, "elapsed_time": 572.4857409000397, "prnt": false}
{"event": "training_step", "timestamp": 1782384607.001055, "step": 796, "max_steps": 938, "loss": 5.3523054122924805, "lr": 3.365199052885629e-05, "elapsed_time": 573.127035856247, "prnt": false}
{"event": "training_step", "timestamp": 1782384607.639052, "step": 797, "max_steps": 938, "loss": 5.427321434020996, "lr": 3.31874361334159e-05, "elapsed_time": 573.7650339603424, "prnt": false}
{"event": "training_step", "timestamp": 1782384608.274356, "step": 798, "max_steps": 938, "loss": 5.350261211395264, "lr": 3.272588444544327e-05, "elapsed_time": 574.400337934494, "prnt": false}
{"event": "training_step", "timestamp": 1782384608.908443, "step": 799, "max_steps": 938, "loss": 5.388596534729004, "lr": 3.2267341856822616e-05, "elapsed_time": 575.0344250202179, "prnt": false}
{"event": "training_step", "timestamp": 1782384609.5423, "step": 800, "max_steps": 938, "loss": 5.4376420974731445, "lr": 3.181181471776599e-05, "elapsed_time": 575.6682820320129, "prnt": false}
{"event": "training_step", "timestamp": 1782384610.1770308, "step": 801, "max_steps": 938, "loss": 5.35725212097168, "lr": 3.135930933672534e-05, "elapsed_time": 576.303013086319, "prnt": false}
{"event": "training_step", "timestamp": 1782384610.8118231, "step": 802, "max_steps": 938, "loss": 5.388138771057129, "lr": 3.090983198030539e-05, "elapsed_time": 576.9378039836884, "prnt": false}
{"event": "training_step", "timestamp": 1782384611.451187, "step": 803, "max_steps": 938, "loss": 5.361298084259033, "lr": 3.046338887317654e-05, "elapsed_time": 577.5771679878235, "prnt": false}
{"event": "training_step", "timestamp": 1782384612.090244, "step": 804, "max_steps": 938, "loss": 5.374255657196045, "lr": 3.001998619798906e-05, "elapsed_time": 578.2162261009216, "prnt": false}
{"event": "training_step", "timestamp": 1782384612.731457, "step": 805, "max_steps": 938, "loss": 5.3881988525390625, "lr": 2.9579630095286974e-05, "elapsed_time": 578.8574390411377, "prnt": false}
{"event": "training_step", "timestamp": 1782384613.373496, "step": 806, "max_steps": 938, "loss": 5.330378532409668, "lr": 2.9142326663423375e-05, "elapsed_time": 579.4994778633118, "prnt": false}
{"event": "training_step", "timestamp": 1782384614.017111, "step": 807, "max_steps": 938, "loss": 5.31849479675293, "lr": 2.870808195847599e-05, "elapsed_time": 580.1430928707123, "prnt": false}
{"event": "training_step", "timestamp": 1782384614.6614091, "step": 808, "max_steps": 938, "loss": 5.389030456542969, "lr": 2.8276901994163034e-05, "elapsed_time": 580.7873909473419, "prnt": false}
{"event": "training_step", "timestamp": 1782384615.3060029, "step": 809, "max_steps": 938, "loss": 5.343873977661133, "lr": 2.784879274176023e-05, "elapsed_time": 581.4319849014282, "prnt": false}
{"event": "training_step", "timestamp": 1782384615.948838, "step": 810, "max_steps": 938, "loss": 5.370538711547852, "lr": 2.7423760130017925e-05, "elapsed_time": 582.0748200416565, "prnt": false}
{"event": "training_step", "timestamp": 1782384616.590422, "step": 811, "max_steps": 938, "loss": 5.343376159667969, "lr": 2.700181004507895e-05, "elapsed_time": 582.7164039611816, "prnt": false}
{"event": "training_step", "timestamp": 1782384617.231366, "step": 812, "max_steps": 938, "loss": 5.423781394958496, "lr": 2.658294833039733e-05, "elapsed_time": 583.3573479652405, "prnt": false}
{"event": "training_step", "timestamp": 1782384617.86977, "step": 813, "max_steps": 938, "loss": 5.362113952636719, "lr": 2.616718078665721e-05, "elapsed_time": 583.9957518577576, "prnt": false}
{"event": "training_step", "timestamp": 1782384618.508513, "step": 814, "max_steps": 938, "loss": 5.346963405609131, "lr": 2.5754513171692404e-05, "elapsed_time": 584.6344950199127, "prnt": false}
{"event": "training_step", "timestamp": 1782384619.145393, "step": 815, "max_steps": 938, "loss": 5.32837438583374, "lr": 2.5344951200406953e-05, "elapsed_time": 585.2713749408722, "prnt": false}
{"event": "training_step", "timestamp": 1782384619.788219, "step": 816, "max_steps": 938, "loss": 5.370214462280273, "lr": 2.4938500544695635e-05, "elapsed_time": 585.9142010211945, "prnt": false}
{"event": "training_step", "timestamp": 1782384620.429444, "step": 817, "max_steps": 938, "loss": 5.310691833496094, "lr": 2.453516683336581e-05, "elapsed_time": 586.5554258823395, "prnt": false}
{"event": "training_step", "timestamp": 1782384621.069379, "step": 818, "max_steps": 938, "loss": 5.3388671875, "lr": 2.4134955652059026e-05, "elapsed_time": 587.1953608989716, "prnt": false}
{"event": "training_step", "timestamp": 1782384621.710617, "step": 819, "max_steps": 938, "loss": 5.331012725830078, "lr": 2.3737872543174143e-05, "elapsed_time": 587.836599111557, "prnt": false}
{"event": "training_step", "timestamp": 1782384622.3519008, "step": 820, "max_steps": 938, "loss": 5.388097286224365, "lr": 2.3343923005790092e-05, "elapsed_time": 588.4778828620911, "prnt": false}
{"event": "training_step", "timestamp": 1782384622.991987, "step": 821, "max_steps": 938, "loss": 5.344265460968018, "lr": 2.2953112495590146e-05, "elapsed_time": 589.1179687976837, "prnt": false}
{"event": "training_step", "timestamp": 1782384623.6313229, "step": 822, "max_steps": 938, "loss": 5.362286567687988, "lr": 2.2565446424786035e-05, "elapsed_time": 589.7573051452637, "prnt": false}
{"event": "training_step", "timestamp": 1782384624.271431, "step": 823, "max_steps": 938, "loss": 5.355563163757324, "lr": 2.2180930162043286e-05, "elapsed_time": 590.3974130153656, "prnt": false}
{"event": "training_step", "timestamp": 1782384624.9113212, "step": 824, "max_steps": 938, "loss": 5.370124816894531, "lr": 2.179956903240652e-05, "elapsed_time": 591.0373029708862, "prnt": false}
{"event": "training_step", "timestamp": 1782384625.553629, "step": 825, "max_steps": 938, "loss": 5.28304386138916, "lr": 2.1421368317226128e-05, "elapsed_time": 591.6796107292175, "prnt": false}
{"event": "training_step", "timestamp": 1782384626.208694, "step": 826, "max_steps": 938, "loss": 5.358139991760254, "lr": 2.1046333254084828e-05, "elapsed_time": 592.3346738815308, "prnt": false}
{"event": "training_step", "timestamp": 1782384626.861703, "step": 827, "max_steps": 938, "loss": 5.361332893371582, "lr": 2.067446903672513e-05, "elapsed_time": 592.9876849651337, "prnt": false}
{"event": "training_step", "timestamp": 1782384627.5129972, "step": 828, "max_steps": 938, "loss": 5.362873077392578, "lr": 2.0305780814977656e-05, "elapsed_time": 593.6389789581299, "prnt": false}
{"event": "training_step", "timestamp": 1782384628.1622279, "step": 829, "max_steps": 938, "loss": 5.308398246765137, "lr": 1.9940273694689547e-05, "elapsed_time": 594.2882099151611, "prnt": false}
{"event": "training_step", "timestamp": 1782384628.807192, "step": 830, "max_steps": 938, "loss": 5.334399223327637, "lr": 1.9577952737653902e-05, "elapsed_time": 594.9331738948822, "prnt": false}
{"event": "training_step", "timestamp": 1782384629.448361, "step": 831, "max_steps": 938, "loss": 5.266140937805176, "lr": 1.921882296153973e-05, "elapsed_time": 595.5743429660797, "prnt": false}
{"event": "training_step", "timestamp": 1782384630.086797, "step": 832, "max_steps": 938, "loss": 5.352372169494629, "lr": 1.8862889339822255e-05, "elapsed_time": 596.212779045105, "prnt": false}
{"event": "training_step", "timestamp": 1782384630.7228851, "step": 833, "max_steps": 938, "loss": 5.297737121582031, "lr": 1.8510156801714205e-05, "elapsed_time": 596.8488669395447, "prnt": false}
{"event": "training_step", "timestamp": 1782384631.3592331, "step": 834, "max_steps": 938, "loss": 5.370811462402344, "lr": 1.8160630232097553e-05, "elapsed_time": 597.4852149486542, "prnt": false}
{"event": "training_step", "timestamp": 1782384631.9940789, "step": 835, "max_steps": 938, "loss": 5.339284896850586, "lr": 1.781431447145572e-05, "elapsed_time": 598.1200618743896, "prnt": false}
{"event": "training_step", "timestamp": 1782384632.628635, "step": 836, "max_steps": 938, "loss": 5.368263244628906, "lr": 1.7471214315806817e-05, "elapsed_time": 598.7546169757843, "prnt": false}
{"event": "validation_step", "timestamp": 1782384635.601673, "step": 836, "max_steps": 938, "loss": 1.235287021775385, "elapsed_time": 598.7546169757843}
{"event": "training_step", "timestamp": 1782384636.2411368, "step": 837, "max_steps": 938, "loss": 5.328325271606445, "lr": 1.7131334516636832e-05, "elapsed_time": 602.3671190738678, "prnt": false}
{"event": "training_step", "timestamp": 1782384636.895568, "step": 838, "max_steps": 938, "loss": 5.275569915771484, "lr": 1.6794679780834262e-05, "elapsed_time": 603.0215499401093, "prnt": false}
{"event": "training_step", "timestamp": 1782384637.542261, "step": 839, "max_steps": 938, "loss": 5.290094375610352, "lr": 1.6461254770624624e-05, "elapsed_time": 603.668242931366, "prnt": false}
{"event": "training_step", "timestamp": 1782384638.1837409, "step": 840, "max_steps": 938, "loss": 5.384923934936523, "lr": 1.613106410350589e-05, "elapsed_time": 604.3097229003906, "prnt": false}
{"event": "training_step", "timestamp": 1782384638.820661, "step": 841, "max_steps": 938, "loss": 5.341535568237305, "lr": 1.58041123521848e-05, "elapsed_time": 604.9466428756714, "prnt": false}
{"event": "training_step", "timestamp": 1782384639.454897, "step": 842, "max_steps": 938, "loss": 5.378117084503174, "lr": 1.5480404044513285e-05, "elapsed_time": 605.5808789730072, "prnt": false}
{"event": "training_step", "timestamp": 1782384640.0884402, "step": 843, "max_steps": 938, "loss": 5.37310791015625, "lr": 1.5159943663425794e-05, "elapsed_time": 606.2144210338593, "prnt": false}
{"event": "training_step", "timestamp": 1782384640.721527, "step": 844, "max_steps": 938, "loss": 5.323533058166504, "lr": 1.4842735646877383e-05, "elapsed_time": 606.8475098609924, "prnt": false}
{"event": "training_step", "timestamp": 1782384641.355039, "step": 845, "max_steps": 938, "loss": 5.382307052612305, "lr": 1.4528784387782e-05, "elapsed_time": 607.4810209274292, "prnt": false}
{"event": "training_step", "timestamp": 1782384641.987874, "step": 846, "max_steps": 938, "loss": 5.290450572967529, "lr": 1.4218094233951947e-05, "elapsed_time": 608.1138558387756, "prnt": false}
{"event": "training_step", "timestamp": 1782384642.6223612, "step": 847, "max_steps": 938, "loss": 5.343687534332275, "lr": 1.3910669488037347e-05, "elapsed_time": 608.7483429908752, "prnt": false}
{"event": "training_step", "timestamp": 1782384643.257921, "step": 848, "max_steps": 938, "loss": 5.308423042297363, "lr": 1.3606514407466754e-05, "elapsed_time": 609.3839030265808, "prnt": false}
{"event": "training_step", "timestamp": 1782384643.893089, "step": 849, "max_steps": 938, "loss": 5.334095001220703, "lr": 1.3305633204388253e-05, "elapsed_time": 610.0190708637238, "prnt": false}
{"event": "training_step", "timestamp": 1782384644.5299149, "step": 850, "max_steps": 938, "loss": 5.28264045715332, "lr": 1.3008030045610874e-05, "elapsed_time": 610.6558971405029, "prnt": false}
{"event": "training_step", "timestamp": 1782384645.169158, "step": 851, "max_steps": 938, "loss": 5.331455707550049, "lr": 1.2713709052547196e-05, "elapsed_time": 611.2951390743256, "prnt": false}
{"event": "training_step", "timestamp": 1782384645.810888, "step": 852, "max_steps": 938, "loss": 5.365558624267578, "lr": 1.2422674301156057e-05, "elapsed_time": 611.9368698596954, "prnt": false}
{"event": "training_step", "timestamp": 1782384646.453225, "step": 853, "max_steps": 938, "loss": 5.305586814880371, "lr": 1.2134929821886107e-05, "elapsed_time": 612.579206943512, "prnt": false}
{"event": "training_step", "timestamp": 1782384647.0975091, "step": 854, "max_steps": 938, "loss": 5.4216790199279785, "lr": 1.1850479599620157e-05, "elapsed_time": 613.2234909534454, "prnt": false}
{"event": "training_step", "timestamp": 1782384647.741106, "step": 855, "max_steps": 938, "loss": 5.394880294799805, "lr": 1.1569327573619809e-05, "elapsed_time": 613.8670880794525, "prnt": false}
{"event": "training_step", "timestamp": 1782384648.3830342, "step": 856, "max_steps": 938, "loss": 5.3090925216674805, "lr": 1.1291477637471007e-05, "elapsed_time": 614.5090160369873, "prnt": false}
{"event": "training_step", "timestamp": 1782384649.024259, "step": 857, "max_steps": 938, "loss": 5.329863548278809, "lr": 1.1016933639030124e-05, "elapsed_time": 615.1502408981323, "prnt": false}
{"event": "training_step", "timestamp": 1782384649.667139, "step": 858, "max_steps": 938, "loss": 5.325108051300049, "lr": 1.0745699380370582e-05, "elapsed_time": 615.7931208610535, "prnt": false}
{"event": "training_step", "timestamp": 1782384650.306349, "step": 859, "max_steps": 938, "loss": 5.326547622680664, "lr": 1.0477778617730327e-05, "elapsed_time": 616.4323308467865, "prnt": false}
{"event": "training_step", "timestamp": 1782384650.946186, "step": 860, "max_steps": 938, "loss": 5.322248458862305, "lr": 1.0213175061459676e-05, "elapsed_time": 617.0721678733826, "prnt": false}
{"event": "training_step", "timestamp": 1782384651.586587, "step": 861, "max_steps": 938, "loss": 5.339221000671387, "lr": 9.951892375970041e-06, "elapsed_time": 617.7125689983368, "prnt": false}
{"event": "training_step", "timestamp": 1782384652.2281332, "step": 862, "max_steps": 938, "loss": 5.29432487487793, "lr": 9.693934179683097e-06, "elapsed_time": 618.3541150093079, "prnt": false}
{"event": "training_step", "timestamp": 1782384652.867831, "step": 863, "max_steps": 938, "loss": 5.290987968444824, "lr": 9.439304044980801e-06, "elapsed_time": 618.9938130378723, "prnt": false}
{"event": "training_step", "timestamp": 1782384653.50756, "step": 864, "max_steps": 938, "loss": 5.395134925842285, "lr": 9.188005498155687e-06, "elapsed_time": 619.6335418224335, "prnt": false}
{"event": "training_step", "timestamp": 1782384654.146131, "step": 865, "max_steps": 938, "loss": 5.409651279449463, "lr": 8.940042019362373e-06, "elapsed_time": 620.2721128463745, "prnt": false}
{"event": "training_step", "timestamp": 1782384654.78479, "step": 866, "max_steps": 938, "loss": 5.429947853088379, "lr": 8.69541704256894e-06, "elapsed_time": 620.9107718467712, "prnt": false}
{"event": "training_step", "timestamp": 1782384655.425647, "step": 867, "max_steps": 938, "loss": 5.4115376472473145, "lr": 8.454133955509829e-06, "elapsed_time": 621.5516300201416, "prnt": false}
{"event": "training_step", "timestamp": 1782384656.068597, "step": 868, "max_steps": 938, "loss": 5.341681480407715, "lr": 8.21619609963855e-06, "elapsed_time": 622.1945779323578, "prnt": false}
{"event": "training_step", "timestamp": 1782384656.713999, "step": 869, "max_steps": 938, "loss": 5.339003086090088, "lr": 7.981606770081584e-06, "elapsed_time": 622.8399810791016, "prnt": false}
{"event": "training_step", "timestamp": 1782384657.359942, "step": 870, "max_steps": 938, "loss": 5.29747200012207, "lr": 7.75036921559283e-06, "elapsed_time": 623.4859240055084, "prnt": false}
{"event": "training_step", "timestamp": 1782384658.0053198, "step": 871, "max_steps": 938, "loss": 5.32900333404541, "lr": 7.522486638508314e-06, "elapsed_time": 624.1313018798828, "prnt": false}
{"event": "training_step", "timestamp": 1782384658.647916, "step": 872, "max_steps": 938, "loss": 5.269761562347412, "lr": 7.297962194702206e-06, "elapsed_time": 624.7738969326019, "prnt": false}
{"event": "training_step", "timestamp": 1782384659.2881541, "step": 873, "max_steps": 938, "loss": 5.372174263000488, "lr": 7.076798993542926e-06, "elapsed_time": 625.4141359329224, "prnt": false}
{"event": "training_step", "timestamp": 1782384659.926281, "step": 874, "max_steps": 938, "loss": 5.338890075683594, "lr": 6.859000097849996e-06, "elapsed_time": 626.0522627830505, "prnt": false}
{"event": "training_step", "timestamp": 1782384660.56499, "step": 875, "max_steps": 938, "loss": 5.358863830566406, "lr": 6.64456852385182e-06, "elapsed_time": 626.6909728050232, "prnt": false}
{"event": "training_step", "timestamp": 1782384661.202442, "step": 876, "max_steps": 938, "loss": 5.337306976318359, "lr": 6.433507241143808e-06, "elapsed_time": 627.3284239768982, "prnt": false}
{"event": "training_step", "timestamp": 1782384661.839415, "step": 877, "max_steps": 938, "loss": 5.260931968688965, "lr": 6.2258191726472105e-06, "elapsed_time": 627.9653968811035, "prnt": false}
{"event": "training_step", "timestamp": 1782384662.4771469, "step": 878, "max_steps": 938, "loss": 5.321662425994873, "lr": 6.021507194568822e-06, "elapsed_time": 628.6031279563904, "prnt": false}
{"event": "training_step", "timestamp": 1782384663.115477, "step": 879, "max_steps": 938, "loss": 5.409108638763428, "lr": 5.820574136360875e-06, "elapsed_time": 629.2414588928223, "prnt": false}
{"event": "training_step", "timestamp": 1782384663.7537532, "step": 880, "max_steps": 938, "loss": 5.328335285186768, "lr": 5.6230227806821015e-06, "elapsed_time": 629.879734992981, "prnt": false}
{"event": "validation_step", "timestamp": 1782384666.760136, "step": 880, "max_steps": 938, "loss": 1.2344985153839014, "elapsed_time": 629.879734992981}
{"event": "training_step", "timestamp": 1782384667.4065862, "step": 881, "max_steps": 938, "loss": 5.317566871643066, "lr": 5.4288558633590966e-06, "elapsed_time": 633.5325679779053, "prnt": false}
{"event": "training_step", "timestamp": 1782384668.0715709, "step": 882, "max_steps": 938, "loss": 5.365610599517822, "lr": 5.238076073348352e-06, "elapsed_time": 634.1975529193878, "prnt": false}
{"event": "training_step", "timestamp": 1782384668.72912, "step": 883, "max_steps": 938, "loss": 5.364981651306152, "lr": 5.050686052699178e-06, "elapsed_time": 634.8551018238068, "prnt": false}
{"event": "training_step", "timestamp": 1782384669.380076, "step": 884, "max_steps": 938, "loss": 5.323025226593018, "lr": 4.866688396517062e-06, "elapsed_time": 635.5060579776764, "prnt": false}
{"event": "training_step", "timestamp": 1782384670.023911, "step": 885, "max_steps": 938, "loss": 5.344255447387695, "lr": 4.686085652927565e-06, "elapsed_time": 636.1498930454254, "prnt": false}
{"event": "training_step", "timestamp": 1782384670.664625, "step": 886, "max_steps": 938, "loss": 5.267515182495117, "lr": 4.508880323041324e-06, "elapsed_time": 636.7906081676483, "prnt": false}
{"event": "training_step", "timestamp": 1782384671.30334, "step": 887, "max_steps": 938, "loss": 5.350883960723877, "lr": 4.335074860919157e-06, "elapsed_time": 637.4293220043182, "prnt": false}
{"event": "training_step", "timestamp": 1782384671.941264, "step": 888, "max_steps": 938, "loss": 5.3001627922058105, "lr": 4.16467167353824e-06, "elapsed_time": 638.0672459602356, "prnt": false}
{"event": "training_step", "timestamp": 1782384672.580747, "step": 889, "max_steps": 938, "loss": 5.339004993438721, "lr": 3.997673120758739e-06, "elapsed_time": 638.7067279815674, "prnt": false}
{"event": "training_step", "timestamp": 1782384673.219604, "step": 890, "max_steps": 938, "loss": 5.366969585418701, "lr": 3.8340815152910086e-06, "elapsed_time": 639.3455858230591, "prnt": false}
{"event": "training_step", "timestamp": 1782384673.8589702, "step": 891, "max_steps": 938, "loss": 5.333863735198975, "lr": 3.6738991226637258e-06, "elapsed_time": 639.9849510192871, "prnt": false}
{"event": "training_step", "timestamp": 1782384674.499108, "step": 892, "max_steps": 938, "loss": 5.288616180419922, "lr": 3.517128161192505e-06, "elapsed_time": 640.6250910758972, "prnt": false}
{"event": "training_step", "timestamp": 1782384675.140874, "step": 893, "max_steps": 938, "loss": 5.2795257568359375, "lr": 3.36377080194903e-06, "elapsed_time": 641.266854763031, "prnt": false}
{"event": "training_step", "timestamp": 1782384675.786238, "step": 894, "max_steps": 938, "loss": 5.346853256225586, "lr": 3.2138291687311097e-06, "elapsed_time": 641.9122197628021, "prnt": false}
{"event": "training_step", "timestamp": 1782384676.4349198, "step": 895, "max_steps": 938, "loss": 5.2953290939331055, "lr": 3.067305338033258e-06, "elapsed_time": 642.5609018802643, "prnt": false}
{"event": "training_step", "timestamp": 1782384677.084616, "step": 896, "max_steps": 938, "loss": 5.292550086975098, "lr": 2.9242013390178828e-06, "elapsed_time": 643.2105977535248, "prnt": false}
{"event": "training_step", "timestamp": 1782384677.730931, "step": 897, "max_steps": 938, "loss": 5.300734996795654, "lr": 2.7845191534872855e-06, "elapsed_time": 643.8569128513336, "prnt": false}
{"event": "training_step", "timestamp": 1782384678.375359, "step": 898, "max_steps": 938, "loss": 5.306121826171875, "lr": 2.648260715856069e-06, "elapsed_time": 644.5013408660889, "prnt": false}
{"event": "training_step", "timestamp": 1782384679.0176692, "step": 899, "max_steps": 938, "loss": 5.271047592163086, "lr": 2.5154279131244685e-06, "elapsed_time": 645.143651008606, "prnt": false}
{"event": "training_step", "timestamp": 1782384679.6588311, "step": 900, "max_steps": 938, "loss": 5.433277130126953, "lr": 2.3860225848522052e-06, "elapsed_time": 645.7848129272461, "prnt": false}
{"event": "training_step", "timestamp": 1782384680.299838, "step": 901, "max_steps": 938, "loss": 5.334076881408691, "lr": 2.260046523132925e-06, "elapsed_time": 646.4258198738098, "prnt": false}
{"event": "training_step", "timestamp": 1782384680.939125, "step": 902, "max_steps": 938, "loss": 5.313540458679199, "lr": 2.137501472569471e-06, "elapsed_time": 647.0651068687439, "prnt": false}
{"event": "training_step", "timestamp": 1782384681.5792, "step": 903, "max_steps": 938, "loss": 5.374136447906494, "lr": 2.0183891302497047e-06, "elapsed_time": 647.7051818370819, "prnt": false}
{"event": "training_step", "timestamp": 1782384682.217831, "step": 904, "max_steps": 938, "loss": 5.33259391784668, "lr": 1.9027111457229753e-06, "elapsed_time": 648.3438131809235, "prnt": false}
{"event": "training_step", "timestamp": 1782384682.857344, "step": 905, "max_steps": 938, "loss": 5.3384809494018555, "lr": 1.7904691209773029e-06, "elapsed_time": 648.983325958252, "prnt": false}
{"event": "training_step", "timestamp": 1782384683.495179, "step": 906, "max_steps": 938, "loss": 5.312654495239258, "lr": 1.681664610417147e-06, "elapsed_time": 649.6211597919464, "prnt": false}
{"event": "training_step", "timestamp": 1782384684.1328619, "step": 907, "max_steps": 938, "loss": 5.387420177459717, "lr": 1.5762991208419823e-06, "elapsed_time": 650.2588438987732, "prnt": false}
{"event": "training_step", "timestamp": 1782384684.7708879, "step": 908, "max_steps": 938, "loss": 5.313645362854004, "lr": 1.474374111425285e-06, "elapsed_time": 650.8968691825867, "prnt": false}
{"event": "training_step", "timestamp": 1782384685.414319, "step": 909, "max_steps": 938, "loss": 5.3227667808532715, "lr": 1.3758909936944424e-06, "elapsed_time": 651.5402948856354, "prnt": false}
{"event": "training_step", "timestamp": 1782384686.059581, "step": 910, "max_steps": 938, "loss": 5.339269161224365, "lr": 1.2808511315112104e-06, "elapsed_time": 652.1855628490448, "prnt": false}
{"event": "training_step", "timestamp": 1782384686.705835, "step": 911, "max_steps": 938, "loss": 5.3722004890441895, "lr": 1.1892558410526763e-06, "elapsed_time": 652.8318159580231, "prnt": false}
{"event": "training_step", "timestamp": 1782384687.352331, "step": 912, "max_steps": 938, "loss": 5.307884216308594, "lr": 1.1011063907932455e-06, "elapsed_time": 653.4783129692078, "prnt": false}
{"event": "training_step", "timestamp": 1782384687.9977689, "step": 913, "max_steps": 938, "loss": 5.366177558898926, "lr": 1.0164040014869054e-06, "elapsed_time": 654.1237509250641, "prnt": false}
{"event": "training_step", "timestamp": 1782384688.639523, "step": 914, "max_steps": 938, "loss": 5.321261405944824, "lr": 9.351498461503798e-07, "elapsed_time": 654.7655050754547, "prnt": false}
{"event": "training_step", "timestamp": 1782384689.280591, "step": 915, "max_steps": 938, "loss": 5.331717491149902, "lr": 8.573450500469198e-07, "elapsed_time": 655.4065730571747, "prnt": false}
{"event": "training_step", "timestamp": 1782384689.920247, "step": 916, "max_steps": 938, "loss": 5.322749137878418, "lr": 7.829906906706775e-07, "elapsed_time": 656.0462288856506, "prnt": false}
{"event": "training_step", "timestamp": 1782384690.5583382, "step": 917, "max_steps": 938, "loss": 5.2404890060424805, "lr": 7.120877977317471e-07, "elapsed_time": 656.684319972992, "prnt": false}
{"event": "training_step", "timestamp": 1782384691.196609, "step": 918, "max_steps": 938, "loss": 5.388047218322754, "lr": 6.446373531420101e-07, "elapsed_time": 657.3225908279419, "prnt": false}
{"event": "training_step", "timestamp": 1782384691.8337548, "step": 919, "max_steps": 938, "loss": 5.369784355163574, "lr": 5.806402910014238e-07, "elapsed_time": 657.9597370624542, "prnt": false}
{"event": "training_step", "timestamp": 1782384692.472162, "step": 920, "max_steps": 938, "loss": 5.305999279022217, "lr": 5.200974975852275e-07, "elapsed_time": 658.5981440544128, "prnt": false}
{"event": "training_step", "timestamp": 1782384693.1099389, "step": 921, "max_steps": 938, "loss": 5.330902576446533, "lr": 4.63009811331452e-07, "elapsed_time": 659.2359209060669, "prnt": false}
{"event": "training_step", "timestamp": 1782384693.747627, "step": 922, "max_steps": 938, "loss": 5.367825508117676, "lr": 4.0937802282951355e-07, "elapsed_time": 659.8736088275909, "prnt": false}
{"event": "training_step", "timestamp": 1782384694.3854988, "step": 923, "max_steps": 938, "loss": 5.304587364196777, "lr": 3.5920287480922223e-07, "elapsed_time": 660.5114810466766, "prnt": false}
{"event": "training_step", "timestamp": 1782384695.0229602, "step": 924, "max_steps": 938, "loss": 5.346103668212891, "lr": 3.124850621303745e-07, "elapsed_time": 661.1489419937134, "prnt": false}
{"event": "validation_step", "timestamp": 1782384698.030752, "step": 924, "max_steps": 938, "loss": 1.2344858306139685, "elapsed_time": 661.1489419937134}
{"event": "training_step", "timestamp": 1782384698.672169, "step": 925, "max_steps": 938, "loss": 5.308300495147705, "lr": 2.6922523177328867e-07, "elapsed_time": 664.7981507778168, "prnt": false}
{"event": "training_step", "timestamp": 1782384699.323432, "step": 926, "max_steps": 938, "loss": 5.286106109619141, "lr": 2.2942398282970164e-07, "elapsed_time": 665.4494149684906, "prnt": false}
{"event": "training_step", "timestamp": 1782384699.965025, "step": 927, "max_steps": 938, "loss": 5.267012119293213, "lr": 1.9308186649463672e-07, "elapsed_time": 666.0910069942474, "prnt": false}
{"event": "training_step", "timestamp": 1782384700.6026828, "step": 928, "max_steps": 938, "loss": 5.342343330383301, "lr": 1.6019938605860464e-07, "elapsed_time": 666.7286651134491, "prnt": false}
{"event": "training_step", "timestamp": 1782384701.2397912, "step": 929, "max_steps": 938, "loss": 5.3259382247924805, "lr": 1.3077699690072043e-07, "elapsed_time": 667.3657720088959, "prnt": false}
{"event": "training_step", "timestamp": 1782384701.874294, "step": 930, "max_steps": 938, "loss": 5.304658889770508, "lr": 1.0481510648240328e-07, "elapsed_time": 668.000275850296, "prnt": false}
{"event": "training_step", "timestamp": 1782384702.508551, "step": 931, "max_steps": 938, "loss": 5.379695892333984, "lr": 8.231407434171441e-08, "elapsed_time": 668.6345319747925, "prnt": false}
{"event": "training_step", "timestamp": 1782384703.14313, "step": 932, "max_steps": 938, "loss": 5.312540054321289, "lr": 6.327421208833372e-08, "elapsed_time": 669.2691121101379, "prnt": false}
{"event": "training_step", "timestamp": 1782384703.7794719, "step": 933, "max_steps": 938, "loss": 5.346620559692383, "lr": 4.769578339936873e-08, "elapsed_time": 669.9054539203644, "prnt": false}
{"event": "training_step", "timestamp": 1782384704.416189, "step": 934, "max_steps": 938, "loss": 5.391470909118652, "lr": 3.557900401558005e-08, "elapsed_time": 670.5421707630157, "prnt": false}
{"event": "training_step", "timestamp": 1782384705.053996, "step": 935, "max_steps": 938, "loss": 5.31508731842041, "lr": 2.692404173838386e-08, "elapsed_time": 671.1799778938293, "prnt": false}
{"event": "training_step", "timestamp": 1782384705.692578, "step": 936, "max_steps": 938, "loss": 5.3465166091918945, "lr": 2.1731016427659308e-08, "elapsed_time": 671.818559885025, "prnt": false}
{"event": "training_step", "timestamp": 1782384706.3368478, "step": 937, "max_steps": 938, "loss": 5.317020416259766, "lr": 2e-08, "elapsed_time": 672.4628300666809, "prnt": false}
{"event": "training_step", "timestamp": 1782384706.983316, "step": 938, "max_steps": 938, "loss": 5.330225467681885, "lr": 2.1731016427659308e-08, "elapsed_time": 673.109297990799, "prnt": false}
{"event": "validation_step", "timestamp": 1782384710.010745, "step": 938, "max_steps": 938, "loss": 1.2344824470321505, "elapsed_time": 673.109297990799}
