{"event": "hyperparameters_configured", "timestamp": 1782400240.0985181, "block_size": 256, "batch_size": 64, "train_batch_size": 32, "vocab_size": 24000, "n_layer": 8, "n_head": 9, "d_model": 576, "dropout": 0.15, "qk_norm": true, "weight_decay": 0.1, "beta1": 0.9, "beta2": 0.95, "evals_per_epoch": 3, "gradient_accumulation_steps": 1, "epochs": 7, "seed": 1337, "num_titles": 100000, "val_frac": 0.1, "log_file": "./logs/mainrun.log", "run_tag": "final", "muon_lr": 0.02, "adamw_lr": 0.0005, "muon_momentum": 0.95, "wsd_warmup_pct": 0.05, "wsd_decay_pct": 0.2, "rope_theta": 1000.0, "label_smoothing": 0.0, "use_ema": true, "ema_target_decay": 0.999, "domain_tokens": true}
{"event": "device_info", "timestamp": 1782400240.106459, "device": "mps"}
{"event": "dataset_info", "timestamp": 1782400248.750283, "titles_count": 90000, "epochs": 7, "batches_per_epoch": 125, "opt_steps_per_epoch": 125, "tokens_per_epoch": 1028505, "vocab_size": 24000}
{"event": "model_info", "timestamp": 1782400249.4621718, "parameters_count": 45685312}
{"event": "optimizer_info", "timestamp": 1782400250.032427, "muon_params": 40, "adamw_params": 34, "muon_lr": 0.02, "adamw_lr": 0.0005}
{"event": "training_step", "timestamp": 1782400251.350539, "step": 1, "max_steps": 875, "loss": 10.200701713562012, "lr": 0.0009302325581395349, "adamw_lr": 2.325581395348837e-05, "elapsed_time": 1.3176229000091553, "prnt": false}
{"event": "validation_step", "timestamp": 1782400256.276671, "step": 1, "max_steps": 875, "loss": 1.7803217755830685, "ema": true, "elapsed_time": 1.3176229000091553}
{"event": "training_step", "timestamp": 1782400257.419884, "step": 2, "max_steps": 875, "loss": 10.193645477294922, "lr": 0.0013953488372093023, "adamw_lr": 3.4883720930232556e-05, "elapsed_time": 7.386999845504761, "prnt": false}
{"event": "training_step", "timestamp": 1782400258.731034, "step": 3, "max_steps": 875, "loss": 10.165279388427734, "lr": 0.0018604651162790699, "adamw_lr": 4.651162790697674e-05, "elapsed_time": 8.6981520652771, "prnt": false}
{"event": "training_step", "timestamp": 1782400260.069076, "step": 4, "max_steps": 875, "loss": 10.143683433532715, "lr": 0.002325581395348837, "adamw_lr": 5.8139534883720933e-05, "elapsed_time": 10.036192893981934, "prnt": false}
{"event": "training_step", "timestamp": 1782400261.399408, "step": 5, "max_steps": 875, "loss": 10.094789505004883, "lr": 0.0027906976744186047, "adamw_lr": 6.976744186046511e-05, "elapsed_time": 11.366524934768677, "prnt": false}
{"event": "training_step", "timestamp": 1782400262.717539, "step": 6, "max_steps": 875, "loss": 10.035501480102539, "lr": 0.0032558139534883722, "adamw_lr": 8.139534883720931e-05, "elapsed_time": 12.684654951095581, "prnt": false}
{"event": "training_step", "timestamp": 1782400264.052203, "step": 7, "max_steps": 875, "loss": 9.955742835998535, "lr": 0.0037209302325581397, "adamw_lr": 9.302325581395348e-05, "elapsed_time": 14.01931881904602, "prnt": false}
{"event": "training_step", "timestamp": 1782400265.375676, "step": 8, "max_steps": 875, "loss": 9.865103721618652, "lr": 0.004186046511627907, "adamw_lr": 0.00010465116279069768, "elapsed_time": 15.342792987823486, "prnt": false}
{"event": "training_step", "timestamp": 1782400266.7030048, "step": 9, "max_steps": 875, "loss": 9.757946968078613, "lr": 0.004651162790697674, "adamw_lr": 0.00011627906976744187, "elapsed_time": 16.670122146606445, "prnt": false}
{"event": "training_step", "timestamp": 1782400268.013652, "step": 10, "max_steps": 875, "loss": 9.625680923461914, "lr": 0.005116279069767442, "adamw_lr": 0.00012790697674418605, "elapsed_time": 17.98076891899109, "prnt": false}
{"event": "training_step", "timestamp": 1782400269.3585322, "step": 11, "max_steps": 875, "loss": 9.483955383300781, "lr": 0.005581395348837209, "adamw_lr": 0.00013953488372093022, "elapsed_time": 19.32564902305603, "prnt": false}
{"event": "training_step", "timestamp": 1782400270.6604009, "step": 12, "max_steps": 875, "loss": 9.375788688659668, "lr": 0.0060465116279069765, "adamw_lr": 0.00015116279069767442, "elapsed_time": 20.62751793861389, "prnt": false}
{"event": "training_step", "timestamp": 1782400271.9625568, "step": 13, "max_steps": 875, "loss": 9.218680381774902, "lr": 0.0065116279069767444, "adamw_lr": 0.00016279069767441862, "elapsed_time": 21.92967414855957, "prnt": false}
{"event": "training_step", "timestamp": 1782400273.309685, "step": 14, "max_steps": 875, "loss": 9.069820404052734, "lr": 0.0069767441860465115, "adamw_lr": 0.0001744186046511628, "elapsed_time": 23.276801824569702, "prnt": false}
{"event": "training_step", "timestamp": 1782400274.622089, "step": 15, "max_steps": 875, "loss": 8.951910972595215, "lr": 0.0074418604651162795, "adamw_lr": 0.00018604651162790697, "elapsed_time": 24.589205741882324, "prnt": false}
{"event": "training_step", "timestamp": 1782400276.0048158, "step": 16, "max_steps": 875, "loss": 8.867097854614258, "lr": 0.007906976744186046, "adamw_lr": 0.00019767441860465116, "elapsed_time": 25.971932888031006, "prnt": false}
{"event": "training_step", "timestamp": 1782400277.354134, "step": 17, "max_steps": 875, "loss": 8.734786033630371, "lr": 0.008372093023255815, "adamw_lr": 0.00020930232558139536, "elapsed_time": 27.321250915527344, "prnt": false}
{"event": "training_step", "timestamp": 1782400278.700525, "step": 18, "max_steps": 875, "loss": 8.62348461151123, "lr": 0.008837209302325582, "adamw_lr": 0.00022093023255813954, "elapsed_time": 28.66764187812805, "prnt": false}
{"event": "training_step", "timestamp": 1782400280.073979, "step": 19, "max_steps": 875, "loss": 8.524554252624512, "lr": 0.009302325581395349, "adamw_lr": 0.00023255813953488373, "elapsed_time": 30.041095972061157, "prnt": false}
{"event": "training_step", "timestamp": 1782400281.380745, "step": 20, "max_steps": 875, "loss": 8.437067031860352, "lr": 0.009767441860465116, "adamw_lr": 0.0002441860465116279, "elapsed_time": 31.347860097885132, "prnt": false}
{"event": "training_step", "timestamp": 1782400282.738136, "step": 21, "max_steps": 875, "loss": 8.332843780517578, "lr": 0.010232558139534885, "adamw_lr": 0.0002558139534883721, "elapsed_time": 32.70525288581848, "prnt": false}
{"event": "training_step", "timestamp": 1782400284.097482, "step": 22, "max_steps": 875, "loss": 8.178604125976562, "lr": 0.01069767441860465, "adamw_lr": 0.00026744186046511625, "elapsed_time": 34.06459879875183, "prnt": false}
{"event": "training_step", "timestamp": 1782400285.4273548, "step": 23, "max_steps": 875, "loss": 8.111111640930176, "lr": 0.011162790697674419, "adamw_lr": 0.00027906976744186045, "elapsed_time": 35.394471883773804, "prnt": false}
{"event": "training_step", "timestamp": 1782400286.781888, "step": 24, "max_steps": 875, "loss": 8.035541534423828, "lr": 0.011627906976744188, "adamw_lr": 0.00029069767441860465, "elapsed_time": 36.749003887176514, "prnt": false}
{"event": "training_step", "timestamp": 1782400288.153843, "step": 25, "max_steps": 875, "loss": 7.926444053649902, "lr": 0.012093023255813953, "adamw_lr": 0.00030232558139534885, "elapsed_time": 38.12095904350281, "prnt": false}
{"event": "training_step", "timestamp": 1782400289.546598, "step": 26, "max_steps": 875, "loss": 7.819488048553467, "lr": 0.012558139534883722, "adamw_lr": 0.00031395348837209304, "elapsed_time": 39.51371502876282, "prnt": false}
{"event": "training_step", "timestamp": 1782400290.92022, "step": 27, "max_steps": 875, "loss": 7.720400810241699, "lr": 0.013023255813953489, "adamw_lr": 0.00032558139534883724, "elapsed_time": 40.88733696937561, "prnt": false}
{"event": "training_step", "timestamp": 1782400292.301984, "step": 28, "max_steps": 875, "loss": 7.6430206298828125, "lr": 0.013488372093023256, "adamw_lr": 0.0003372093023255814, "elapsed_time": 42.269099950790405, "prnt": false}
{"event": "training_step", "timestamp": 1782400293.661546, "step": 29, "max_steps": 875, "loss": 7.563198566436768, "lr": 0.013953488372093023, "adamw_lr": 0.0003488372093023256, "elapsed_time": 43.62866282463074, "prnt": false}
{"event": "training_step", "timestamp": 1782400295.063267, "step": 30, "max_steps": 875, "loss": 7.44426155090332, "lr": 0.01441860465116279, "adamw_lr": 0.00036046511627906973, "elapsed_time": 45.030383825302124, "prnt": false}
{"event": "training_step", "timestamp": 1782400296.445154, "step": 31, "max_steps": 875, "loss": 7.373829364776611, "lr": 0.014883720930232559, "adamw_lr": 0.00037209302325581393, "elapsed_time": 46.412269830703735, "prnt": false}
{"event": "training_step", "timestamp": 1782400297.813482, "step": 32, "max_steps": 875, "loss": 7.323590278625488, "lr": 0.015348837209302326, "adamw_lr": 0.0003837209302325582, "elapsed_time": 47.780598878860474, "prnt": false}
{"event": "training_step", "timestamp": 1782400299.202417, "step": 33, "max_steps": 875, "loss": 7.239835739135742, "lr": 0.01581395348837209, "adamw_lr": 0.00039534883720930233, "elapsed_time": 49.1695339679718, "prnt": false}
{"event": "training_step", "timestamp": 1782400300.581097, "step": 34, "max_steps": 875, "loss": 7.233938694000244, "lr": 0.01627906976744186, "adamw_lr": 0.00040697674418604653, "elapsed_time": 50.548213720321655, "prnt": false}
{"event": "training_step", "timestamp": 1782400301.9777331, "step": 35, "max_steps": 875, "loss": 7.15723991394043, "lr": 0.01674418604651163, "adamw_lr": 0.0004186046511627907, "elapsed_time": 51.94484996795654, "prnt": false}
{"event": "training_step", "timestamp": 1782400303.354597, "step": 36, "max_steps": 875, "loss": 7.2052435874938965, "lr": 0.017209302325581394, "adamw_lr": 0.00043023255813953487, "elapsed_time": 53.32171392440796, "prnt": false}
{"event": "training_step", "timestamp": 1782400304.759566, "step": 37, "max_steps": 875, "loss": 7.088743209838867, "lr": 0.017674418604651163, "adamw_lr": 0.00044186046511627907, "elapsed_time": 54.726682901382446, "prnt": false}
{"event": "training_step", "timestamp": 1782400306.18852, "step": 38, "max_steps": 875, "loss": 7.0766754150390625, "lr": 0.01813953488372093, "adamw_lr": 0.0004534883720930232, "elapsed_time": 56.15563702583313, "prnt": false}
{"event": "training_step", "timestamp": 1782400307.563345, "step": 39, "max_steps": 875, "loss": 7.004088878631592, "lr": 0.018604651162790697, "adamw_lr": 0.00046511627906976747, "elapsed_time": 57.53046202659607, "prnt": false}
{"event": "training_step", "timestamp": 1782400308.937931, "step": 40, "max_steps": 875, "loss": 7.013395309448242, "lr": 0.019069767441860466, "adamw_lr": 0.00047674418604651167, "elapsed_time": 58.90504789352417, "prnt": false}
{"event": "training_step", "timestamp": 1782400310.316164, "step": 41, "max_steps": 875, "loss": 7.009352684020996, "lr": 0.01953488372093023, "adamw_lr": 0.0004883720930232558, "elapsed_time": 60.28328204154968, "prnt": false}
{"event": "validation_step", "timestamp": 1782400315.3161302, "step": 41, "max_steps": 875, "loss": 1.2269554216920973, "ema": true, "elapsed_time": 60.28328204154968}
{"event": "training_step", "timestamp": 1782400316.784578, "step": 42, "max_steps": 875, "loss": 6.984542369842529, "lr": 0.02, "adamw_lr": 0.0005, "elapsed_time": 66.75169491767883, "prnt": false}
{"event": "training_step", "timestamp": 1782400318.1116989, "step": 43, "max_steps": 875, "loss": 6.910048484802246, "lr": 0.02, "adamw_lr": 0.0005, "elapsed_time": 68.07881569862366, "prnt": false}
{"event": "training_step", "timestamp": 1782400319.529293, "step": 44, "max_steps": 875, "loss": 6.941601276397705, "lr": 0.02, "adamw_lr": 0.0005, "elapsed_time": 69.49640989303589, "prnt": false}
{"event": "training_step", "timestamp": 1782400320.932419, "step": 45, "max_steps": 875, "loss": 6.89629602432251, "lr": 0.02, "adamw_lr": 0.0005, "elapsed_time": 70.89953684806824, "prnt": false}
{"event": "training_step", "timestamp": 1782400322.293395, "step": 46, "max_steps": 875, "loss": 6.901670455932617, "lr": 0.02, "adamw_lr": 0.0005, "elapsed_time": 72.2605128288269, "prnt": false}
{"event": "training_step", "timestamp": 1782400323.676157, "step": 47, "max_steps": 875, "loss": 6.876697540283203, "lr": 0.02, "adamw_lr": 0.0005, "elapsed_time": 73.6432740688324, "prnt": false}
{"event": "training_step", "timestamp": 1782400325.04582, "step": 48, "max_steps": 875, "loss": 6.832037925720215, "lr": 0.02, "adamw_lr": 0.0005, "elapsed_time": 75.01293706893921, "prnt": false}
{"event": "training_step", "timestamp": 1782400326.3998568, "step": 49, "max_steps": 875, "loss": 6.842490196228027, "lr": 0.02, "adamw_lr": 0.0005, "elapsed_time": 76.36697506904602, "prnt": false}
{"event": "training_step", "timestamp": 1782400327.772782, "step": 50, "max_steps": 875, "loss": 6.824170112609863, "lr": 0.02, "adamw_lr": 0.0005, "elapsed_time": 77.7398910522461, "prnt": false}
{"event": "training_step", "timestamp": 1782400329.155102, "step": 51, "max_steps": 875, "loss": 6.806905269622803, "lr": 0.02, "adamw_lr": 0.0005, "elapsed_time": 79.1222198009491, "prnt": false}
{"event": "training_step", "timestamp": 1782400330.544842, "step": 52, "max_steps": 875, "loss": 6.779626846313477, "lr": 0.02, "adamw_lr": 0.0005, "elapsed_time": 80.51195883750916, "prnt": false}
{"event": "training_step", "timestamp": 1782400331.900075, "step": 53, "max_steps": 875, "loss": 6.788895606994629, "lr": 0.02, "adamw_lr": 0.0005, "elapsed_time": 81.86719179153442, "prnt": false}
{"event": "training_step", "timestamp": 1782400333.2466931, "step": 54, "max_steps": 875, "loss": 6.80427885055542, "lr": 0.02, "adamw_lr": 0.0005, "elapsed_time": 83.21380996704102, "prnt": false}
{"event": "training_step", "timestamp": 1782400334.665013, "step": 55, "max_steps": 875, "loss": 6.712821960449219, "lr": 0.02, "adamw_lr": 0.0005, "elapsed_time": 84.63212990760803, "prnt": false}
{"event": "training_step", "timestamp": 1782400336.09923, "step": 56, "max_steps": 875, "loss": 6.833536624908447, "lr": 0.02, "adamw_lr": 0.0005, "elapsed_time": 86.0663468837738, "prnt": false}
{"event": "training_step", "timestamp": 1782400337.516402, "step": 57, "max_steps": 875, "loss": 6.678450584411621, "lr": 0.02, "adamw_lr": 0.0005, "elapsed_time": 87.48351812362671, "prnt": false}
{"event": "training_step", "timestamp": 1782400338.9208598, "step": 58, "max_steps": 875, "loss": 6.719066143035889, "lr": 0.02, "adamw_lr": 0.0005, "elapsed_time": 88.8879771232605, "prnt": false}
{"event": "training_step", "timestamp": 1782400340.300357, "step": 59, "max_steps": 875, "loss": 6.642359733581543, "lr": 0.02, "adamw_lr": 0.0005, "elapsed_time": 90.26747298240662, "prnt": false}
{"event": "training_step", "timestamp": 1782400341.699195, "step": 60, "max_steps": 875, "loss": 6.666885852813721, "lr": 0.02, "adamw_lr": 0.0005, "elapsed_time": 91.6663110256195, "prnt": false}
{"event": "training_step", "timestamp": 1782400343.095393, "step": 61, "max_steps": 875, "loss": 6.6623854637146, "lr": 0.02, "adamw_lr": 0.0005, "elapsed_time": 93.06250882148743, "prnt": false}
{"event": "training_step", "timestamp": 1782400344.477752, "step": 62, "max_steps": 875, "loss": 6.658624172210693, "lr": 0.02, "adamw_lr": 0.0005, "elapsed_time": 94.44486904144287, "prnt": false}
{"event": "training_step", "timestamp": 1782400345.828415, "step": 63, "max_steps": 875, "loss": 6.733110427856445, "lr": 0.02, "adamw_lr": 0.0005, "elapsed_time": 95.79553294181824, "prnt": false}
{"event": "training_step", "timestamp": 1782400347.2009048, "step": 64, "max_steps": 875, "loss": 6.590970039367676, "lr": 0.02, "adamw_lr": 0.0005, "elapsed_time": 97.16802191734314, "prnt": false}
{"event": "training_step", "timestamp": 1782400348.554294, "step": 65, "max_steps": 875, "loss": 6.599025726318359, "lr": 0.02, "adamw_lr": 0.0005, "elapsed_time": 98.52141094207764, "prnt": false}
{"event": "training_step", "timestamp": 1782400349.853996, "step": 66, "max_steps": 875, "loss": 6.622779846191406, "lr": 0.02, "adamw_lr": 0.0005, "elapsed_time": 99.82111191749573, "prnt": false}
{"event": "training_step", "timestamp": 1782400351.200207, "step": 67, "max_steps": 875, "loss": 6.635166168212891, "lr": 0.02, "adamw_lr": 0.0005, "elapsed_time": 101.16732406616211, "prnt": false}
{"event": "training_step", "timestamp": 1782400352.544393, "step": 68, "max_steps": 875, "loss": 6.566494464874268, "lr": 0.02, "adamw_lr": 0.0005, "elapsed_time": 102.5115098953247, "prnt": false}
{"event": "training_step", "timestamp": 1782400353.847235, "step": 69, "max_steps": 875, "loss": 6.599336624145508, "lr": 0.02, "adamw_lr": 0.0005, "elapsed_time": 103.81435084342957, "prnt": false}
{"event": "training_step", "timestamp": 1782400355.189685, "step": 70, "max_steps": 875, "loss": 6.5656208992004395, "lr": 0.02, "adamw_lr": 0.0005, "elapsed_time": 105.15680193901062, "prnt": false}
{"event": "training_step", "timestamp": 1782400356.556861, "step": 71, "max_steps": 875, "loss": 6.550854206085205, "lr": 0.02, "adamw_lr": 0.0005, "elapsed_time": 106.5239770412445, "prnt": false}
{"event": "training_step", "timestamp": 1782400357.8927958, "step": 72, "max_steps": 875, "loss": 6.598602294921875, "lr": 0.02, "adamw_lr": 0.0005, "elapsed_time": 107.85991311073303, "prnt": false}
{"event": "training_step", "timestamp": 1782400359.2713, "step": 73, "max_steps": 875, "loss": 6.558775901794434, "lr": 0.02, "adamw_lr": 0.0005, "elapsed_time": 109.23841786384583, "prnt": false}
{"event": "training_step", "timestamp": 1782400360.646432, "step": 74, "max_steps": 875, "loss": 6.616200923919678, "lr": 0.02, "adamw_lr": 0.0005, "elapsed_time": 110.61354780197144, "prnt": false}
{"event": "training_step", "timestamp": 1782400362.0102558, "step": 75, "max_steps": 875, "loss": 6.57326602935791, "lr": 0.02, "adamw_lr": 0.0005, "elapsed_time": 111.97737288475037, "prnt": false}
{"event": "training_step", "timestamp": 1782400363.407275, "step": 76, "max_steps": 875, "loss": 6.509187698364258, "lr": 0.02, "adamw_lr": 0.0005, "elapsed_time": 113.37439298629761, "prnt": false}
{"event": "training_step", "timestamp": 1782400364.8029718, "step": 77, "max_steps": 875, "loss": 6.558122634887695, "lr": 0.02, "adamw_lr": 0.0005, "elapsed_time": 114.77009010314941, "prnt": false}
{"event": "training_step", "timestamp": 1782400366.209009, "step": 78, "max_steps": 875, "loss": 6.515585422515869, "lr": 0.02, "adamw_lr": 0.0005, "elapsed_time": 116.17612600326538, "prnt": false}
{"event": "training_step", "timestamp": 1782400367.561944, "step": 79, "max_steps": 875, "loss": 6.504472732543945, "lr": 0.02, "adamw_lr": 0.0005, "elapsed_time": 117.52906084060669, "prnt": false}
{"event": "training_step", "timestamp": 1782400368.9279308, "step": 80, "max_steps": 875, "loss": 6.483410835266113, "lr": 0.02, "adamw_lr": 0.0005, "elapsed_time": 118.89504790306091, "prnt": false}
{"event": "training_step", "timestamp": 1782400370.307351, "step": 81, "max_steps": 875, "loss": 6.543087959289551, "lr": 0.02, "adamw_lr": 0.0005, "elapsed_time": 120.2744688987732, "prnt": false}
{"event": "training_step", "timestamp": 1782400371.654801, "step": 82, "max_steps": 875, "loss": 6.5351972579956055, "lr": 0.02, "adamw_lr": 0.0005, "elapsed_time": 121.62191796302795, "prnt": false}
{"event": "validation_step", "timestamp": 1782400376.295988, "step": 82, "max_steps": 875, "loss": 1.1364288810904666, "ema": true, "elapsed_time": 121.62191796302795}
{"event": "training_step", "timestamp": 1782400377.189204, "step": 83, "max_steps": 875, "loss": 6.486248970031738, "lr": 0.02, "adamw_lr": 0.0005, "elapsed_time": 127.1563229560852, "prnt": false}
{"event": "training_step", "timestamp": 1782400378.392168, "step": 84, "max_steps": 875, "loss": 6.452545166015625, "lr": 0.02, "adamw_lr": 0.0005, "elapsed_time": 128.35928511619568, "prnt": false}
{"event": "training_step", "timestamp": 1782400379.783883, "step": 85, "max_steps": 875, "loss": 6.4606428146362305, "lr": 0.02, "adamw_lr": 0.0005, "elapsed_time": 129.75099778175354, "prnt": false}
{"event": "training_step", "timestamp": 1782400381.1240268, "step": 86, "max_steps": 875, "loss": 6.402711391448975, "lr": 0.02, "adamw_lr": 0.0005, "elapsed_time": 131.09114289283752, "prnt": false}
{"event": "training_step", "timestamp": 1782400382.501326, "step": 87, "max_steps": 875, "loss": 6.424184799194336, "lr": 0.02, "adamw_lr": 0.0005, "elapsed_time": 132.46844291687012, "prnt": false}
{"event": "training_step", "timestamp": 1782400383.888462, "step": 88, "max_steps": 875, "loss": 6.435548782348633, "lr": 0.02, "adamw_lr": 0.0005, "elapsed_time": 133.85557889938354, "prnt": false}
{"event": "training_step", "timestamp": 1782400385.134801, "step": 89, "max_steps": 875, "loss": 6.435393810272217, "lr": 0.02, "adamw_lr": 0.0005, "elapsed_time": 135.10191893577576, "prnt": false}
{"event": "training_step", "timestamp": 1782400386.4308212, "step": 90, "max_steps": 875, "loss": 6.418473243713379, "lr": 0.02, "adamw_lr": 0.0005, "elapsed_time": 136.39793801307678, "prnt": false}
{"event": "training_step", "timestamp": 1782400387.7415419, "step": 91, "max_steps": 875, "loss": 6.445674896240234, "lr": 0.02, "adamw_lr": 0.0005, "elapsed_time": 137.70865893363953, "prnt": false}
{"event": "training_step", "timestamp": 1782400389.080766, "step": 92, "max_steps": 875, "loss": 6.414619445800781, "lr": 0.02, "adamw_lr": 0.0005, "elapsed_time": 139.04788374900818, "prnt": false}
{"event": "training_step", "timestamp": 1782400390.3799329, "step": 93, "max_steps": 875, "loss": 6.412026405334473, "lr": 0.02, "adamw_lr": 0.0005, "elapsed_time": 140.34704995155334, "prnt": false}
{"event": "training_step", "timestamp": 1782400391.712859, "step": 94, "max_steps": 875, "loss": 6.387592315673828, "lr": 0.02, "adamw_lr": 0.0005, "elapsed_time": 141.6799759864807, "prnt": false}
{"event": "training_step", "timestamp": 1782400393.086834, "step": 95, "max_steps": 875, "loss": 6.425549507141113, "lr": 0.02, "adamw_lr": 0.0005, "elapsed_time": 143.05395102500916, "prnt": false}
{"event": "training_step", "timestamp": 1782400394.430043, "step": 96, "max_steps": 875, "loss": 6.374194145202637, "lr": 0.02, "adamw_lr": 0.0005, "elapsed_time": 144.3971610069275, "prnt": false}
{"event": "training_step", "timestamp": 1782400395.822346, "step": 97, "max_steps": 875, "loss": 6.382791519165039, "lr": 0.02, "adamw_lr": 0.0005, "elapsed_time": 145.7894628047943, "prnt": false}
{"event": "training_step", "timestamp": 1782400397.196813, "step": 98, "max_steps": 875, "loss": 6.351688861846924, "lr": 0.02, "adamw_lr": 0.0005, "elapsed_time": 147.16392993927002, "prnt": false}
{"event": "training_step", "timestamp": 1782400398.5854862, "step": 99, "max_steps": 875, "loss": 6.364246368408203, "lr": 0.02, "adamw_lr": 0.0005, "elapsed_time": 148.55260181427002, "prnt": false}
{"event": "training_step", "timestamp": 1782400399.9533498, "step": 100, "max_steps": 875, "loss": 6.349339008331299, "lr": 0.02, "adamw_lr": 0.0005, "elapsed_time": 149.9204659461975, "prnt": false}
{"event": "training_step", "timestamp": 1782400401.3382201, "step": 101, "max_steps": 875, "loss": 6.416640281677246, "lr": 0.02, "adamw_lr": 0.0005, "elapsed_time": 151.3053379058838, "prnt": false}
{"event": "training_step", "timestamp": 1782400402.7204962, "step": 102, "max_steps": 875, "loss": 6.344292640686035, "lr": 0.02, "adamw_lr": 0.0005, "elapsed_time": 152.68761205673218, "prnt": false}
{"event": "training_step", "timestamp": 1782400404.109337, "step": 103, "max_steps": 875, "loss": 6.451835632324219, "lr": 0.02, "adamw_lr": 0.0005, "elapsed_time": 154.07645392417908, "prnt": false}
{"event": "training_step", "timestamp": 1782400405.467071, "step": 104, "max_steps": 875, "loss": 6.363968849182129, "lr": 0.02, "adamw_lr": 0.0005, "elapsed_time": 155.43418788909912, "prnt": false}
{"event": "training_step", "timestamp": 1782400406.83183, "step": 105, "max_steps": 875, "loss": 6.379266738891602, "lr": 0.02, "adamw_lr": 0.0005, "elapsed_time": 156.7989478111267, "prnt": false}
{"event": "training_step", "timestamp": 1782400408.209471, "step": 106, "max_steps": 875, "loss": 6.2966413497924805, "lr": 0.02, "adamw_lr": 0.0005, "elapsed_time": 158.1765878200531, "prnt": false}
{"event": "training_step", "timestamp": 1782400409.599595, "step": 107, "max_steps": 875, "loss": 6.3745527267456055, "lr": 0.02, "adamw_lr": 0.0005, "elapsed_time": 159.56671285629272, "prnt": false}
{"event": "training_step", "timestamp": 1782400410.983207, "step": 108, "max_steps": 875, "loss": 6.342949390411377, "lr": 0.02, "adamw_lr": 0.0005, "elapsed_time": 160.95032405853271, "prnt": false}
{"event": "training_step", "timestamp": 1782400412.337715, "step": 109, "max_steps": 875, "loss": 6.343752861022949, "lr": 0.02, "adamw_lr": 0.0005, "elapsed_time": 162.30483102798462, "prnt": false}
{"event": "training_step", "timestamp": 1782400413.6882079, "step": 110, "max_steps": 875, "loss": 6.264402389526367, "lr": 0.02, "adamw_lr": 0.0005, "elapsed_time": 163.6553249359131, "prnt": false}
{"event": "training_step", "timestamp": 1782400415.059196, "step": 111, "max_steps": 875, "loss": 6.308151721954346, "lr": 0.02, "adamw_lr": 0.0005, "elapsed_time": 165.02631306648254, "prnt": false}
{"event": "training_step", "timestamp": 1782400416.413409, "step": 112, "max_steps": 875, "loss": 6.322494029998779, "lr": 0.02, "adamw_lr": 0.0005, "elapsed_time": 166.38052701950073, "prnt": false}
{"event": "training_step", "timestamp": 1782400417.7862349, "step": 113, "max_steps": 875, "loss": 6.287253379821777, "lr": 0.02, "adamw_lr": 0.0005, "elapsed_time": 167.75335311889648, "prnt": false}
{"event": "training_step", "timestamp": 1782400419.1589, "step": 114, "max_steps": 875, "loss": 6.311147689819336, "lr": 0.02, "adamw_lr": 0.0005, "elapsed_time": 169.12601613998413, "prnt": false}
{"event": "training_step", "timestamp": 1782400420.514863, "step": 115, "max_steps": 875, "loss": 6.319543361663818, "lr": 0.02, "adamw_lr": 0.0005, "elapsed_time": 170.48197984695435, "prnt": false}
{"event": "training_step", "timestamp": 1782400421.8846111, "step": 116, "max_steps": 875, "loss": 6.322294235229492, "lr": 0.02, "adamw_lr": 0.0005, "elapsed_time": 171.8517279624939, "prnt": false}
{"event": "training_step", "timestamp": 1782400423.194696, "step": 117, "max_steps": 875, "loss": 6.319568157196045, "lr": 0.02, "adamw_lr": 0.0005, "elapsed_time": 173.16181302070618, "prnt": false}
{"event": "training_step", "timestamp": 1782400424.54777, "step": 118, "max_steps": 875, "loss": 6.316131591796875, "lr": 0.02, "adamw_lr": 0.0005, "elapsed_time": 174.5148868560791, "prnt": false}
{"event": "training_step", "timestamp": 1782400425.872598, "step": 119, "max_steps": 875, "loss": 6.271463394165039, "lr": 0.02, "adamw_lr": 0.0005, "elapsed_time": 175.8397147655487, "prnt": false}
{"event": "training_step", "timestamp": 1782400427.155804, "step": 120, "max_steps": 875, "loss": 6.308771133422852, "lr": 0.02, "adamw_lr": 0.0005, "elapsed_time": 177.1229190826416, "prnt": false}
{"event": "training_step", "timestamp": 1782400428.507221, "step": 121, "max_steps": 875, "loss": 6.2400665283203125, "lr": 0.02, "adamw_lr": 0.0005, "elapsed_time": 178.47432899475098, "prnt": false}
{"event": "training_step", "timestamp": 1782400429.838698, "step": 122, "max_steps": 875, "loss": 6.276192665100098, "lr": 0.02, "adamw_lr": 0.0005, "elapsed_time": 179.8058159351349, "prnt": false}
{"event": "training_step", "timestamp": 1782400431.2265081, "step": 123, "max_steps": 875, "loss": 6.3004937171936035, "lr": 0.02, "adamw_lr": 0.0005, "elapsed_time": 181.19362497329712, "prnt": false}
{"event": "validation_step", "timestamp": 1782400436.514339, "step": 123, "max_steps": 875, "loss": 1.0925497389958612, "ema": true, "elapsed_time": 181.19362497329712}
{"event": "training_step", "timestamp": 1782400437.7297761, "step": 124, "max_steps": 875, "loss": 6.2553863525390625, "lr": 0.02, "adamw_lr": 0.0005, "elapsed_time": 187.69689297676086, "prnt": false}
{"event": "training_step", "timestamp": 1782400439.1423512, "step": 125, "max_steps": 875, "loss": 6.2140350341796875, "lr": 0.02, "adamw_lr": 0.0005, "elapsed_time": 189.10946798324585, "prnt": false}
{"event": "training_step", "timestamp": 1782400440.561454, "step": 126, "max_steps": 875, "loss": 6.173417091369629, "lr": 0.02, "adamw_lr": 0.0005, "elapsed_time": 190.52857208251953, "prnt": false}
{"event": "training_step", "timestamp": 1782400441.989749, "step": 127, "max_steps": 875, "loss": 6.187599182128906, "lr": 0.02, "adamw_lr": 0.0005, "elapsed_time": 191.9568657875061, "prnt": false}
{"event": "training_step", "timestamp": 1782400443.407964, "step": 128, "max_steps": 875, "loss": 6.217164993286133, "lr": 0.02, "adamw_lr": 0.0005, "elapsed_time": 193.3750820159912, "prnt": false}
{"event": "training_step", "timestamp": 1782400444.824928, "step": 129, "max_steps": 875, "loss": 6.161539077758789, "lr": 0.02, "adamw_lr": 0.0005, "elapsed_time": 194.79204487800598, "prnt": false}
{"event": "training_step", "timestamp": 1782400446.251334, "step": 130, "max_steps": 875, "loss": 6.240808486938477, "lr": 0.02, "adamw_lr": 0.0005, "elapsed_time": 196.2184510231018, "prnt": false}
{"event": "training_step", "timestamp": 1782400447.708628, "step": 131, "max_steps": 875, "loss": 6.175857067108154, "lr": 0.02, "adamw_lr": 0.0005, "elapsed_time": 197.6757459640503, "prnt": false}
{"event": "training_step", "timestamp": 1782400449.143907, "step": 132, "max_steps": 875, "loss": 6.289109230041504, "lr": 0.02, "adamw_lr": 0.0005, "elapsed_time": 199.11102199554443, "prnt": false}
{"event": "training_step", "timestamp": 1782400450.5699892, "step": 133, "max_steps": 875, "loss": 6.208500385284424, "lr": 0.02, "adamw_lr": 0.0005, "elapsed_time": 200.5371060371399, "prnt": false}
{"event": "training_step", "timestamp": 1782400451.99649, "step": 134, "max_steps": 875, "loss": 6.253998756408691, "lr": 0.02, "adamw_lr": 0.0005, "elapsed_time": 201.96360683441162, "prnt": false}
{"event": "training_step", "timestamp": 1782400453.44283, "step": 135, "max_steps": 875, "loss": 6.174859046936035, "lr": 0.02, "adamw_lr": 0.0005, "elapsed_time": 203.40994691848755, "prnt": false}
{"event": "training_step", "timestamp": 1782400454.9035351, "step": 136, "max_steps": 875, "loss": 6.159168243408203, "lr": 0.02, "adamw_lr": 0.0005, "elapsed_time": 204.87065196037292, "prnt": false}
{"event": "training_step", "timestamp": 1782400456.3828878, "step": 137, "max_steps": 875, "loss": 6.256341934204102, "lr": 0.02, "adamw_lr": 0.0005, "elapsed_time": 206.3500051498413, "prnt": false}
{"event": "training_step", "timestamp": 1782400457.8169112, "step": 138, "max_steps": 875, "loss": 6.191282272338867, "lr": 0.02, "adamw_lr": 0.0005, "elapsed_time": 207.78402590751648, "prnt": false}
{"event": "training_step", "timestamp": 1782400459.209174, "step": 139, "max_steps": 875, "loss": 6.169712066650391, "lr": 0.02, "adamw_lr": 0.0005, "elapsed_time": 209.17629098892212, "prnt": false}
{"event": "training_step", "timestamp": 1782400460.651715, "step": 140, "max_steps": 875, "loss": 6.109514236450195, "lr": 0.02, "adamw_lr": 0.0005, "elapsed_time": 210.61883187294006, "prnt": false}
{"event": "training_step", "timestamp": 1782400462.111073, "step": 141, "max_steps": 875, "loss": 6.221352577209473, "lr": 0.02, "adamw_lr": 0.0005, "elapsed_time": 212.07818984985352, "prnt": false}
{"event": "training_step", "timestamp": 1782400463.50679, "step": 142, "max_steps": 875, "loss": 6.1373796463012695, "lr": 0.02, "adamw_lr": 0.0005, "elapsed_time": 213.47390604019165, "prnt": false}
{"event": "training_step", "timestamp": 1782400464.956991, "step": 143, "max_steps": 875, "loss": 6.070433616638184, "lr": 0.02, "adamw_lr": 0.0005, "elapsed_time": 214.92410683631897, "prnt": false}
{"event": "training_step", "timestamp": 1782400466.387902, "step": 144, "max_steps": 875, "loss": 6.143894195556641, "lr": 0.02, "adamw_lr": 0.0005, "elapsed_time": 216.35501885414124, "prnt": false}
{"event": "training_step", "timestamp": 1782400467.8458939, "step": 145, "max_steps": 875, "loss": 6.150129795074463, "lr": 0.02, "adamw_lr": 0.0005, "elapsed_time": 217.81301093101501, "prnt": false}
{"event": "training_step", "timestamp": 1782400469.304731, "step": 146, "max_steps": 875, "loss": 6.139713287353516, "lr": 0.02, "adamw_lr": 0.0005, "elapsed_time": 219.27184891700745, "prnt": false}
{"event": "training_step", "timestamp": 1782400470.7543921, "step": 147, "max_steps": 875, "loss": 6.107512950897217, "lr": 0.02, "adamw_lr": 0.0005, "elapsed_time": 220.72150897979736, "prnt": false}
{"event": "training_step", "timestamp": 1782400472.202427, "step": 148, "max_steps": 875, "loss": 6.10703706741333, "lr": 0.02, "adamw_lr": 0.0005, "elapsed_time": 222.16954493522644, "prnt": false}
{"event": "training_step", "timestamp": 1782400473.681528, "step": 149, "max_steps": 875, "loss": 6.149689197540283, "lr": 0.02, "adamw_lr": 0.0005, "elapsed_time": 223.64864492416382, "prnt": false}
{"event": "training_step", "timestamp": 1782400475.14747, "step": 150, "max_steps": 875, "loss": 6.1558403968811035, "lr": 0.02, "adamw_lr": 0.0005, "elapsed_time": 225.11458492279053, "prnt": false}
{"event": "training_step", "timestamp": 1782400476.622397, "step": 151, "max_steps": 875, "loss": 6.147867202758789, "lr": 0.02, "adamw_lr": 0.0005, "elapsed_time": 226.5895140171051, "prnt": false}
{"event": "training_step", "timestamp": 1782400478.110618, "step": 152, "max_steps": 875, "loss": 6.096906661987305, "lr": 0.02, "adamw_lr": 0.0005, "elapsed_time": 228.0777349472046, "prnt": false}
{"event": "training_step", "timestamp": 1782400479.61419, "step": 153, "max_steps": 875, "loss": 6.13302755355835, "lr": 0.02, "adamw_lr": 0.0005, "elapsed_time": 229.581307888031, "prnt": false}
{"event": "training_step", "timestamp": 1782400481.092371, "step": 154, "max_steps": 875, "loss": 6.122552871704102, "lr": 0.02, "adamw_lr": 0.0005, "elapsed_time": 231.05948781967163, "prnt": false}
{"event": "training_step", "timestamp": 1782400482.579707, "step": 155, "max_steps": 875, "loss": 6.042223930358887, "lr": 0.02, "adamw_lr": 0.0005, "elapsed_time": 232.54682302474976, "prnt": false}
{"event": "training_step", "timestamp": 1782400484.04448, "step": 156, "max_steps": 875, "loss": 6.086949348449707, "lr": 0.02, "adamw_lr": 0.0005, "elapsed_time": 234.0115978717804, "prnt": false}
{"event": "training_step", "timestamp": 1782400485.542926, "step": 157, "max_steps": 875, "loss": 6.070557117462158, "lr": 0.02, "adamw_lr": 0.0005, "elapsed_time": 235.5100438594818, "prnt": false}
{"event": "training_step", "timestamp": 1782400487.0481868, "step": 158, "max_steps": 875, "loss": 6.074257850646973, "lr": 0.02, "adamw_lr": 0.0005, "elapsed_time": 237.01530408859253, "prnt": false}
{"event": "training_step", "timestamp": 1782400488.556996, "step": 159, "max_steps": 875, "loss": 6.089564323425293, "lr": 0.02, "adamw_lr": 0.0005, "elapsed_time": 238.5241129398346, "prnt": false}
{"event": "training_step", "timestamp": 1782400490.044408, "step": 160, "max_steps": 875, "loss": 6.063232898712158, "lr": 0.02, "adamw_lr": 0.0005, "elapsed_time": 240.0115249156952, "prnt": false}
{"event": "training_step", "timestamp": 1782400491.531944, "step": 161, "max_steps": 875, "loss": 6.1548357009887695, "lr": 0.02, "adamw_lr": 0.0005, "elapsed_time": 241.4990599155426, "prnt": false}
{"event": "training_step", "timestamp": 1782400493.040017, "step": 162, "max_steps": 875, "loss": 6.068471908569336, "lr": 0.02, "adamw_lr": 0.0005, "elapsed_time": 243.00713396072388, "prnt": false}
{"event": "training_step", "timestamp": 1782400494.54234, "step": 163, "max_steps": 875, "loss": 6.075122356414795, "lr": 0.02, "adamw_lr": 0.0005, "elapsed_time": 244.50945687294006, "prnt": false}
{"event": "training_step", "timestamp": 1782400495.987387, "step": 164, "max_steps": 875, "loss": 6.037920951843262, "lr": 0.02, "adamw_lr": 0.0005, "elapsed_time": 245.95450401306152, "prnt": false}
{"event": "validation_step", "timestamp": 1782400501.4325702, "step": 164, "max_steps": 875, "loss": 1.0659147023820097, "ema": true, "elapsed_time": 245.95450401306152}
{"event": "training_step", "timestamp": 1782400502.7646568, "step": 165, "max_steps": 875, "loss": 6.021958827972412, "lr": 0.02, "adamw_lr": 0.0005, "elapsed_time": 252.73177099227905, "prnt": false}
{"event": "training_step", "timestamp": 1782400504.243371, "step": 166, "max_steps": 875, "loss": 6.056474208831787, "lr": 0.02, "adamw_lr": 0.0005, "elapsed_time": 254.21048879623413, "prnt": false}
{"event": "training_step", "timestamp": 1782400505.7500951, "step": 167, "max_steps": 875, "loss": 6.059379577636719, "lr": 0.02, "adamw_lr": 0.0005, "elapsed_time": 255.71721196174622, "prnt": false}
{"event": "training_step", "timestamp": 1782400507.226547, "step": 168, "max_steps": 875, "loss": 5.976327896118164, "lr": 0.02, "adamw_lr": 0.0005, "elapsed_time": 257.1936640739441, "prnt": false}
{"event": "training_step", "timestamp": 1782400508.7472389, "step": 169, "max_steps": 875, "loss": 6.031149864196777, "lr": 0.02, "adamw_lr": 0.0005, "elapsed_time": 258.71435594558716, "prnt": false}
{"event": "training_step", "timestamp": 1782400510.300769, "step": 170, "max_steps": 875, "loss": 5.9971113204956055, "lr": 0.02, "adamw_lr": 0.0005, "elapsed_time": 260.26788687705994, "prnt": false}
{"event": "training_step", "timestamp": 1782400511.825349, "step": 171, "max_steps": 875, "loss": 6.010427474975586, "lr": 0.02, "adamw_lr": 0.0005, "elapsed_time": 261.7924659252167, "prnt": false}
{"event": "training_step", "timestamp": 1782400513.352076, "step": 172, "max_steps": 875, "loss": 5.997439384460449, "lr": 0.02, "adamw_lr": 0.0005, "elapsed_time": 263.31919288635254, "prnt": false}
{"event": "training_step", "timestamp": 1782400514.851719, "step": 173, "max_steps": 875, "loss": 5.981791019439697, "lr": 0.02, "adamw_lr": 0.0005, "elapsed_time": 264.8188371658325, "prnt": false}
{"event": "training_step", "timestamp": 1782400516.35883, "step": 174, "max_steps": 875, "loss": 5.980098724365234, "lr": 0.02, "adamw_lr": 0.0005, "elapsed_time": 266.3259470462799, "prnt": false}
{"event": "training_step", "timestamp": 1782400517.843337, "step": 175, "max_steps": 875, "loss": 6.011308193206787, "lr": 0.02, "adamw_lr": 0.0005, "elapsed_time": 267.81045389175415, "prnt": false}
{"event": "training_step", "timestamp": 1782400519.406852, "step": 176, "max_steps": 875, "loss": 5.989139080047607, "lr": 0.02, "adamw_lr": 0.0005, "elapsed_time": 269.3739700317383, "prnt": false}
{"event": "training_step", "timestamp": 1782400520.9762108, "step": 177, "max_steps": 875, "loss": 5.9572296142578125, "lr": 0.02, "adamw_lr": 0.0005, "elapsed_time": 270.9433288574219, "prnt": false}
{"event": "training_step", "timestamp": 1782400522.487647, "step": 178, "max_steps": 875, "loss": 6.023001670837402, "lr": 0.02, "adamw_lr": 0.0005, "elapsed_time": 272.45476484298706, "prnt": false}
{"event": "training_step", "timestamp": 1782400523.990581, "step": 179, "max_steps": 875, "loss": 6.023739337921143, "lr": 0.02, "adamw_lr": 0.0005, "elapsed_time": 273.95769786834717, "prnt": false}
{"event": "training_step", "timestamp": 1782400525.516764, "step": 180, "max_steps": 875, "loss": 5.9603986740112305, "lr": 0.02, "adamw_lr": 0.0005, "elapsed_time": 275.4838819503784, "prnt": false}
{"event": "training_step", "timestamp": 1782400527.034632, "step": 181, "max_steps": 875, "loss": 6.073683738708496, "lr": 0.02, "adamw_lr": 0.0005, "elapsed_time": 277.0017490386963, "prnt": false}
{"event": "training_step", "timestamp": 1782400528.577433, "step": 182, "max_steps": 875, "loss": 5.943592548370361, "lr": 0.02, "adamw_lr": 0.0005, "elapsed_time": 278.5445508956909, "prnt": false}
{"event": "training_step", "timestamp": 1782400530.104727, "step": 183, "max_steps": 875, "loss": 5.969639301300049, "lr": 0.02, "adamw_lr": 0.0005, "elapsed_time": 280.07184386253357, "prnt": false}
{"event": "training_step", "timestamp": 1782400531.579308, "step": 184, "max_steps": 875, "loss": 5.91585111618042, "lr": 0.02, "adamw_lr": 0.0005, "elapsed_time": 281.54642391204834, "prnt": false}
{"event": "training_step", "timestamp": 1782400533.032686, "step": 185, "max_steps": 875, "loss": 5.9479660987854, "lr": 0.02, "adamw_lr": 0.0005, "elapsed_time": 282.9998028278351, "prnt": false}
{"event": "training_step", "timestamp": 1782400534.493557, "step": 186, "max_steps": 875, "loss": 5.923823356628418, "lr": 0.02, "adamw_lr": 0.0005, "elapsed_time": 284.4606738090515, "prnt": false}
{"event": "training_step", "timestamp": 1782400535.922048, "step": 187, "max_steps": 875, "loss": 5.925197601318359, "lr": 0.02, "adamw_lr": 0.0005, "elapsed_time": 285.8891649246216, "prnt": false}
{"event": "training_step", "timestamp": 1782400537.3529, "step": 188, "max_steps": 875, "loss": 6.0170111656188965, "lr": 0.02, "adamw_lr": 0.0005, "elapsed_time": 287.3200168609619, "prnt": false}
{"event": "training_step", "timestamp": 1782400538.848265, "step": 189, "max_steps": 875, "loss": 5.91748046875, "lr": 0.02, "adamw_lr": 0.0005, "elapsed_time": 288.8153817653656, "prnt": false}
{"event": "training_step", "timestamp": 1782400540.34352, "step": 190, "max_steps": 875, "loss": 5.914520740509033, "lr": 0.02, "adamw_lr": 0.0005, "elapsed_time": 290.3106379508972, "prnt": false}
{"event": "training_step", "timestamp": 1782400541.866456, "step": 191, "max_steps": 875, "loss": 5.953917503356934, "lr": 0.02, "adamw_lr": 0.0005, "elapsed_time": 291.83357286453247, "prnt": false}
{"event": "training_step", "timestamp": 1782400543.420984, "step": 192, "max_steps": 875, "loss": 5.978631019592285, "lr": 0.02, "adamw_lr": 0.0005, "elapsed_time": 293.38810205459595, "prnt": false}
{"event": "training_step", "timestamp": 1782400544.962029, "step": 193, "max_steps": 875, "loss": 5.902501583099365, "lr": 0.02, "adamw_lr": 0.0005, "elapsed_time": 294.9291470050812, "prnt": false}
{"event": "training_step", "timestamp": 1782400546.4774249, "step": 194, "max_steps": 875, "loss": 5.9348039627075195, "lr": 0.02, "adamw_lr": 0.0005, "elapsed_time": 296.44454312324524, "prnt": false}
{"event": "training_step", "timestamp": 1782400547.998024, "step": 195, "max_steps": 875, "loss": 5.929121017456055, "lr": 0.02, "adamw_lr": 0.0005, "elapsed_time": 297.96514105796814, "prnt": false}
{"event": "training_step", "timestamp": 1782400549.511513, "step": 196, "max_steps": 875, "loss": 5.9133453369140625, "lr": 0.02, "adamw_lr": 0.0005, "elapsed_time": 299.4786310195923, "prnt": false}
{"event": "training_step", "timestamp": 1782400551.043991, "step": 197, "max_steps": 875, "loss": 5.953742027282715, "lr": 0.02, "adamw_lr": 0.0005, "elapsed_time": 301.01110792160034, "prnt": false}
{"event": "training_step", "timestamp": 1782400552.558225, "step": 198, "max_steps": 875, "loss": 5.9365339279174805, "lr": 0.02, "adamw_lr": 0.0005, "elapsed_time": 302.52534198760986, "prnt": false}
{"event": "training_step", "timestamp": 1782400554.112418, "step": 199, "max_steps": 875, "loss": 5.9915056228637695, "lr": 0.02, "adamw_lr": 0.0005, "elapsed_time": 304.0795338153839, "prnt": false}
{"event": "training_step", "timestamp": 1782400555.601433, "step": 200, "max_steps": 875, "loss": 5.9494404792785645, "lr": 0.02, "adamw_lr": 0.0005, "elapsed_time": 305.5685498714447, "prnt": false}
{"event": "training_step", "timestamp": 1782400557.11183, "step": 201, "max_steps": 875, "loss": 5.881932258605957, "lr": 0.02, "adamw_lr": 0.0005, "elapsed_time": 307.07894587516785, "prnt": false}
{"event": "training_step", "timestamp": 1782400558.6405709, "step": 202, "max_steps": 875, "loss": 5.950516700744629, "lr": 0.02, "adamw_lr": 0.0005, "elapsed_time": 308.6076879501343, "prnt": false}
{"event": "training_step", "timestamp": 1782400560.158017, "step": 203, "max_steps": 875, "loss": 5.919978141784668, "lr": 0.02, "adamw_lr": 0.0005, "elapsed_time": 310.12513494491577, "prnt": false}
{"event": "training_step", "timestamp": 1782400561.672776, "step": 204, "max_steps": 875, "loss": 5.9083476066589355, "lr": 0.02, "adamw_lr": 0.0005, "elapsed_time": 311.6398937702179, "prnt": false}
{"event": "training_step", "timestamp": 1782400563.219258, "step": 205, "max_steps": 875, "loss": 5.892394065856934, "lr": 0.02, "adamw_lr": 0.0005, "elapsed_time": 313.1863749027252, "prnt": false}
{"event": "validation_step", "timestamp": 1782400568.831084, "step": 205, "max_steps": 875, "loss": 1.0478555695685383, "ema": true, "elapsed_time": 313.1863749027252}
{"event": "training_step", "timestamp": 1782400570.155829, "step": 206, "max_steps": 875, "loss": 5.978010177612305, "lr": 0.02, "adamw_lr": 0.0005, "elapsed_time": 320.1229410171509, "prnt": false}
{"event": "training_step", "timestamp": 1782400571.664036, "step": 207, "max_steps": 875, "loss": 5.941697120666504, "lr": 0.02, "adamw_lr": 0.0005, "elapsed_time": 321.6311528682709, "prnt": false}
{"event": "training_step", "timestamp": 1782400573.04333, "step": 208, "max_steps": 875, "loss": 5.909942626953125, "lr": 0.02, "adamw_lr": 0.0005, "elapsed_time": 323.0104458332062, "prnt": false}
{"event": "training_step", "timestamp": 1782400574.5388422, "step": 209, "max_steps": 875, "loss": 5.880985260009766, "lr": 0.02, "adamw_lr": 0.0005, "elapsed_time": 324.5059599876404, "prnt": false}
{"event": "training_step", "timestamp": 1782400576.0086458, "step": 210, "max_steps": 875, "loss": 5.91251277923584, "lr": 0.02, "adamw_lr": 0.0005, "elapsed_time": 325.9757640361786, "prnt": false}
{"event": "training_step", "timestamp": 1782400577.548673, "step": 211, "max_steps": 875, "loss": 5.841238021850586, "lr": 0.02, "adamw_lr": 0.0005, "elapsed_time": 327.51579093933105, "prnt": false}
{"event": "training_step", "timestamp": 1782400579.079788, "step": 212, "max_steps": 875, "loss": 5.860177993774414, "lr": 0.02, "adamw_lr": 0.0005, "elapsed_time": 329.0469048023224, "prnt": false}
{"event": "training_step", "timestamp": 1782400580.6522188, "step": 213, "max_steps": 875, "loss": 5.890470504760742, "lr": 0.02, "adamw_lr": 0.0005, "elapsed_time": 330.6193358898163, "prnt": false}
{"event": "training_step", "timestamp": 1782400582.214616, "step": 214, "max_steps": 875, "loss": 5.87606954574585, "lr": 0.02, "adamw_lr": 0.0005, "elapsed_time": 332.1817328929901, "prnt": false}
{"event": "training_step", "timestamp": 1782400583.768436, "step": 215, "max_steps": 875, "loss": 5.865627288818359, "lr": 0.02, "adamw_lr": 0.0005, "elapsed_time": 333.7355537414551, "prnt": false}
{"event": "training_step", "timestamp": 1782400585.3037262, "step": 216, "max_steps": 875, "loss": 5.924371242523193, "lr": 0.02, "adamw_lr": 0.0005, "elapsed_time": 335.2708430290222, "prnt": false}
{"event": "training_step", "timestamp": 1782400586.7981598, "step": 217, "max_steps": 875, "loss": 5.8974504470825195, "lr": 0.02, "adamw_lr": 0.0005, "elapsed_time": 336.7652781009674, "prnt": false}
{"event": "training_step", "timestamp": 1782400588.2922509, "step": 218, "max_steps": 875, "loss": 5.8802642822265625, "lr": 0.02, "adamw_lr": 0.0005, "elapsed_time": 338.25936698913574, "prnt": false}
{"event": "training_step", "timestamp": 1782400589.8644962, "step": 219, "max_steps": 875, "loss": 5.857796669006348, "lr": 0.02, "adamw_lr": 0.0005, "elapsed_time": 339.83161306381226, "prnt": false}
{"event": "training_step", "timestamp": 1782400591.3982131, "step": 220, "max_steps": 875, "loss": 5.898454666137695, "lr": 0.02, "adamw_lr": 0.0005, "elapsed_time": 341.36533093452454, "prnt": false}
{"event": "training_step", "timestamp": 1782400592.939429, "step": 221, "max_steps": 875, "loss": 5.8522257804870605, "lr": 0.02, "adamw_lr": 0.0005, "elapsed_time": 342.90654706954956, "prnt": false}
{"event": "training_step", "timestamp": 1782400594.4627998, "step": 222, "max_steps": 875, "loss": 5.8739752769470215, "lr": 0.02, "adamw_lr": 0.0005, "elapsed_time": 344.429918050766, "prnt": false}
{"event": "training_step", "timestamp": 1782400595.989511, "step": 223, "max_steps": 875, "loss": 5.857797622680664, "lr": 0.02, "adamw_lr": 0.0005, "elapsed_time": 345.95662903785706, "prnt": false}
{"event": "training_step", "timestamp": 1782400597.4997172, "step": 224, "max_steps": 875, "loss": 5.871099948883057, "lr": 0.02, "adamw_lr": 0.0005, "elapsed_time": 347.46683406829834, "prnt": false}
{"event": "training_step", "timestamp": 1782400599.006678, "step": 225, "max_steps": 875, "loss": 5.819940567016602, "lr": 0.02, "adamw_lr": 0.0005, "elapsed_time": 348.9737958908081, "prnt": false}
{"event": "training_step", "timestamp": 1782400600.503718, "step": 226, "max_steps": 875, "loss": 5.895276069641113, "lr": 0.02, "adamw_lr": 0.0005, "elapsed_time": 350.47083497047424, "prnt": false}
{"event": "training_step", "timestamp": 1782400602.009238, "step": 227, "max_steps": 875, "loss": 5.852653503417969, "lr": 0.02, "adamw_lr": 0.0005, "elapsed_time": 351.9763557910919, "prnt": false}
{"event": "training_step", "timestamp": 1782400603.5373461, "step": 228, "max_steps": 875, "loss": 5.9484148025512695, "lr": 0.02, "adamw_lr": 0.0005, "elapsed_time": 353.5044629573822, "prnt": false}
{"event": "training_step", "timestamp": 1782400604.992439, "step": 229, "max_steps": 875, "loss": 5.855879783630371, "lr": 0.02, "adamw_lr": 0.0005, "elapsed_time": 354.9595549106598, "prnt": false}
{"event": "training_step", "timestamp": 1782400606.479626, "step": 230, "max_steps": 875, "loss": 5.885451316833496, "lr": 0.02, "adamw_lr": 0.0005, "elapsed_time": 356.44674277305603, "prnt": false}
{"event": "training_step", "timestamp": 1782400607.971835, "step": 231, "max_steps": 875, "loss": 5.806033134460449, "lr": 0.02, "adamw_lr": 0.0005, "elapsed_time": 357.9389510154724, "prnt": false}
{"event": "training_step", "timestamp": 1782400609.3707352, "step": 232, "max_steps": 875, "loss": 5.901302337646484, "lr": 0.02, "adamw_lr": 0.0005, "elapsed_time": 359.3378529548645, "prnt": false}
{"event": "training_step", "timestamp": 1782400610.824508, "step": 233, "max_steps": 875, "loss": 5.868833065032959, "lr": 0.02, "adamw_lr": 0.0005, "elapsed_time": 360.7916250228882, "prnt": false}
{"event": "training_step", "timestamp": 1782400612.271706, "step": 234, "max_steps": 875, "loss": 5.8687744140625, "lr": 0.02, "adamw_lr": 0.0005, "elapsed_time": 362.2388210296631, "prnt": false}
{"event": "training_step", "timestamp": 1782400613.723951, "step": 235, "max_steps": 875, "loss": 5.781795978546143, "lr": 0.02, "adamw_lr": 0.0005, "elapsed_time": 363.69106888771057, "prnt": false}
{"event": "training_step", "timestamp": 1782400615.260149, "step": 236, "max_steps": 875, "loss": 5.833876609802246, "lr": 0.02, "adamw_lr": 0.0005, "elapsed_time": 365.22726583480835, "prnt": false}
{"event": "training_step", "timestamp": 1782400616.7724822, "step": 237, "max_steps": 875, "loss": 5.846320152282715, "lr": 0.02, "adamw_lr": 0.0005, "elapsed_time": 366.739599943161, "prnt": false}
{"event": "training_step", "timestamp": 1782400618.273729, "step": 238, "max_steps": 875, "loss": 5.792555809020996, "lr": 0.02, "adamw_lr": 0.0005, "elapsed_time": 368.2408459186554, "prnt": false}
{"event": "training_step", "timestamp": 1782400619.788203, "step": 239, "max_steps": 875, "loss": 5.822396278381348, "lr": 0.02, "adamw_lr": 0.0005, "elapsed_time": 369.7553207874298, "prnt": false}
{"event": "training_step", "timestamp": 1782400621.3075478, "step": 240, "max_steps": 875, "loss": 5.841310501098633, "lr": 0.02, "adamw_lr": 0.0005, "elapsed_time": 371.2746651172638, "prnt": false}
{"event": "training_step", "timestamp": 1782400622.850357, "step": 241, "max_steps": 875, "loss": 5.833710193634033, "lr": 0.02, "adamw_lr": 0.0005, "elapsed_time": 372.81747484207153, "prnt": false}
{"event": "training_step", "timestamp": 1782400624.381558, "step": 242, "max_steps": 875, "loss": 5.878474235534668, "lr": 0.02, "adamw_lr": 0.0005, "elapsed_time": 374.3486759662628, "prnt": false}
{"event": "training_step", "timestamp": 1782400625.888648, "step": 243, "max_steps": 875, "loss": 5.863223075866699, "lr": 0.02, "adamw_lr": 0.0005, "elapsed_time": 375.8557651042938, "prnt": false}
{"event": "training_step", "timestamp": 1782400627.386254, "step": 244, "max_steps": 875, "loss": 5.823980808258057, "lr": 0.02, "adamw_lr": 0.0005, "elapsed_time": 377.3533709049225, "prnt": false}
{"event": "training_step", "timestamp": 1782400628.894054, "step": 245, "max_steps": 875, "loss": 5.854097366333008, "lr": 0.02, "adamw_lr": 0.0005, "elapsed_time": 378.8611719608307, "prnt": false}
{"event": "training_step", "timestamp": 1782400630.410731, "step": 246, "max_steps": 875, "loss": 5.76690673828125, "lr": 0.02, "adamw_lr": 0.0005, "elapsed_time": 380.37784790992737, "prnt": false}
{"event": "validation_step", "timestamp": 1782400636.1235058, "step": 246, "max_steps": 875, "loss": 1.0328471238476296, "ema": true, "elapsed_time": 380.37784790992737}
{"event": "training_step", "timestamp": 1782400637.4568498, "step": 247, "max_steps": 875, "loss": 5.813652515411377, "lr": 0.02, "adamw_lr": 0.0005, "elapsed_time": 387.42396783828735, "prnt": false}
{"event": "training_step", "timestamp": 1782400639.008533, "step": 248, "max_steps": 875, "loss": 5.856282711029053, "lr": 0.02, "adamw_lr": 0.0005, "elapsed_time": 388.9756507873535, "prnt": false}
{"event": "training_step", "timestamp": 1782400640.496351, "step": 249, "max_steps": 875, "loss": 5.8150458335876465, "lr": 0.02, "adamw_lr": 0.0005, "elapsed_time": 390.46346783638, "prnt": false}
{"event": "training_step", "timestamp": 1782400641.898609, "step": 250, "max_steps": 875, "loss": 5.779666900634766, "lr": 0.02, "adamw_lr": 0.0005, "elapsed_time": 391.8657250404358, "prnt": false}
{"event": "training_step", "timestamp": 1782400643.373462, "step": 251, "max_steps": 875, "loss": 5.738071441650391, "lr": 0.02, "adamw_lr": 0.0005, "elapsed_time": 393.34057879447937, "prnt": false}
{"event": "training_step", "timestamp": 1782400644.825723, "step": 252, "max_steps": 875, "loss": 5.740506172180176, "lr": 0.02, "adamw_lr": 0.0005, "elapsed_time": 394.7928400039673, "prnt": false}
{"event": "training_step", "timestamp": 1782400646.27334, "step": 253, "max_steps": 875, "loss": 5.791316986083984, "lr": 0.02, "adamw_lr": 0.0005, "elapsed_time": 396.2404570579529, "prnt": false}
{"event": "training_step", "timestamp": 1782400647.741199, "step": 254, "max_steps": 875, "loss": 5.736943244934082, "lr": 0.02, "adamw_lr": 0.0005, "elapsed_time": 397.7083158493042, "prnt": false}
{"event": "training_step", "timestamp": 1782400649.204659, "step": 255, "max_steps": 875, "loss": 5.819218635559082, "lr": 0.02, "adamw_lr": 0.0005, "elapsed_time": 399.1717767715454, "prnt": false}
{"event": "training_step", "timestamp": 1782400650.7009962, "step": 256, "max_steps": 875, "loss": 5.760786533355713, "lr": 0.02, "adamw_lr": 0.0005, "elapsed_time": 400.66811299324036, "prnt": false}
{"event": "training_step", "timestamp": 1782400652.1790988, "step": 257, "max_steps": 875, "loss": 5.8678812980651855, "lr": 0.02, "adamw_lr": 0.0005, "elapsed_time": 402.14621591567993, "prnt": false}
{"event": "training_step", "timestamp": 1782400653.681479, "step": 258, "max_steps": 875, "loss": 5.767024993896484, "lr": 0.02, "adamw_lr": 0.0005, "elapsed_time": 403.6485970020294, "prnt": false}
{"event": "training_step", "timestamp": 1782400655.130805, "step": 259, "max_steps": 875, "loss": 5.838600158691406, "lr": 0.02, "adamw_lr": 0.0005, "elapsed_time": 405.09792280197144, "prnt": false}
{"event": "training_step", "timestamp": 1782400656.6340039, "step": 260, "max_steps": 875, "loss": 5.758434295654297, "lr": 0.02, "adamw_lr": 0.0005, "elapsed_time": 406.6011207103729, "prnt": false}
{"event": "training_step", "timestamp": 1782400658.026904, "step": 261, "max_steps": 875, "loss": 5.732248306274414, "lr": 0.02, "adamw_lr": 0.0005, "elapsed_time": 407.994019985199, "prnt": false}
{"event": "training_step", "timestamp": 1782400659.4833121, "step": 262, "max_steps": 875, "loss": 5.821734428405762, "lr": 0.02, "adamw_lr": 0.0005, "elapsed_time": 409.4504289627075, "prnt": false}
{"event": "training_step", "timestamp": 1782400660.958904, "step": 263, "max_steps": 875, "loss": 5.772630214691162, "lr": 0.02, "adamw_lr": 0.0005, "elapsed_time": 410.9260199069977, "prnt": false}
{"event": "training_step", "timestamp": 1782400662.4019752, "step": 264, "max_steps": 875, "loss": 5.743143558502197, "lr": 0.02, "adamw_lr": 0.0005, "elapsed_time": 412.36909198760986, "prnt": false}
{"event": "training_step", "timestamp": 1782400663.8209379, "step": 265, "max_steps": 875, "loss": 5.702301025390625, "lr": 0.02, "adamw_lr": 0.0005, "elapsed_time": 413.7880549430847, "prnt": false}
{"event": "training_step", "timestamp": 1782400665.299444, "step": 266, "max_steps": 875, "loss": 5.816666603088379, "lr": 0.02, "adamw_lr": 0.0005, "elapsed_time": 415.26656007766724, "prnt": false}
{"event": "training_step", "timestamp": 1782400666.75636, "step": 267, "max_steps": 875, "loss": 5.734699249267578, "lr": 0.02, "adamw_lr": 0.0005, "elapsed_time": 416.72347712516785, "prnt": false}
{"event": "training_step", "timestamp": 1782400668.116338, "step": 268, "max_steps": 875, "loss": 5.655979633331299, "lr": 0.02, "adamw_lr": 0.0005, "elapsed_time": 418.0834550857544, "prnt": false}
{"event": "training_step", "timestamp": 1782400669.599326, "step": 269, "max_steps": 875, "loss": 5.741415023803711, "lr": 0.02, "adamw_lr": 0.0005, "elapsed_time": 419.5664427280426, "prnt": false}
{"event": "training_step", "timestamp": 1782400671.0553632, "step": 270, "max_steps": 875, "loss": 5.754836559295654, "lr": 0.02, "adamw_lr": 0.0005, "elapsed_time": 421.02247881889343, "prnt": false}
{"event": "training_step", "timestamp": 1782400672.480999, "step": 271, "max_steps": 875, "loss": 5.731018543243408, "lr": 0.02, "adamw_lr": 0.0005, "elapsed_time": 422.44811606407166, "prnt": false}
{"event": "training_step", "timestamp": 1782400673.905683, "step": 272, "max_steps": 875, "loss": 5.7213029861450195, "lr": 0.02, "adamw_lr": 0.0005, "elapsed_time": 423.87280082702637, "prnt": false}
{"event": "training_step", "timestamp": 1782400675.3983161, "step": 273, "max_steps": 875, "loss": 5.705938339233398, "lr": 0.02, "adamw_lr": 0.0005, "elapsed_time": 425.3654317855835, "prnt": false}
{"event": "training_step", "timestamp": 1782400676.821716, "step": 274, "max_steps": 875, "loss": 5.76535701751709, "lr": 0.02, "adamw_lr": 0.0005, "elapsed_time": 426.7888329029083, "prnt": false}
{"event": "training_step", "timestamp": 1782400678.245059, "step": 275, "max_steps": 875, "loss": 5.755208969116211, "lr": 0.02, "adamw_lr": 0.0005, "elapsed_time": 428.21217489242554, "prnt": false}
{"event": "training_step", "timestamp": 1782400679.732585, "step": 276, "max_steps": 875, "loss": 5.763363838195801, "lr": 0.02, "adamw_lr": 0.0005, "elapsed_time": 429.6997027397156, "prnt": false}
{"event": "training_step", "timestamp": 1782400681.192162, "step": 277, "max_steps": 875, "loss": 5.71972131729126, "lr": 0.02, "adamw_lr": 0.0005, "elapsed_time": 431.1592788696289, "prnt": false}
{"event": "training_step", "timestamp": 1782400682.596661, "step": 278, "max_steps": 875, "loss": 5.738569736480713, "lr": 0.02, "adamw_lr": 0.0005, "elapsed_time": 432.563777923584, "prnt": false}
{"event": "training_step", "timestamp": 1782400684.0738099, "step": 279, "max_steps": 875, "loss": 5.726479530334473, "lr": 0.02, "adamw_lr": 0.0005, "elapsed_time": 434.0409269332886, "prnt": false}
{"event": "training_step", "timestamp": 1782400685.5455701, "step": 280, "max_steps": 875, "loss": 5.663949966430664, "lr": 0.02, "adamw_lr": 0.0005, "elapsed_time": 435.51268792152405, "prnt": false}
{"event": "training_step", "timestamp": 1782400686.952904, "step": 281, "max_steps": 875, "loss": 5.7086381912231445, "lr": 0.02, "adamw_lr": 0.0005, "elapsed_time": 436.9200210571289, "prnt": false}
{"event": "training_step", "timestamp": 1782400688.4054458, "step": 282, "max_steps": 875, "loss": 5.691755294799805, "lr": 0.02, "adamw_lr": 0.0005, "elapsed_time": 438.3725628852844, "prnt": false}
{"event": "training_step", "timestamp": 1782400689.843143, "step": 283, "max_steps": 875, "loss": 5.709273338317871, "lr": 0.02, "adamw_lr": 0.0005, "elapsed_time": 439.81026005744934, "prnt": false}
{"event": "training_step", "timestamp": 1782400691.269239, "step": 284, "max_steps": 875, "loss": 5.7041449546813965, "lr": 0.02, "adamw_lr": 0.0005, "elapsed_time": 441.2363557815552, "prnt": false}
{"event": "training_step", "timestamp": 1782400692.72194, "step": 285, "max_steps": 875, "loss": 5.690394401550293, "lr": 0.02, "adamw_lr": 0.0005, "elapsed_time": 442.68905782699585, "prnt": false}
{"event": "training_step", "timestamp": 1782400694.216754, "step": 286, "max_steps": 875, "loss": 5.789909362792969, "lr": 0.02, "adamw_lr": 0.0005, "elapsed_time": 444.1838719844818, "prnt": false}
{"event": "training_step", "timestamp": 1782400695.63225, "step": 287, "max_steps": 875, "loss": 5.704368591308594, "lr": 0.02, "adamw_lr": 0.0005, "elapsed_time": 445.59936690330505, "prnt": false}
{"event": "validation_step", "timestamp": 1782400701.2039208, "step": 287, "max_steps": 875, "loss": 1.02160314381761, "ema": true, "elapsed_time": 445.59936690330505}
{"event": "training_step", "timestamp": 1782400702.5014908, "step": 288, "max_steps": 875, "loss": 5.713489532470703, "lr": 0.02, "adamw_lr": 0.0005, "elapsed_time": 452.46860814094543, "prnt": false}
{"event": "training_step", "timestamp": 1782400703.9769301, "step": 289, "max_steps": 875, "loss": 5.672013282775879, "lr": 0.02, "adamw_lr": 0.0005, "elapsed_time": 453.94404578208923, "prnt": false}
{"event": "training_step", "timestamp": 1782400705.3982809, "step": 290, "max_steps": 875, "loss": 5.654107093811035, "lr": 0.02, "adamw_lr": 0.0005, "elapsed_time": 455.36539793014526, "prnt": false}
{"event": "training_step", "timestamp": 1782400706.848096, "step": 291, "max_steps": 875, "loss": 5.68996524810791, "lr": 0.02, "adamw_lr": 0.0005, "elapsed_time": 456.8152139186859, "prnt": false}
{"event": "training_step", "timestamp": 1782400708.27883, "step": 292, "max_steps": 875, "loss": 5.694033622741699, "lr": 0.02, "adamw_lr": 0.0005, "elapsed_time": 458.2459468841553, "prnt": false}
{"event": "training_step", "timestamp": 1782400709.7715242, "step": 293, "max_steps": 875, "loss": 5.622211456298828, "lr": 0.02, "adamw_lr": 0.0005, "elapsed_time": 459.73864102363586, "prnt": false}
{"event": "training_step", "timestamp": 1782400711.255162, "step": 294, "max_steps": 875, "loss": 5.67384672164917, "lr": 0.02, "adamw_lr": 0.0005, "elapsed_time": 461.2222800254822, "prnt": false}
{"event": "training_step", "timestamp": 1782400712.740421, "step": 295, "max_steps": 875, "loss": 5.640492916107178, "lr": 0.02, "adamw_lr": 0.0005, "elapsed_time": 462.7075390815735, "prnt": false}
{"event": "training_step", "timestamp": 1782400714.258764, "step": 296, "max_steps": 875, "loss": 5.658394813537598, "lr": 0.02, "adamw_lr": 0.0005, "elapsed_time": 464.22588181495667, "prnt": false}
{"event": "training_step", "timestamp": 1782400715.759048, "step": 297, "max_steps": 875, "loss": 5.641623497009277, "lr": 0.02, "adamw_lr": 0.0005, "elapsed_time": 465.7261641025543, "prnt": false}
{"event": "training_step", "timestamp": 1782400717.217174, "step": 298, "max_steps": 875, "loss": 5.649220943450928, "lr": 0.02, "adamw_lr": 0.0005, "elapsed_time": 467.1842918395996, "prnt": false}
{"event": "training_step", "timestamp": 1782400718.719647, "step": 299, "max_steps": 875, "loss": 5.620335102081299, "lr": 0.02, "adamw_lr": 0.0005, "elapsed_time": 468.68676495552063, "prnt": false}
{"event": "training_step", "timestamp": 1782400720.212915, "step": 300, "max_steps": 875, "loss": 5.657960891723633, "lr": 0.02, "adamw_lr": 0.0005, "elapsed_time": 470.1800320148468, "prnt": false}
{"event": "training_step", "timestamp": 1782400721.699106, "step": 301, "max_steps": 875, "loss": 5.6468424797058105, "lr": 0.02, "adamw_lr": 0.0005, "elapsed_time": 471.66622281074524, "prnt": false}
{"event": "training_step", "timestamp": 1782400723.1868281, "step": 302, "max_steps": 875, "loss": 5.612794876098633, "lr": 0.02, "adamw_lr": 0.0005, "elapsed_time": 473.15394592285156, "prnt": false}
{"event": "training_step", "timestamp": 1782400724.6781409, "step": 303, "max_steps": 875, "loss": 5.680403232574463, "lr": 0.02, "adamw_lr": 0.0005, "elapsed_time": 474.6452589035034, "prnt": false}
{"event": "training_step", "timestamp": 1782400726.1559622, "step": 304, "max_steps": 875, "loss": 5.672126770019531, "lr": 0.02, "adamw_lr": 0.0005, "elapsed_time": 476.1230800151825, "prnt": false}
{"event": "training_step", "timestamp": 1782400727.620228, "step": 305, "max_steps": 875, "loss": 5.611354827880859, "lr": 0.02, "adamw_lr": 0.0005, "elapsed_time": 477.58734488487244, "prnt": false}
{"event": "training_step", "timestamp": 1782400729.105427, "step": 306, "max_steps": 875, "loss": 5.736088752746582, "lr": 0.02, "adamw_lr": 0.0005, "elapsed_time": 479.0725438594818, "prnt": false}
{"event": "training_step", "timestamp": 1782400730.5833, "step": 307, "max_steps": 875, "loss": 5.6198039054870605, "lr": 0.02, "adamw_lr": 0.0005, "elapsed_time": 480.55041694641113, "prnt": false}
{"event": "training_step", "timestamp": 1782400732.041908, "step": 308, "max_steps": 875, "loss": 5.620510101318359, "lr": 0.02, "adamw_lr": 0.0005, "elapsed_time": 482.00902485847473, "prnt": false}
{"event": "training_step", "timestamp": 1782400733.518647, "step": 309, "max_steps": 875, "loss": 5.58555793762207, "lr": 0.02, "adamw_lr": 0.0005, "elapsed_time": 483.48576378822327, "prnt": false}
{"event": "training_step", "timestamp": 1782400735.016439, "step": 310, "max_steps": 875, "loss": 5.612201690673828, "lr": 0.02, "adamw_lr": 0.0005, "elapsed_time": 484.9835557937622, "prnt": false}
{"event": "training_step", "timestamp": 1782400736.4351208, "step": 311, "max_steps": 875, "loss": 5.587436676025391, "lr": 0.02, "adamw_lr": 0.0005, "elapsed_time": 486.40223813056946, "prnt": false}
{"event": "training_step", "timestamp": 1782400737.862852, "step": 312, "max_steps": 875, "loss": 5.5860209465026855, "lr": 0.02, "adamw_lr": 0.0005, "elapsed_time": 487.8299698829651, "prnt": false}
{"event": "training_step", "timestamp": 1782400739.332599, "step": 313, "max_steps": 875, "loss": 5.675793170928955, "lr": 0.02, "adamw_lr": 0.0005, "elapsed_time": 489.2997148036957, "prnt": false}
{"event": "training_step", "timestamp": 1782400740.721764, "step": 314, "max_steps": 875, "loss": 5.577218055725098, "lr": 0.02, "adamw_lr": 0.0005, "elapsed_time": 490.68888092041016, "prnt": false}
{"event": "training_step", "timestamp": 1782400742.142016, "step": 315, "max_steps": 875, "loss": 5.580198764801025, "lr": 0.02, "adamw_lr": 0.0005, "elapsed_time": 492.10913276672363, "prnt": false}
{"event": "training_step", "timestamp": 1782400743.613686, "step": 316, "max_steps": 875, "loss": 5.62187385559082, "lr": 0.02, "adamw_lr": 0.0005, "elapsed_time": 493.58080291748047, "prnt": false}
{"event": "training_step", "timestamp": 1782400745.02839, "step": 317, "max_steps": 875, "loss": 5.642216205596924, "lr": 0.02, "adamw_lr": 0.0005, "elapsed_time": 494.99550795555115, "prnt": false}
{"event": "training_step", "timestamp": 1782400746.490808, "step": 318, "max_steps": 875, "loss": 5.563490867614746, "lr": 0.02, "adamw_lr": 0.0005, "elapsed_time": 496.4579248428345, "prnt": false}
{"event": "training_step", "timestamp": 1782400747.961668, "step": 319, "max_steps": 875, "loss": 5.596820831298828, "lr": 0.02, "adamw_lr": 0.0005, "elapsed_time": 497.9287860393524, "prnt": false}
{"event": "training_step", "timestamp": 1782400749.443886, "step": 320, "max_steps": 875, "loss": 5.600497245788574, "lr": 0.02, "adamw_lr": 0.0005, "elapsed_time": 499.4110028743744, "prnt": false}
{"event": "training_step", "timestamp": 1782400750.9264598, "step": 321, "max_steps": 875, "loss": 5.596064567565918, "lr": 0.02, "adamw_lr": 0.0005, "elapsed_time": 500.89357709884644, "prnt": false}
{"event": "training_step", "timestamp": 1782400752.4131572, "step": 322, "max_steps": 875, "loss": 5.6347455978393555, "lr": 0.02, "adamw_lr": 0.0005, "elapsed_time": 502.3802750110626, "prnt": false}
{"event": "training_step", "timestamp": 1782400753.899703, "step": 323, "max_steps": 875, "loss": 5.603992938995361, "lr": 0.02, "adamw_lr": 0.0005, "elapsed_time": 503.866819858551, "prnt": false}
{"event": "training_step", "timestamp": 1782400755.3769732, "step": 324, "max_steps": 875, "loss": 5.654026985168457, "lr": 0.02, "adamw_lr": 0.0005, "elapsed_time": 505.3440878391266, "prnt": false}
{"event": "training_step", "timestamp": 1782400756.814293, "step": 325, "max_steps": 875, "loss": 5.620082378387451, "lr": 0.02, "adamw_lr": 0.0005, "elapsed_time": 506.781409740448, "prnt": false}
{"event": "training_step", "timestamp": 1782400758.314365, "step": 326, "max_steps": 875, "loss": 5.541985511779785, "lr": 0.02, "adamw_lr": 0.0005, "elapsed_time": 508.2814826965332, "prnt": false}
{"event": "training_step", "timestamp": 1782400759.786433, "step": 327, "max_steps": 875, "loss": 5.627305507659912, "lr": 0.02, "adamw_lr": 0.0005, "elapsed_time": 509.75354981422424, "prnt": false}
{"event": "training_step", "timestamp": 1782400761.2712839, "step": 328, "max_steps": 875, "loss": 5.597684860229492, "lr": 0.02, "adamw_lr": 0.0005, "elapsed_time": 511.2384009361267, "prnt": false}
{"event": "validation_step", "timestamp": 1782400766.803991, "step": 328, "max_steps": 875, "loss": 1.0135458761124039, "ema": true, "elapsed_time": 511.2384009361267}
{"event": "training_step", "timestamp": 1782400768.099197, "step": 329, "max_steps": 875, "loss": 5.583629608154297, "lr": 0.02, "adamw_lr": 0.0005, "elapsed_time": 518.0663139820099, "prnt": false}
{"event": "training_step", "timestamp": 1782400769.606535, "step": 330, "max_steps": 875, "loss": 5.581162452697754, "lr": 0.02, "adamw_lr": 0.0005, "elapsed_time": 519.5736529827118, "prnt": false}
{"event": "training_step", "timestamp": 1782400771.105876, "step": 331, "max_steps": 875, "loss": 5.655876636505127, "lr": 0.02, "adamw_lr": 0.0005, "elapsed_time": 521.0729928016663, "prnt": false}
{"event": "training_step", "timestamp": 1782400772.556299, "step": 332, "max_steps": 875, "loss": 5.622950553894043, "lr": 0.02, "adamw_lr": 0.0005, "elapsed_time": 522.5234158039093, "prnt": false}
{"event": "training_step", "timestamp": 1782400773.9665751, "step": 333, "max_steps": 875, "loss": 5.593152046203613, "lr": 0.02, "adamw_lr": 0.0005, "elapsed_time": 523.9336910247803, "prnt": false}
{"event": "training_step", "timestamp": 1782400775.43473, "step": 334, "max_steps": 875, "loss": 5.56876802444458, "lr": 0.02, "adamw_lr": 0.0005, "elapsed_time": 525.4018459320068, "prnt": false}
{"event": "training_step", "timestamp": 1782400776.83887, "step": 335, "max_steps": 875, "loss": 5.585391998291016, "lr": 0.02, "adamw_lr": 0.0005, "elapsed_time": 526.8059859275818, "prnt": false}
{"event": "training_step", "timestamp": 1782400778.23792, "step": 336, "max_steps": 875, "loss": 5.5243377685546875, "lr": 0.02, "adamw_lr": 0.0005, "elapsed_time": 528.2050368785858, "prnt": false}
{"event": "training_step", "timestamp": 1782400779.6245272, "step": 337, "max_steps": 875, "loss": 5.53419303894043, "lr": 0.02, "adamw_lr": 0.0005, "elapsed_time": 529.5916440486908, "prnt": false}
{"event": "training_step", "timestamp": 1782400780.847656, "step": 338, "max_steps": 875, "loss": 5.567261695861816, "lr": 0.02, "adamw_lr": 0.0005, "elapsed_time": 530.8147737979889, "prnt": false}
{"event": "training_step", "timestamp": 1782400782.2450979, "step": 339, "max_steps": 875, "loss": 5.556153297424316, "lr": 0.02, "adamw_lr": 0.0005, "elapsed_time": 532.2122149467468, "prnt": false}
{"event": "training_step", "timestamp": 1782400783.680824, "step": 340, "max_steps": 875, "loss": 5.5254902839660645, "lr": 0.02, "adamw_lr": 0.0005, "elapsed_time": 533.6479420661926, "prnt": false}
{"event": "training_step", "timestamp": 1782400785.081474, "step": 341, "max_steps": 875, "loss": 5.598995208740234, "lr": 0.02, "adamw_lr": 0.0005, "elapsed_time": 535.0485908985138, "prnt": false}
{"event": "training_step", "timestamp": 1782400786.502764, "step": 342, "max_steps": 875, "loss": 5.587081432342529, "lr": 0.02, "adamw_lr": 0.0005, "elapsed_time": 536.4698820114136, "prnt": false}
{"event": "training_step", "timestamp": 1782400787.9305978, "step": 343, "max_steps": 875, "loss": 5.564903259277344, "lr": 0.02, "adamw_lr": 0.0005, "elapsed_time": 537.8977160453796, "prnt": false}
{"event": "training_step", "timestamp": 1782400789.396141, "step": 344, "max_steps": 875, "loss": 5.550061225891113, "lr": 0.02, "adamw_lr": 0.0005, "elapsed_time": 539.3632569313049, "prnt": false}
{"event": "training_step", "timestamp": 1782400790.8530161, "step": 345, "max_steps": 875, "loss": 5.585848331451416, "lr": 0.02, "adamw_lr": 0.0005, "elapsed_time": 540.8201329708099, "prnt": false}
{"event": "training_step", "timestamp": 1782400792.279922, "step": 346, "max_steps": 875, "loss": 5.535492420196533, "lr": 0.02, "adamw_lr": 0.0005, "elapsed_time": 542.2470400333405, "prnt": false}
{"event": "training_step", "timestamp": 1782400793.526485, "step": 347, "max_steps": 875, "loss": 5.566052436828613, "lr": 0.02, "adamw_lr": 0.0005, "elapsed_time": 543.4936017990112, "prnt": false}
{"event": "training_step", "timestamp": 1782400794.6233962, "step": 348, "max_steps": 875, "loss": 5.546286582946777, "lr": 0.02, "adamw_lr": 0.0005, "elapsed_time": 544.5905129909515, "prnt": false}
{"event": "training_step", "timestamp": 1782400795.9197052, "step": 349, "max_steps": 875, "loss": 5.569779396057129, "lr": 0.02, "adamw_lr": 0.0005, "elapsed_time": 545.8868229389191, "prnt": false}
{"event": "training_step", "timestamp": 1782400797.3045099, "step": 350, "max_steps": 875, "loss": 5.504402160644531, "lr": 0.02, "adamw_lr": 0.0005, "elapsed_time": 547.2716240882874, "prnt": false}
{"event": "training_step", "timestamp": 1782400798.747143, "step": 351, "max_steps": 875, "loss": 5.579033374786377, "lr": 0.02, "adamw_lr": 0.0005, "elapsed_time": 548.7142610549927, "prnt": false}
{"event": "training_step", "timestamp": 1782400800.1458728, "step": 352, "max_steps": 875, "loss": 5.5606584548950195, "lr": 0.02, "adamw_lr": 0.0005, "elapsed_time": 550.112988948822, "prnt": false}
{"event": "training_step", "timestamp": 1782400801.352584, "step": 353, "max_steps": 875, "loss": 5.6370954513549805, "lr": 0.02, "adamw_lr": 0.0005, "elapsed_time": 551.3197009563446, "prnt": false}
{"event": "training_step", "timestamp": 1782400802.745903, "step": 354, "max_steps": 875, "loss": 5.541463851928711, "lr": 0.02, "adamw_lr": 0.0005, "elapsed_time": 552.7130198478699, "prnt": false}
{"event": "training_step", "timestamp": 1782400804.137847, "step": 355, "max_steps": 875, "loss": 5.580438613891602, "lr": 0.02, "adamw_lr": 0.0005, "elapsed_time": 554.104964017868, "prnt": false}
{"event": "training_step", "timestamp": 1782400805.517322, "step": 356, "max_steps": 875, "loss": 5.512426376342773, "lr": 0.02, "adamw_lr": 0.0005, "elapsed_time": 555.4844398498535, "prnt": false}
{"event": "training_step", "timestamp": 1782400806.900157, "step": 357, "max_steps": 875, "loss": 5.602292060852051, "lr": 0.02, "adamw_lr": 0.0005, "elapsed_time": 556.8672740459442, "prnt": false}
{"event": "training_step", "timestamp": 1782400808.294689, "step": 358, "max_steps": 875, "loss": 5.562934875488281, "lr": 0.02, "adamw_lr": 0.0005, "elapsed_time": 558.2618057727814, "prnt": false}
{"event": "training_step", "timestamp": 1782400809.6840608, "step": 359, "max_steps": 875, "loss": 5.557711601257324, "lr": 0.02, "adamw_lr": 0.0005, "elapsed_time": 559.6511781215668, "prnt": false}
{"event": "training_step", "timestamp": 1782400811.145779, "step": 360, "max_steps": 875, "loss": 5.485769271850586, "lr": 0.02, "adamw_lr": 0.0005, "elapsed_time": 561.1128959655762, "prnt": false}
{"event": "training_step", "timestamp": 1782400812.576274, "step": 361, "max_steps": 875, "loss": 5.527649879455566, "lr": 0.02, "adamw_lr": 0.0005, "elapsed_time": 562.5433917045593, "prnt": false}
{"event": "training_step", "timestamp": 1782400814.081681, "step": 362, "max_steps": 875, "loss": 5.549820899963379, "lr": 0.02, "adamw_lr": 0.0005, "elapsed_time": 564.048798084259, "prnt": false}
{"event": "training_step", "timestamp": 1782400815.4847848, "step": 363, "max_steps": 875, "loss": 5.495518207550049, "lr": 0.02, "adamw_lr": 0.0005, "elapsed_time": 565.4519019126892, "prnt": false}
{"event": "training_step", "timestamp": 1782400816.911407, "step": 364, "max_steps": 875, "loss": 5.519469261169434, "lr": 0.02, "adamw_lr": 0.0005, "elapsed_time": 566.8785240650177, "prnt": false}
{"event": "training_step", "timestamp": 1782400818.372138, "step": 365, "max_steps": 875, "loss": 5.526994705200195, "lr": 0.02, "adamw_lr": 0.0005, "elapsed_time": 568.3392558097839, "prnt": false}
{"event": "training_step", "timestamp": 1782400819.8755252, "step": 366, "max_steps": 875, "loss": 5.5456037521362305, "lr": 0.02, "adamw_lr": 0.0005, "elapsed_time": 569.8426430225372, "prnt": false}
{"event": "training_step", "timestamp": 1782400821.358758, "step": 367, "max_steps": 875, "loss": 5.596938133239746, "lr": 0.02, "adamw_lr": 0.0005, "elapsed_time": 571.3258759975433, "prnt": false}
{"event": "training_step", "timestamp": 1782400822.843884, "step": 368, "max_steps": 875, "loss": 5.558468818664551, "lr": 0.02, "adamw_lr": 0.0005, "elapsed_time": 572.8110008239746, "prnt": false}
{"event": "training_step", "timestamp": 1782400824.337551, "step": 369, "max_steps": 875, "loss": 5.518632411956787, "lr": 0.02, "adamw_lr": 0.0005, "elapsed_time": 574.3046679496765, "prnt": false}
{"event": "validation_step", "timestamp": 1782400829.6785731, "step": 369, "max_steps": 875, "loss": 1.0056479474927615, "ema": true, "elapsed_time": 574.3046679496765}
{"event": "training_step", "timestamp": 1782400830.907069, "step": 370, "max_steps": 875, "loss": 5.549648284912109, "lr": 0.02, "adamw_lr": 0.0005, "elapsed_time": 580.8741867542267, "prnt": false}
{"event": "training_step", "timestamp": 1782400832.416366, "step": 371, "max_steps": 875, "loss": 5.465027809143066, "lr": 0.02, "adamw_lr": 0.0005, "elapsed_time": 582.3834838867188, "prnt": false}
{"event": "training_step", "timestamp": 1782400833.911415, "step": 372, "max_steps": 875, "loss": 5.509242534637451, "lr": 0.02, "adamw_lr": 0.0005, "elapsed_time": 583.8785259723663, "prnt": false}
{"event": "training_step", "timestamp": 1782400835.399934, "step": 373, "max_steps": 875, "loss": 5.5485758781433105, "lr": 0.02, "adamw_lr": 0.0005, "elapsed_time": 585.3670508861542, "prnt": false}
{"event": "training_step", "timestamp": 1782400836.879026, "step": 374, "max_steps": 875, "loss": 5.522499084472656, "lr": 0.02, "adamw_lr": 0.0005, "elapsed_time": 586.8461439609528, "prnt": false}
{"event": "training_step", "timestamp": 1782400838.381726, "step": 375, "max_steps": 875, "loss": 5.475853443145752, "lr": 0.02, "adamw_lr": 0.0005, "elapsed_time": 588.3488428592682, "prnt": false}
{"event": "training_step", "timestamp": 1782400839.873076, "step": 376, "max_steps": 875, "loss": 5.446839809417725, "lr": 0.02, "adamw_lr": 0.0005, "elapsed_time": 589.8401927947998, "prnt": false}
{"event": "training_step", "timestamp": 1782400841.3722181, "step": 377, "max_steps": 875, "loss": 5.446537017822266, "lr": 0.02, "adamw_lr": 0.0005, "elapsed_time": 591.3393349647522, "prnt": false}
{"event": "training_step", "timestamp": 1782400842.890099, "step": 378, "max_steps": 875, "loss": 5.499527931213379, "lr": 0.02, "adamw_lr": 0.0005, "elapsed_time": 592.857216835022, "prnt": false}
{"event": "training_step", "timestamp": 1782400844.4036639, "step": 379, "max_steps": 875, "loss": 5.448019504547119, "lr": 0.02, "adamw_lr": 0.0005, "elapsed_time": 594.3707818984985, "prnt": false}
{"event": "training_step", "timestamp": 1782400845.898129, "step": 380, "max_steps": 875, "loss": 5.519131183624268, "lr": 0.02, "adamw_lr": 0.0005, "elapsed_time": 595.8652451038361, "prnt": false}
{"event": "training_step", "timestamp": 1782400847.368832, "step": 381, "max_steps": 875, "loss": 5.44975471496582, "lr": 0.02, "adamw_lr": 0.0005, "elapsed_time": 597.3359498977661, "prnt": false}
{"event": "training_step", "timestamp": 1782400848.866987, "step": 382, "max_steps": 875, "loss": 5.585336685180664, "lr": 0.02, "adamw_lr": 0.0005, "elapsed_time": 598.8341047763824, "prnt": false}
{"event": "training_step", "timestamp": 1782400850.398141, "step": 383, "max_steps": 875, "loss": 5.472700119018555, "lr": 0.02, "adamw_lr": 0.0005, "elapsed_time": 600.3652579784393, "prnt": false}
{"event": "training_step", "timestamp": 1782400851.862657, "step": 384, "max_steps": 875, "loss": 5.542876243591309, "lr": 0.02, "adamw_lr": 0.0005, "elapsed_time": 601.8297739028931, "prnt": false}
{"event": "training_step", "timestamp": 1782400853.3611379, "step": 385, "max_steps": 875, "loss": 5.477123260498047, "lr": 0.02, "adamw_lr": 0.0005, "elapsed_time": 603.3282561302185, "prnt": false}
{"event": "training_step", "timestamp": 1782400854.857441, "step": 386, "max_steps": 875, "loss": 5.457914352416992, "lr": 0.02, "adamw_lr": 0.0005, "elapsed_time": 604.8245589733124, "prnt": false}
{"event": "training_step", "timestamp": 1782400856.340815, "step": 387, "max_steps": 875, "loss": 5.531064033508301, "lr": 0.02, "adamw_lr": 0.0005, "elapsed_time": 606.3079319000244, "prnt": false}
{"event": "training_step", "timestamp": 1782400857.78838, "step": 388, "max_steps": 875, "loss": 5.486347675323486, "lr": 0.02, "adamw_lr": 0.0005, "elapsed_time": 607.7554950714111, "prnt": false}
{"event": "training_step", "timestamp": 1782400859.218046, "step": 389, "max_steps": 875, "loss": 5.45070743560791, "lr": 0.02, "adamw_lr": 0.0005, "elapsed_time": 609.1851620674133, "prnt": false}
{"event": "training_step", "timestamp": 1782400860.689804, "step": 390, "max_steps": 875, "loss": 5.418496608734131, "lr": 0.02, "adamw_lr": 0.0005, "elapsed_time": 610.6569209098816, "prnt": false}
{"event": "training_step", "timestamp": 1782400862.127341, "step": 391, "max_steps": 875, "loss": 5.522268295288086, "lr": 0.02, "adamw_lr": 0.0005, "elapsed_time": 612.094456911087, "prnt": false}
{"event": "training_step", "timestamp": 1782400863.539563, "step": 392, "max_steps": 875, "loss": 5.449100494384766, "lr": 0.02, "adamw_lr": 0.0005, "elapsed_time": 613.5066809654236, "prnt": false}
{"event": "training_step", "timestamp": 1782400864.983972, "step": 393, "max_steps": 875, "loss": 5.3828535079956055, "lr": 0.02, "adamw_lr": 0.0005, "elapsed_time": 614.9510889053345, "prnt": false}
{"event": "training_step", "timestamp": 1782400866.424062, "step": 394, "max_steps": 875, "loss": 5.448976039886475, "lr": 0.02, "adamw_lr": 0.0005, "elapsed_time": 616.3911781311035, "prnt": false}
{"event": "training_step", "timestamp": 1782400867.903012, "step": 395, "max_steps": 875, "loss": 5.476241111755371, "lr": 0.02, "adamw_lr": 0.0005, "elapsed_time": 617.8701288700104, "prnt": false}
{"event": "training_step", "timestamp": 1782400869.403765, "step": 396, "max_steps": 875, "loss": 5.452588081359863, "lr": 0.02, "adamw_lr": 0.0005, "elapsed_time": 619.3708829879761, "prnt": false}
{"event": "training_step", "timestamp": 1782400870.892402, "step": 397, "max_steps": 875, "loss": 5.446634292602539, "lr": 0.02, "adamw_lr": 0.0005, "elapsed_time": 620.8595199584961, "prnt": false}
{"event": "training_step", "timestamp": 1782400872.400982, "step": 398, "max_steps": 875, "loss": 5.422365665435791, "lr": 0.02, "adamw_lr": 0.0005, "elapsed_time": 622.3680989742279, "prnt": false}
{"event": "training_step", "timestamp": 1782400873.883483, "step": 399, "max_steps": 875, "loss": 5.488090991973877, "lr": 0.02, "adamw_lr": 0.0005, "elapsed_time": 623.8506009578705, "prnt": false}
{"event": "training_step", "timestamp": 1782400875.224581, "step": 400, "max_steps": 875, "loss": 5.487246513366699, "lr": 0.02, "adamw_lr": 0.0005, "elapsed_time": 625.1916980743408, "prnt": false}
{"event": "training_step", "timestamp": 1782400876.319917, "step": 401, "max_steps": 875, "loss": 5.490445613861084, "lr": 0.02, "adamw_lr": 0.0005, "elapsed_time": 626.2870349884033, "prnt": false}
{"event": "training_step", "timestamp": 1782400877.448599, "step": 402, "max_steps": 875, "loss": 5.438442230224609, "lr": 0.02, "adamw_lr": 0.0005, "elapsed_time": 627.4157159328461, "prnt": false}
{"event": "training_step", "timestamp": 1782400878.887074, "step": 403, "max_steps": 875, "loss": 5.455431938171387, "lr": 0.02, "adamw_lr": 0.0005, "elapsed_time": 628.8541920185089, "prnt": false}
{"event": "training_step", "timestamp": 1782400880.350803, "step": 404, "max_steps": 875, "loss": 5.44452428817749, "lr": 0.02, "adamw_lr": 0.0005, "elapsed_time": 630.3179197311401, "prnt": false}
{"event": "training_step", "timestamp": 1782400881.808672, "step": 405, "max_steps": 875, "loss": 5.385368347167969, "lr": 0.02, "adamw_lr": 0.0005, "elapsed_time": 631.7757878303528, "prnt": false}
{"event": "training_step", "timestamp": 1782400883.251691, "step": 406, "max_steps": 875, "loss": 5.439836025238037, "lr": 0.02, "adamw_lr": 0.0005, "elapsed_time": 633.2188079357147, "prnt": false}
{"event": "training_step", "timestamp": 1782400884.72084, "step": 407, "max_steps": 875, "loss": 5.403403282165527, "lr": 0.02, "adamw_lr": 0.0005, "elapsed_time": 634.6879529953003, "prnt": false}
{"event": "training_step", "timestamp": 1782400886.197398, "step": 408, "max_steps": 875, "loss": 5.436219692230225, "lr": 0.02, "adamw_lr": 0.0005, "elapsed_time": 636.1645159721375, "prnt": false}
{"event": "training_step", "timestamp": 1782400887.6418009, "step": 409, "max_steps": 875, "loss": 5.446139335632324, "lr": 0.02, "adamw_lr": 0.0005, "elapsed_time": 637.6089177131653, "prnt": false}
{"event": "training_step", "timestamp": 1782400889.09594, "step": 410, "max_steps": 875, "loss": 5.417881488800049, "lr": 0.02, "adamw_lr": 0.0005, "elapsed_time": 639.0630569458008, "prnt": false}
{"event": "validation_step", "timestamp": 1782400894.442079, "step": 410, "max_steps": 875, "loss": 0.9993522634421017, "ema": true, "elapsed_time": 639.0630569458008}
{"event": "training_step", "timestamp": 1782400895.648329, "step": 411, "max_steps": 875, "loss": 5.510831832885742, "lr": 0.02, "adamw_lr": 0.0005, "elapsed_time": 645.6154458522797, "prnt": false}
{"event": "training_step", "timestamp": 1782400897.060141, "step": 412, "max_steps": 875, "loss": 5.428393840789795, "lr": 0.02, "adamw_lr": 0.0005, "elapsed_time": 647.0272579193115, "prnt": false}
{"event": "training_step", "timestamp": 1782400898.4383528, "step": 413, "max_steps": 875, "loss": 5.44542121887207, "lr": 0.02, "adamw_lr": 0.0005, "elapsed_time": 648.4054710865021, "prnt": false}
{"event": "training_step", "timestamp": 1782400899.883392, "step": 414, "max_steps": 875, "loss": 5.39515495300293, "lr": 0.02, "adamw_lr": 0.0005, "elapsed_time": 649.850508928299, "prnt": false}
{"event": "training_step", "timestamp": 1782400901.273327, "step": 415, "max_steps": 875, "loss": 5.379970550537109, "lr": 0.02, "adamw_lr": 0.0005, "elapsed_time": 651.240443944931, "prnt": false}
{"event": "training_step", "timestamp": 1782400902.650592, "step": 416, "max_steps": 875, "loss": 5.420279502868652, "lr": 0.02, "adamw_lr": 0.0005, "elapsed_time": 652.6177089214325, "prnt": false}
{"event": "training_step", "timestamp": 1782400904.07122, "step": 417, "max_steps": 875, "loss": 5.430815696716309, "lr": 0.02, "adamw_lr": 0.0005, "elapsed_time": 654.0383257865906, "prnt": false}
{"event": "training_step", "timestamp": 1782400905.443903, "step": 418, "max_steps": 875, "loss": 5.354310512542725, "lr": 0.02, "adamw_lr": 0.0005, "elapsed_time": 655.4110188484192, "prnt": false}
{"event": "training_step", "timestamp": 1782400906.8453372, "step": 419, "max_steps": 875, "loss": 5.402368545532227, "lr": 0.02, "adamw_lr": 0.0005, "elapsed_time": 656.8124530315399, "prnt": false}
{"event": "training_step", "timestamp": 1782400908.25584, "step": 420, "max_steps": 875, "loss": 5.377124309539795, "lr": 0.02, "adamw_lr": 0.0005, "elapsed_time": 658.2229568958282, "prnt": false}
{"event": "training_step", "timestamp": 1782400909.710481, "step": 421, "max_steps": 875, "loss": 5.391664505004883, "lr": 0.02, "adamw_lr": 0.0005, "elapsed_time": 659.6775979995728, "prnt": false}
{"event": "training_step", "timestamp": 1782400911.195956, "step": 422, "max_steps": 875, "loss": 5.378037929534912, "lr": 0.02, "adamw_lr": 0.0005, "elapsed_time": 661.1630737781525, "prnt": false}
{"event": "training_step", "timestamp": 1782400912.588912, "step": 423, "max_steps": 875, "loss": 5.377782344818115, "lr": 0.02, "adamw_lr": 0.0005, "elapsed_time": 662.5560290813446, "prnt": false}
{"event": "training_step", "timestamp": 1782400914.069087, "step": 424, "max_steps": 875, "loss": 5.344324111938477, "lr": 0.02, "adamw_lr": 0.0005, "elapsed_time": 664.0362048149109, "prnt": false}
{"event": "training_step", "timestamp": 1782400915.548317, "step": 425, "max_steps": 875, "loss": 5.392812728881836, "lr": 0.02, "adamw_lr": 0.0005, "elapsed_time": 665.5154347419739, "prnt": false}
{"event": "training_step", "timestamp": 1782400917.038996, "step": 426, "max_steps": 875, "loss": 5.3857269287109375, "lr": 0.02, "adamw_lr": 0.0005, "elapsed_time": 667.0061128139496, "prnt": false}
{"event": "training_step", "timestamp": 1782400918.460494, "step": 427, "max_steps": 875, "loss": 5.343968391418457, "lr": 0.02, "adamw_lr": 0.0005, "elapsed_time": 668.4276120662689, "prnt": false}
{"event": "training_step", "timestamp": 1782400919.881938, "step": 428, "max_steps": 875, "loss": 5.4169464111328125, "lr": 0.02, "adamw_lr": 0.0005, "elapsed_time": 669.8490550518036, "prnt": false}
{"event": "training_step", "timestamp": 1782400921.382616, "step": 429, "max_steps": 875, "loss": 5.404853343963623, "lr": 0.02, "adamw_lr": 0.0005, "elapsed_time": 671.349732875824, "prnt": false}
{"event": "training_step", "timestamp": 1782400922.873516, "step": 430, "max_steps": 875, "loss": 5.340476989746094, "lr": 0.02, "adamw_lr": 0.0005, "elapsed_time": 672.8406338691711, "prnt": false}
{"event": "training_step", "timestamp": 1782400924.3962948, "step": 431, "max_steps": 875, "loss": 5.4683451652526855, "lr": 0.02, "adamw_lr": 0.0005, "elapsed_time": 674.3634130954742, "prnt": false}
{"event": "training_step", "timestamp": 1782400925.868387, "step": 432, "max_steps": 875, "loss": 5.362861633300781, "lr": 0.02, "adamw_lr": 0.0005, "elapsed_time": 675.8355050086975, "prnt": false}
{"event": "training_step", "timestamp": 1782400927.340935, "step": 433, "max_steps": 875, "loss": 5.363851547241211, "lr": 0.02, "adamw_lr": 0.0005, "elapsed_time": 677.3080520629883, "prnt": false}
{"event": "training_step", "timestamp": 1782400928.8381262, "step": 434, "max_steps": 875, "loss": 5.324862480163574, "lr": 0.02, "adamw_lr": 0.0005, "elapsed_time": 678.8052439689636, "prnt": false}
{"event": "training_step", "timestamp": 1782400930.312024, "step": 435, "max_steps": 875, "loss": 5.3492817878723145, "lr": 0.02, "adamw_lr": 0.0005, "elapsed_time": 680.2791409492493, "prnt": false}
{"event": "training_step", "timestamp": 1782400931.761557, "step": 436, "max_steps": 875, "loss": 5.310367584228516, "lr": 0.02, "adamw_lr": 0.0005, "elapsed_time": 681.7286748886108, "prnt": false}
{"event": "training_step", "timestamp": 1782400933.264571, "step": 437, "max_steps": 875, "loss": 5.327850818634033, "lr": 0.02, "adamw_lr": 0.0005, "elapsed_time": 683.2316889762878, "prnt": false}
{"event": "training_step", "timestamp": 1782400934.754293, "step": 438, "max_steps": 875, "loss": 5.403772354125977, "lr": 0.02, "adamw_lr": 0.0005, "elapsed_time": 684.7214109897614, "prnt": false}
{"event": "training_step", "timestamp": 1782400936.2393558, "step": 439, "max_steps": 875, "loss": 5.322993755340576, "lr": 0.02, "adamw_lr": 0.0005, "elapsed_time": 686.2064731121063, "prnt": false}
{"event": "training_step", "timestamp": 1782400937.667286, "step": 440, "max_steps": 875, "loss": 5.3219194412231445, "lr": 0.02, "adamw_lr": 0.0005, "elapsed_time": 687.6344029903412, "prnt": false}
{"event": "training_step", "timestamp": 1782400939.138145, "step": 441, "max_steps": 875, "loss": 5.3547515869140625, "lr": 0.02, "adamw_lr": 0.0005, "elapsed_time": 689.1052618026733, "prnt": false}
{"event": "training_step", "timestamp": 1782400940.59393, "step": 442, "max_steps": 875, "loss": 5.392529010772705, "lr": 0.02, "adamw_lr": 0.0005, "elapsed_time": 690.5610458850861, "prnt": false}
{"event": "training_step", "timestamp": 1782400941.960099, "step": 443, "max_steps": 875, "loss": 5.315715312957764, "lr": 0.02, "adamw_lr": 0.0005, "elapsed_time": 691.9272158145905, "prnt": false}
{"event": "training_step", "timestamp": 1782400943.4232278, "step": 444, "max_steps": 875, "loss": 5.333403587341309, "lr": 0.02, "adamw_lr": 0.0005, "elapsed_time": 693.3903450965881, "prnt": false}
{"event": "training_step", "timestamp": 1782400944.8742201, "step": 445, "max_steps": 875, "loss": 5.342966079711914, "lr": 0.02, "adamw_lr": 0.0005, "elapsed_time": 694.8413369655609, "prnt": false}
{"event": "training_step", "timestamp": 1782400946.360471, "step": 446, "max_steps": 875, "loss": 5.333620071411133, "lr": 0.02, "adamw_lr": 0.0005, "elapsed_time": 696.3275878429413, "prnt": false}
{"event": "training_step", "timestamp": 1782400947.823251, "step": 447, "max_steps": 875, "loss": 5.379581451416016, "lr": 0.02, "adamw_lr": 0.0005, "elapsed_time": 697.7903678417206, "prnt": false}
{"event": "training_step", "timestamp": 1782400949.314162, "step": 448, "max_steps": 875, "loss": 5.338179588317871, "lr": 0.02, "adamw_lr": 0.0005, "elapsed_time": 699.281280040741, "prnt": false}
{"event": "training_step", "timestamp": 1782400950.760681, "step": 449, "max_steps": 875, "loss": 5.398962497711182, "lr": 0.02, "adamw_lr": 0.0005, "elapsed_time": 700.7277998924255, "prnt": false}
{"event": "training_step", "timestamp": 1782400952.237366, "step": 450, "max_steps": 875, "loss": 5.35356330871582, "lr": 0.02, "adamw_lr": 0.0005, "elapsed_time": 702.204482793808, "prnt": false}
{"event": "training_step", "timestamp": 1782400953.701201, "step": 451, "max_steps": 875, "loss": 5.296576023101807, "lr": 0.02, "adamw_lr": 0.0005, "elapsed_time": 703.6683180332184, "prnt": false}
{"event": "validation_step", "timestamp": 1782400959.2051442, "step": 451, "max_steps": 875, "loss": 0.9947403253059666, "ema": true, "elapsed_time": 703.6683180332184}
{"event": "training_step", "timestamp": 1782400960.498713, "step": 452, "max_steps": 875, "loss": 5.366816520690918, "lr": 0.02, "adamw_lr": 0.0005, "elapsed_time": 710.4658257961273, "prnt": false}
{"event": "training_step", "timestamp": 1782400961.9856808, "step": 453, "max_steps": 875, "loss": 5.339456081390381, "lr": 0.02, "adamw_lr": 0.0005, "elapsed_time": 711.952798128128, "prnt": false}
{"event": "training_step", "timestamp": 1782400963.502938, "step": 454, "max_steps": 875, "loss": 5.321075439453125, "lr": 0.02, "adamw_lr": 0.0005, "elapsed_time": 713.4700548648834, "prnt": false}
{"event": "training_step", "timestamp": 1782400965.018163, "step": 455, "max_steps": 875, "loss": 5.3325042724609375, "lr": 0.02, "adamw_lr": 0.0005, "elapsed_time": 714.9852800369263, "prnt": false}
{"event": "training_step", "timestamp": 1782400966.4948978, "step": 456, "max_steps": 875, "loss": 5.416403293609619, "lr": 0.02, "adamw_lr": 0.0005, "elapsed_time": 716.4620151519775, "prnt": false}
{"event": "training_step", "timestamp": 1782400968.021281, "step": 457, "max_steps": 875, "loss": 5.363474369049072, "lr": 0.02, "adamw_lr": 0.0005, "elapsed_time": 717.9883978366852, "prnt": false}
{"event": "training_step", "timestamp": 1782400969.506239, "step": 458, "max_steps": 875, "loss": 5.331610679626465, "lr": 0.02, "adamw_lr": 0.0005, "elapsed_time": 719.4733548164368, "prnt": false}
{"event": "training_step", "timestamp": 1782400971.014255, "step": 459, "max_steps": 875, "loss": 5.310720443725586, "lr": 0.02, "adamw_lr": 0.0005, "elapsed_time": 720.9813730716705, "prnt": false}
{"event": "training_step", "timestamp": 1782400972.4999108, "step": 460, "max_steps": 875, "loss": 5.330324172973633, "lr": 0.02, "adamw_lr": 0.0005, "elapsed_time": 722.467029094696, "prnt": false}
{"event": "training_step", "timestamp": 1782400973.9216719, "step": 461, "max_steps": 875, "loss": 5.26058292388916, "lr": 0.02, "adamw_lr": 0.0005, "elapsed_time": 723.888787984848, "prnt": false}
{"event": "training_step", "timestamp": 1782400975.403428, "step": 462, "max_steps": 875, "loss": 5.274238586425781, "lr": 0.02, "adamw_lr": 0.0005, "elapsed_time": 725.3705430030823, "prnt": false}
{"event": "training_step", "timestamp": 1782400976.849498, "step": 463, "max_steps": 875, "loss": 5.3166823387146, "lr": 0.02, "adamw_lr": 0.0005, "elapsed_time": 726.8166160583496, "prnt": false}
{"event": "training_step", "timestamp": 1782400978.325283, "step": 464, "max_steps": 875, "loss": 5.297878265380859, "lr": 0.02, "adamw_lr": 0.0005, "elapsed_time": 728.292398929596, "prnt": false}
{"event": "training_step", "timestamp": 1782400979.748349, "step": 465, "max_steps": 875, "loss": 5.277820587158203, "lr": 0.02, "adamw_lr": 0.0005, "elapsed_time": 729.7154667377472, "prnt": false}
{"event": "training_step", "timestamp": 1782400981.227328, "step": 466, "max_steps": 875, "loss": 5.3450236320495605, "lr": 0.02, "adamw_lr": 0.0005, "elapsed_time": 731.1944448947906, "prnt": false}
{"event": "training_step", "timestamp": 1782400982.683958, "step": 467, "max_steps": 875, "loss": 5.349443435668945, "lr": 0.02, "adamw_lr": 0.0005, "elapsed_time": 732.6510758399963, "prnt": false}
{"event": "training_step", "timestamp": 1782400984.171094, "step": 468, "max_steps": 875, "loss": 5.298927307128906, "lr": 0.02, "adamw_lr": 0.0005, "elapsed_time": 734.1382079124451, "prnt": false}
{"event": "training_step", "timestamp": 1782400985.585631, "step": 469, "max_steps": 875, "loss": 5.308521270751953, "lr": 0.02, "adamw_lr": 0.0005, "elapsed_time": 735.5527477264404, "prnt": false}
{"event": "training_step", "timestamp": 1782400987.0760698, "step": 470, "max_steps": 875, "loss": 5.331414699554443, "lr": 0.02, "adamw_lr": 0.0005, "elapsed_time": 737.0431869029999, "prnt": false}
{"event": "training_step", "timestamp": 1782400988.5412638, "step": 471, "max_steps": 875, "loss": 5.298379898071289, "lr": 0.02, "adamw_lr": 0.0005, "elapsed_time": 738.5083820819855, "prnt": false}
{"event": "training_step", "timestamp": 1782400990.029526, "step": 472, "max_steps": 875, "loss": 5.313986778259277, "lr": 0.02, "adamw_lr": 0.0005, "elapsed_time": 739.9966428279877, "prnt": false}
{"event": "training_step", "timestamp": 1782400991.4656289, "step": 473, "max_steps": 875, "loss": 5.296054840087891, "lr": 0.02, "adamw_lr": 0.0005, "elapsed_time": 741.4327459335327, "prnt": false}
{"event": "training_step", "timestamp": 1782400992.950926, "step": 474, "max_steps": 875, "loss": 5.324827671051025, "lr": 0.02, "adamw_lr": 0.0005, "elapsed_time": 742.9180438518524, "prnt": false}
{"event": "training_step", "timestamp": 1782400994.40329, "step": 475, "max_steps": 875, "loss": 5.260767936706543, "lr": 0.02, "adamw_lr": 0.0005, "elapsed_time": 744.3704068660736, "prnt": false}
{"event": "training_step", "timestamp": 1782400995.9018729, "step": 476, "max_steps": 875, "loss": 5.336366653442383, "lr": 0.02, "adamw_lr": 0.0005, "elapsed_time": 745.868989944458, "prnt": false}
{"event": "training_step", "timestamp": 1782400997.306328, "step": 477, "max_steps": 875, "loss": 5.310259819030762, "lr": 0.02, "adamw_lr": 0.0005, "elapsed_time": 747.273444890976, "prnt": false}
{"event": "training_step", "timestamp": 1782400998.783981, "step": 478, "max_steps": 875, "loss": 5.371120452880859, "lr": 0.02, "adamw_lr": 0.0005, "elapsed_time": 748.7510979175568, "prnt": false}
{"event": "training_step", "timestamp": 1782401000.2176461, "step": 479, "max_steps": 875, "loss": 5.280518531799316, "lr": 0.02, "adamw_lr": 0.0005, "elapsed_time": 750.1847629547119, "prnt": false}
{"event": "training_step", "timestamp": 1782401001.637293, "step": 480, "max_steps": 875, "loss": 5.339380264282227, "lr": 0.02, "adamw_lr": 0.0005, "elapsed_time": 751.6044089794159, "prnt": false}
{"event": "training_step", "timestamp": 1782401003.060425, "step": 481, "max_steps": 875, "loss": 5.2649946212768555, "lr": 0.02, "adamw_lr": 0.0005, "elapsed_time": 753.0275418758392, "prnt": false}
{"event": "training_step", "timestamp": 1782401004.520502, "step": 482, "max_steps": 875, "loss": 5.352561950683594, "lr": 0.02, "adamw_lr": 0.0005, "elapsed_time": 754.4876189231873, "prnt": false}
{"event": "training_step", "timestamp": 1782401005.960557, "step": 483, "max_steps": 875, "loss": 5.307487487792969, "lr": 0.02, "adamw_lr": 0.0005, "elapsed_time": 755.9276738166809, "prnt": false}
{"event": "training_step", "timestamp": 1782401007.449291, "step": 484, "max_steps": 875, "loss": 5.314281463623047, "lr": 0.02, "adamw_lr": 0.0005, "elapsed_time": 757.4164078235626, "prnt": false}
{"event": "training_step", "timestamp": 1782401008.9283981, "step": 485, "max_steps": 875, "loss": 5.250007629394531, "lr": 0.02, "adamw_lr": 0.0005, "elapsed_time": 758.8955159187317, "prnt": false}
{"event": "training_step", "timestamp": 1782401010.3670778, "step": 486, "max_steps": 875, "loss": 5.279079437255859, "lr": 0.02, "adamw_lr": 0.0005, "elapsed_time": 760.334193944931, "prnt": false}
{"event": "training_step", "timestamp": 1782401011.8533251, "step": 487, "max_steps": 875, "loss": 5.3210015296936035, "lr": 0.02, "adamw_lr": 0.0005, "elapsed_time": 761.8204429149628, "prnt": false}
{"event": "training_step", "timestamp": 1782401013.3234649, "step": 488, "max_steps": 875, "loss": 5.247220039367676, "lr": 0.02, "adamw_lr": 0.0005, "elapsed_time": 763.2905828952789, "prnt": false}
{"event": "training_step", "timestamp": 1782401014.7479382, "step": 489, "max_steps": 875, "loss": 5.286869049072266, "lr": 0.02, "adamw_lr": 0.0005, "elapsed_time": 764.7150549888611, "prnt": false}
{"event": "training_step", "timestamp": 1782401016.226607, "step": 490, "max_steps": 875, "loss": 5.281704425811768, "lr": 0.02, "adamw_lr": 0.0005, "elapsed_time": 766.1937239170074, "prnt": false}
{"event": "training_step", "timestamp": 1782401017.689989, "step": 491, "max_steps": 875, "loss": 5.285321235656738, "lr": 0.02, "adamw_lr": 0.0005, "elapsed_time": 767.6571071147919, "prnt": false}
{"event": "training_step", "timestamp": 1782401019.1893709, "step": 492, "max_steps": 875, "loss": 5.345118522644043, "lr": 0.02, "adamw_lr": 0.0005, "elapsed_time": 769.1564891338348, "prnt": false}
{"event": "validation_step", "timestamp": 1782401024.611587, "step": 492, "max_steps": 875, "loss": 0.9902019645807059, "ema": true, "elapsed_time": 769.1564891338348}
{"event": "training_step", "timestamp": 1782401025.899342, "step": 493, "max_steps": 875, "loss": 5.30748176574707, "lr": 0.02, "adamw_lr": 0.0005, "elapsed_time": 775.8664598464966, "prnt": false}
{"event": "training_step", "timestamp": 1782401027.401793, "step": 494, "max_steps": 875, "loss": 5.276810646057129, "lr": 0.02, "adamw_lr": 0.0005, "elapsed_time": 777.3689098358154, "prnt": false}
{"event": "training_step", "timestamp": 1782401028.8511791, "step": 495, "max_steps": 875, "loss": 5.30682897567749, "lr": 0.02, "adamw_lr": 0.0005, "elapsed_time": 778.8182969093323, "prnt": false}
{"event": "training_step", "timestamp": 1782401030.31533, "step": 496, "max_steps": 875, "loss": 5.214166641235352, "lr": 0.02, "adamw_lr": 0.0005, "elapsed_time": 780.2824468612671, "prnt": false}
{"event": "training_step", "timestamp": 1782401031.69354, "step": 497, "max_steps": 875, "loss": 5.268743515014648, "lr": 0.02, "adamw_lr": 0.0005, "elapsed_time": 781.6606569290161, "prnt": false}
{"event": "training_step", "timestamp": 1782401033.075148, "step": 498, "max_steps": 875, "loss": 5.309492588043213, "lr": 0.02, "adamw_lr": 0.0005, "elapsed_time": 783.0422649383545, "prnt": false}
{"event": "training_step", "timestamp": 1782401034.450903, "step": 499, "max_steps": 875, "loss": 5.268063545227051, "lr": 0.02, "adamw_lr": 0.0005, "elapsed_time": 784.4180200099945, "prnt": false}
{"event": "training_step", "timestamp": 1782401035.8670468, "step": 500, "max_steps": 875, "loss": 5.229467391967773, "lr": 0.02, "adamw_lr": 0.0005, "elapsed_time": 785.8341641426086, "prnt": false}
{"event": "training_step", "timestamp": 1782401037.289196, "step": 501, "max_steps": 875, "loss": 5.207648277282715, "lr": 0.02, "adamw_lr": 0.0005, "elapsed_time": 787.2563128471375, "prnt": false}
{"event": "training_step", "timestamp": 1782401038.653381, "step": 502, "max_steps": 875, "loss": 5.2148919105529785, "lr": 0.02, "adamw_lr": 0.0005, "elapsed_time": 788.6204979419708, "prnt": false}
{"event": "training_step", "timestamp": 1782401040.070951, "step": 503, "max_steps": 875, "loss": 5.2713470458984375, "lr": 0.02, "adamw_lr": 0.0005, "elapsed_time": 790.0380690097809, "prnt": false}
{"event": "training_step", "timestamp": 1782401041.484524, "step": 504, "max_steps": 875, "loss": 5.217108726501465, "lr": 0.02, "adamw_lr": 0.0005, "elapsed_time": 791.4516417980194, "prnt": false}
{"event": "training_step", "timestamp": 1782401042.879084, "step": 505, "max_steps": 875, "loss": 5.283556938171387, "lr": 0.02, "adamw_lr": 0.0005, "elapsed_time": 792.8462009429932, "prnt": false}
{"event": "training_step", "timestamp": 1782401044.3607569, "step": 506, "max_steps": 875, "loss": 5.220368385314941, "lr": 0.02, "adamw_lr": 0.0005, "elapsed_time": 794.3278739452362, "prnt": false}
{"event": "training_step", "timestamp": 1782401045.834825, "step": 507, "max_steps": 875, "loss": 5.33748722076416, "lr": 0.02, "adamw_lr": 0.0005, "elapsed_time": 795.8019428253174, "prnt": false}
{"event": "training_step", "timestamp": 1782401047.267786, "step": 508, "max_steps": 875, "loss": 5.2332329750061035, "lr": 0.02, "adamw_lr": 0.0005, "elapsed_time": 797.2349028587341, "prnt": false}
{"event": "training_step", "timestamp": 1782401048.714607, "step": 509, "max_steps": 875, "loss": 5.3082780838012695, "lr": 0.02, "adamw_lr": 0.0005, "elapsed_time": 798.6817240715027, "prnt": false}
{"event": "training_step", "timestamp": 1782401050.19573, "step": 510, "max_steps": 875, "loss": 5.233377933502197, "lr": 0.02, "adamw_lr": 0.0005, "elapsed_time": 800.1628477573395, "prnt": false}
{"event": "training_step", "timestamp": 1782401051.6153212, "step": 511, "max_steps": 875, "loss": 5.2163543701171875, "lr": 0.02, "adamw_lr": 0.0005, "elapsed_time": 801.5824398994446, "prnt": false}
{"event": "training_step", "timestamp": 1782401053.012477, "step": 512, "max_steps": 875, "loss": 5.289880752563477, "lr": 0.02, "adamw_lr": 0.0005, "elapsed_time": 802.979594707489, "prnt": false}
{"event": "training_step", "timestamp": 1782401054.4913511, "step": 513, "max_steps": 875, "loss": 5.2417731285095215, "lr": 0.02, "adamw_lr": 0.0005, "elapsed_time": 804.458468914032, "prnt": false}
{"event": "training_step", "timestamp": 1782401055.875573, "step": 514, "max_steps": 875, "loss": 5.215279579162598, "lr": 0.02, "adamw_lr": 0.0005, "elapsed_time": 805.8426909446716, "prnt": false}
{"event": "training_step", "timestamp": 1782401057.286269, "step": 515, "max_steps": 875, "loss": 5.179171085357666, "lr": 0.02, "adamw_lr": 0.0005, "elapsed_time": 807.2533867359161, "prnt": false}
{"event": "training_step", "timestamp": 1782401058.757789, "step": 516, "max_steps": 875, "loss": 5.275975704193115, "lr": 0.02, "adamw_lr": 0.0005, "elapsed_time": 808.7249069213867, "prnt": false}
{"event": "training_step", "timestamp": 1782401060.228236, "step": 517, "max_steps": 875, "loss": 5.216224193572998, "lr": 0.02, "adamw_lr": 0.0005, "elapsed_time": 810.1953527927399, "prnt": false}
{"event": "training_step", "timestamp": 1782401061.6246731, "step": 518, "max_steps": 875, "loss": 5.140289306640625, "lr": 0.02, "adamw_lr": 0.0005, "elapsed_time": 811.5917899608612, "prnt": false}
{"event": "training_step", "timestamp": 1782401063.072512, "step": 519, "max_steps": 875, "loss": 5.206286430358887, "lr": 0.02, "adamw_lr": 0.0005, "elapsed_time": 813.0396287441254, "prnt": false}
{"event": "training_step", "timestamp": 1782401064.551751, "step": 520, "max_steps": 875, "loss": 5.248559951782227, "lr": 0.02, "adamw_lr": 0.0005, "elapsed_time": 814.5188679695129, "prnt": false}
{"event": "training_step", "timestamp": 1782401066.012526, "step": 521, "max_steps": 875, "loss": 5.203824996948242, "lr": 0.02, "adamw_lr": 0.0005, "elapsed_time": 815.9796419143677, "prnt": false}
{"event": "training_step", "timestamp": 1782401067.4738271, "step": 522, "max_steps": 875, "loss": 5.213697910308838, "lr": 0.02, "adamw_lr": 0.0005, "elapsed_time": 817.4409449100494, "prnt": false}
{"event": "training_step", "timestamp": 1782401068.90844, "step": 523, "max_steps": 875, "loss": 5.173828601837158, "lr": 0.02, "adamw_lr": 0.0005, "elapsed_time": 818.8755569458008, "prnt": false}
{"event": "training_step", "timestamp": 1782401070.322915, "step": 524, "max_steps": 875, "loss": 5.237464904785156, "lr": 0.02, "adamw_lr": 0.0005, "elapsed_time": 820.2900319099426, "prnt": false}
{"event": "training_step", "timestamp": 1782401071.697941, "step": 525, "max_steps": 875, "loss": 5.249002456665039, "lr": 0.02, "adamw_lr": 0.0005, "elapsed_time": 821.6650569438934, "prnt": false}
{"event": "training_step", "timestamp": 1782401073.187891, "step": 526, "max_steps": 875, "loss": 5.248386383056641, "lr": 0.02, "adamw_lr": 0.0005, "elapsed_time": 823.1550071239471, "prnt": false}
{"event": "training_step", "timestamp": 1782401074.61644, "step": 527, "max_steps": 875, "loss": 5.2081618309021, "lr": 0.02, "adamw_lr": 0.0005, "elapsed_time": 824.5835559368134, "prnt": false}
{"event": "training_step", "timestamp": 1782401076.055729, "step": 528, "max_steps": 875, "loss": 5.2223801612854, "lr": 0.02, "adamw_lr": 0.0005, "elapsed_time": 826.0228459835052, "prnt": false}
{"event": "training_step", "timestamp": 1782401077.50898, "step": 529, "max_steps": 875, "loss": 5.202005863189697, "lr": 0.02, "adamw_lr": 0.0005, "elapsed_time": 827.476096868515, "prnt": false}
{"event": "training_step", "timestamp": 1782401078.93589, "step": 530, "max_steps": 875, "loss": 5.174957275390625, "lr": 0.02, "adamw_lr": 0.0005, "elapsed_time": 828.9030077457428, "prnt": false}
{"event": "training_step", "timestamp": 1782401080.43234, "step": 531, "max_steps": 875, "loss": 5.202814102172852, "lr": 0.02, "adamw_lr": 0.0005, "elapsed_time": 830.3994567394257, "prnt": false}
{"event": "training_step", "timestamp": 1782401081.900058, "step": 532, "max_steps": 875, "loss": 5.176638126373291, "lr": 0.02, "adamw_lr": 0.0005, "elapsed_time": 831.8671748638153, "prnt": false}
{"event": "training_step", "timestamp": 1782401083.3741271, "step": 533, "max_steps": 875, "loss": 5.214932441711426, "lr": 0.02, "adamw_lr": 0.0005, "elapsed_time": 833.3412439823151, "prnt": false}
{"event": "validation_step", "timestamp": 1782401088.845879, "step": 533, "max_steps": 875, "loss": 0.9861465059194984, "ema": true, "elapsed_time": 833.3412439823151}
{"event": "training_step", "timestamp": 1782401090.3674839, "step": 534, "max_steps": 875, "loss": 5.209982395172119, "lr": 0.02, "adamw_lr": 0.0005, "elapsed_time": 840.3345959186554, "prnt": false}
{"event": "training_step", "timestamp": 1782401091.9417222, "step": 535, "max_steps": 875, "loss": 5.186439037322998, "lr": 0.02, "adamw_lr": 0.0005, "elapsed_time": 841.9088399410248, "prnt": false}
{"event": "training_step", "timestamp": 1782401093.466594, "step": 536, "max_steps": 875, "loss": 5.284323692321777, "lr": 0.02, "adamw_lr": 0.0005, "elapsed_time": 843.4337120056152, "prnt": false}
{"event": "training_step", "timestamp": 1782401094.9629881, "step": 537, "max_steps": 875, "loss": 5.191376209259033, "lr": 0.02, "adamw_lr": 0.0005, "elapsed_time": 844.930104970932, "prnt": false}
{"event": "training_step", "timestamp": 1782401096.460072, "step": 538, "max_steps": 875, "loss": 5.221930503845215, "lr": 0.02, "adamw_lr": 0.0005, "elapsed_time": 846.4271891117096, "prnt": false}
{"event": "training_step", "timestamp": 1782401097.928288, "step": 539, "max_steps": 875, "loss": 5.178828716278076, "lr": 0.02, "adamw_lr": 0.0005, "elapsed_time": 847.8954057693481, "prnt": false}
{"event": "training_step", "timestamp": 1782401099.430352, "step": 540, "max_steps": 875, "loss": 5.154699325561523, "lr": 0.02, "adamw_lr": 0.0005, "elapsed_time": 849.3974690437317, "prnt": false}
{"event": "training_step", "timestamp": 1782401100.9227679, "step": 541, "max_steps": 875, "loss": 5.198259353637695, "lr": 0.02, "adamw_lr": 0.0005, "elapsed_time": 850.8898849487305, "prnt": false}
{"event": "training_step", "timestamp": 1782401102.420201, "step": 542, "max_steps": 875, "loss": 5.207475662231445, "lr": 0.02, "adamw_lr": 0.0005, "elapsed_time": 852.3873188495636, "prnt": false}
{"event": "training_step", "timestamp": 1782401103.918815, "step": 543, "max_steps": 875, "loss": 5.131931304931641, "lr": 0.02, "adamw_lr": 0.0005, "elapsed_time": 853.8859317302704, "prnt": false}
{"event": "training_step", "timestamp": 1782401105.42479, "step": 544, "max_steps": 875, "loss": 5.169596195220947, "lr": 0.02, "adamw_lr": 0.0005, "elapsed_time": 855.3919069766998, "prnt": false}
{"event": "training_step", "timestamp": 1782401106.873468, "step": 545, "max_steps": 875, "loss": 5.161545753479004, "lr": 0.02, "adamw_lr": 0.0005, "elapsed_time": 856.8405840396881, "prnt": false}
{"event": "training_step", "timestamp": 1782401108.289731, "step": 546, "max_steps": 875, "loss": 5.164017200469971, "lr": 0.02, "adamw_lr": 0.0005, "elapsed_time": 858.256847858429, "prnt": false}
{"event": "training_step", "timestamp": 1782401109.7459352, "step": 547, "max_steps": 875, "loss": 5.161673545837402, "lr": 0.02, "adamw_lr": 0.0005, "elapsed_time": 859.713052034378, "prnt": false}
{"event": "training_step", "timestamp": 1782401111.238388, "step": 548, "max_steps": 875, "loss": 5.150178909301758, "lr": 0.02, "adamw_lr": 0.0005, "elapsed_time": 861.2055048942566, "prnt": false}
{"event": "training_step", "timestamp": 1782401112.6944902, "step": 549, "max_steps": 875, "loss": 5.113856315612793, "lr": 0.02, "adamw_lr": 0.0005, "elapsed_time": 862.6616048812866, "prnt": false}
{"event": "training_step", "timestamp": 1782401114.167855, "step": 550, "max_steps": 875, "loss": 5.174926280975342, "lr": 0.02, "adamw_lr": 0.0005, "elapsed_time": 864.1349718570709, "prnt": false}
{"event": "training_step", "timestamp": 1782401115.646168, "step": 551, "max_steps": 875, "loss": 5.148585796356201, "lr": 0.02, "adamw_lr": 0.0005, "elapsed_time": 865.6132860183716, "prnt": false}
{"event": "training_step", "timestamp": 1782401117.12377, "step": 552, "max_steps": 875, "loss": 5.11062479019165, "lr": 0.02, "adamw_lr": 0.0005, "elapsed_time": 867.0908870697021, "prnt": false}
{"event": "training_step", "timestamp": 1782401118.628533, "step": 553, "max_steps": 875, "loss": 5.196412086486816, "lr": 0.02, "adamw_lr": 0.0005, "elapsed_time": 868.5956509113312, "prnt": false}
{"event": "training_step", "timestamp": 1782401120.106076, "step": 554, "max_steps": 875, "loss": 5.177786827087402, "lr": 0.02, "adamw_lr": 0.0005, "elapsed_time": 870.0731930732727, "prnt": false}
{"event": "training_step", "timestamp": 1782401121.574666, "step": 555, "max_steps": 875, "loss": 5.114102840423584, "lr": 0.02, "adamw_lr": 0.0005, "elapsed_time": 871.5417828559875, "prnt": false}
{"event": "training_step", "timestamp": 1782401123.060159, "step": 556, "max_steps": 875, "loss": 5.2393107414245605, "lr": 0.02, "adamw_lr": 0.0005, "elapsed_time": 873.0272767543793, "prnt": false}
{"event": "training_step", "timestamp": 1782401124.511426, "step": 557, "max_steps": 875, "loss": 5.1389336585998535, "lr": 0.02, "adamw_lr": 0.0005, "elapsed_time": 874.478542804718, "prnt": false}
{"event": "training_step", "timestamp": 1782401125.961969, "step": 558, "max_steps": 875, "loss": 5.135461807250977, "lr": 0.02, "adamw_lr": 0.0005, "elapsed_time": 875.9290869235992, "prnt": false}
{"event": "training_step", "timestamp": 1782401127.408798, "step": 559, "max_steps": 875, "loss": 5.104130744934082, "lr": 0.02, "adamw_lr": 0.0005, "elapsed_time": 877.3759140968323, "prnt": false}
{"event": "training_step", "timestamp": 1782401128.913301, "step": 560, "max_steps": 875, "loss": 5.120662689208984, "lr": 0.02, "adamw_lr": 0.0005, "elapsed_time": 878.8804168701172, "prnt": false}
{"event": "training_step", "timestamp": 1782401130.387996, "step": 561, "max_steps": 875, "loss": 5.090775489807129, "lr": 0.02, "adamw_lr": 0.0005, "elapsed_time": 880.3551139831543, "prnt": false}
{"event": "training_step", "timestamp": 1782401131.8249311, "step": 562, "max_steps": 875, "loss": 5.09152889251709, "lr": 0.02, "adamw_lr": 0.0005, "elapsed_time": 881.7920470237732, "prnt": false}
{"event": "training_step", "timestamp": 1782401133.270873, "step": 563, "max_steps": 875, "loss": 5.181099891662598, "lr": 0.02, "adamw_lr": 0.0005, "elapsed_time": 883.2379899024963, "prnt": false}
{"event": "training_step", "timestamp": 1782401134.728373, "step": 564, "max_steps": 875, "loss": 5.10631799697876, "lr": 0.02, "adamw_lr": 0.0005, "elapsed_time": 884.6954898834229, "prnt": false}
{"event": "training_step", "timestamp": 1782401136.2090912, "step": 565, "max_steps": 875, "loss": 5.105012893676758, "lr": 0.02, "adamw_lr": 0.0005, "elapsed_time": 886.1762080192566, "prnt": false}
{"event": "training_step", "timestamp": 1782401137.658637, "step": 566, "max_steps": 875, "loss": 5.125680923461914, "lr": 0.02, "adamw_lr": 0.0005, "elapsed_time": 887.6257538795471, "prnt": false}
{"event": "training_step", "timestamp": 1782401139.132947, "step": 567, "max_steps": 875, "loss": 5.169389247894287, "lr": 0.02, "adamw_lr": 0.0005, "elapsed_time": 889.1000647544861, "prnt": false}
{"event": "training_step", "timestamp": 1782401140.622918, "step": 568, "max_steps": 875, "loss": 5.090210437774658, "lr": 0.02, "adamw_lr": 0.0005, "elapsed_time": 890.5900349617004, "prnt": false}
{"event": "training_step", "timestamp": 1782401142.1206322, "step": 569, "max_steps": 875, "loss": 5.115771293640137, "lr": 0.02, "adamw_lr": 0.0005, "elapsed_time": 892.087749004364, "prnt": false}
{"event": "training_step", "timestamp": 1782401143.578762, "step": 570, "max_steps": 875, "loss": 5.123367786407471, "lr": 0.02, "adamw_lr": 0.0005, "elapsed_time": 893.5458788871765, "prnt": false}
{"event": "training_step", "timestamp": 1782401145.04479, "step": 571, "max_steps": 875, "loss": 5.129590034484863, "lr": 0.02, "adamw_lr": 0.0005, "elapsed_time": 895.0119078159332, "prnt": false}
{"event": "training_step", "timestamp": 1782401146.5242722, "step": 572, "max_steps": 875, "loss": 5.160411357879639, "lr": 0.02, "adamw_lr": 0.0005, "elapsed_time": 896.4913890361786, "prnt": false}
{"event": "training_step", "timestamp": 1782401148.0555131, "step": 573, "max_steps": 875, "loss": 5.120733261108398, "lr": 0.02, "adamw_lr": 0.0005, "elapsed_time": 898.0226290225983, "prnt": false}
{"event": "training_step", "timestamp": 1782401149.510737, "step": 574, "max_steps": 875, "loss": 5.175331115722656, "lr": 0.02, "adamw_lr": 0.0005, "elapsed_time": 899.477854013443, "prnt": false}
{"event": "validation_step", "timestamp": 1782401154.950388, "step": 574, "max_steps": 875, "loss": 0.9836221984519602, "ema": true, "elapsed_time": 899.477854013443}
{"event": "training_step", "timestamp": 1782401156.25044, "step": 575, "max_steps": 875, "loss": 5.137669086456299, "lr": 0.02, "adamw_lr": 0.0005, "elapsed_time": 906.2175569534302, "prnt": false}
{"event": "training_step", "timestamp": 1782401157.713154, "step": 576, "max_steps": 875, "loss": 5.0620222091674805, "lr": 0.02, "adamw_lr": 0.0005, "elapsed_time": 907.6802709102631, "prnt": false}
{"event": "training_step", "timestamp": 1782401159.196727, "step": 577, "max_steps": 875, "loss": 5.147188186645508, "lr": 0.02, "adamw_lr": 0.0005, "elapsed_time": 909.163843870163, "prnt": false}
{"event": "training_step", "timestamp": 1782401160.6584902, "step": 578, "max_steps": 875, "loss": 5.132473945617676, "lr": 0.02, "adamw_lr": 0.0005, "elapsed_time": 910.6256039142609, "prnt": false}
{"event": "training_step", "timestamp": 1782401162.1316109, "step": 579, "max_steps": 875, "loss": 5.100481033325195, "lr": 0.02, "adamw_lr": 0.0005, "elapsed_time": 912.098729133606, "prnt": false}
{"event": "training_step", "timestamp": 1782401163.607272, "step": 580, "max_steps": 875, "loss": 5.115851402282715, "lr": 0.02, "adamw_lr": 0.0005, "elapsed_time": 913.5743889808655, "prnt": false}
{"event": "training_step", "timestamp": 1782401165.072588, "step": 581, "max_steps": 875, "loss": 5.183980941772461, "lr": 0.02, "adamw_lr": 0.0005, "elapsed_time": 915.039705991745, "prnt": false}
{"event": "training_step", "timestamp": 1782401166.498229, "step": 582, "max_steps": 875, "loss": 5.147137641906738, "lr": 0.02, "adamw_lr": 0.0005, "elapsed_time": 916.4653458595276, "prnt": false}
{"event": "training_step", "timestamp": 1782401167.93665, "step": 583, "max_steps": 875, "loss": 5.116673946380615, "lr": 0.02, "adamw_lr": 0.0005, "elapsed_time": 917.9037668704987, "prnt": false}
{"event": "training_step", "timestamp": 1782401169.370657, "step": 584, "max_steps": 875, "loss": 5.097762107849121, "lr": 0.02, "adamw_lr": 0.0005, "elapsed_time": 919.3377749919891, "prnt": false}
{"event": "training_step", "timestamp": 1782401170.8371751, "step": 585, "max_steps": 875, "loss": 5.108623504638672, "lr": 0.02, "adamw_lr": 0.0005, "elapsed_time": 920.8042929172516, "prnt": false}
{"event": "training_step", "timestamp": 1782401172.30284, "step": 586, "max_steps": 875, "loss": 5.056544303894043, "lr": 0.02, "adamw_lr": 0.0005, "elapsed_time": 922.2699568271637, "prnt": false}
{"event": "training_step", "timestamp": 1782401173.810913, "step": 587, "max_steps": 875, "loss": 5.058808326721191, "lr": 0.02, "adamw_lr": 0.0005, "elapsed_time": 923.778030872345, "prnt": false}
{"event": "training_step", "timestamp": 1782401175.245822, "step": 588, "max_steps": 875, "loss": 5.090056419372559, "lr": 0.02, "adamw_lr": 0.0005, "elapsed_time": 925.212938785553, "prnt": false}
{"event": "training_step", "timestamp": 1782401176.721803, "step": 589, "max_steps": 875, "loss": 5.081141471862793, "lr": 0.02, "adamw_lr": 0.0005, "elapsed_time": 926.6889209747314, "prnt": false}
{"event": "training_step", "timestamp": 1782401178.211735, "step": 590, "max_steps": 875, "loss": 5.055129051208496, "lr": 0.02, "adamw_lr": 0.0005, "elapsed_time": 928.1788518428802, "prnt": false}
{"event": "training_step", "timestamp": 1782401179.6736991, "step": 591, "max_steps": 875, "loss": 5.129429340362549, "lr": 0.02, "adamw_lr": 0.0005, "elapsed_time": 929.6408169269562, "prnt": false}
{"event": "training_step", "timestamp": 1782401181.112246, "step": 592, "max_steps": 875, "loss": 5.13330078125, "lr": 0.02, "adamw_lr": 0.0005, "elapsed_time": 931.079363822937, "prnt": false}
{"event": "training_step", "timestamp": 1782401182.574386, "step": 593, "max_steps": 875, "loss": 5.0746355056762695, "lr": 0.02, "adamw_lr": 0.0005, "elapsed_time": 932.5415029525757, "prnt": false}
{"event": "training_step", "timestamp": 1782401184.0283961, "step": 594, "max_steps": 875, "loss": 5.08360481262207, "lr": 0.02, "adamw_lr": 0.0005, "elapsed_time": 933.9955129623413, "prnt": false}
{"event": "training_step", "timestamp": 1782401185.4334872, "step": 595, "max_steps": 875, "loss": 5.1166534423828125, "lr": 0.02, "adamw_lr": 0.0005, "elapsed_time": 935.4006040096283, "prnt": false}
{"event": "training_step", "timestamp": 1782401186.8471859, "step": 596, "max_steps": 875, "loss": 5.079761505126953, "lr": 0.02, "adamw_lr": 0.0005, "elapsed_time": 936.8143029212952, "prnt": false}
{"event": "training_step", "timestamp": 1782401188.306877, "step": 597, "max_steps": 875, "loss": 5.075289249420166, "lr": 0.02, "adamw_lr": 0.0005, "elapsed_time": 938.2739939689636, "prnt": false}
{"event": "training_step", "timestamp": 1782401189.6749701, "step": 598, "max_steps": 875, "loss": 5.08490514755249, "lr": 0.02, "adamw_lr": 0.0005, "elapsed_time": 939.642086982727, "prnt": false}
{"event": "training_step", "timestamp": 1782401191.075775, "step": 599, "max_steps": 875, "loss": 5.121951580047607, "lr": 0.02, "adamw_lr": 0.0005, "elapsed_time": 941.0428929328918, "prnt": false}
{"event": "training_step", "timestamp": 1782401192.513176, "step": 600, "max_steps": 875, "loss": 5.0533447265625, "lr": 0.02, "adamw_lr": 0.0005, "elapsed_time": 942.4802930355072, "prnt": false}
{"event": "training_step", "timestamp": 1782401193.9424052, "step": 601, "max_steps": 875, "loss": 5.110647201538086, "lr": 0.02, "adamw_lr": 0.0005, "elapsed_time": 943.9095208644867, "prnt": false}
{"event": "training_step", "timestamp": 1782401195.3813162, "step": 602, "max_steps": 875, "loss": 5.100830078125, "lr": 0.02, "adamw_lr": 0.0005, "elapsed_time": 945.3484308719635, "prnt": false}
{"event": "training_step", "timestamp": 1782401196.8229902, "step": 603, "max_steps": 875, "loss": 5.16337776184082, "lr": 0.02, "adamw_lr": 0.0005, "elapsed_time": 946.7901079654694, "prnt": false}
{"event": "training_step", "timestamp": 1782401198.257453, "step": 604, "max_steps": 875, "loss": 5.061567306518555, "lr": 0.02, "adamw_lr": 0.0005, "elapsed_time": 948.2245688438416, "prnt": false}
{"event": "training_step", "timestamp": 1782401199.7201762, "step": 605, "max_steps": 875, "loss": 5.132423400878906, "lr": 0.02, "adamw_lr": 0.0005, "elapsed_time": 949.6872918605804, "prnt": false}
{"event": "training_step", "timestamp": 1782401201.130207, "step": 606, "max_steps": 875, "loss": 5.0523576736450195, "lr": 0.02, "adamw_lr": 0.0005, "elapsed_time": 951.0973238945007, "prnt": false}
{"event": "training_step", "timestamp": 1782401202.5303, "step": 607, "max_steps": 875, "loss": 5.138561725616455, "lr": 0.02, "adamw_lr": 0.0005, "elapsed_time": 952.497416973114, "prnt": false}
{"event": "training_step", "timestamp": 1782401203.891864, "step": 608, "max_steps": 875, "loss": 5.091211318969727, "lr": 0.02, "adamw_lr": 0.0005, "elapsed_time": 953.8589808940887, "prnt": false}
{"event": "training_step", "timestamp": 1782401205.344966, "step": 609, "max_steps": 875, "loss": 5.095578193664551, "lr": 0.02, "adamw_lr": 0.0005, "elapsed_time": 955.3120768070221, "prnt": false}
{"event": "training_step", "timestamp": 1782401206.840527, "step": 610, "max_steps": 875, "loss": 5.0407304763793945, "lr": 0.02, "adamw_lr": 0.0005, "elapsed_time": 956.8076450824738, "prnt": false}
{"event": "training_step", "timestamp": 1782401208.345508, "step": 611, "max_steps": 875, "loss": 5.065979957580566, "lr": 0.02, "adamw_lr": 0.0005, "elapsed_time": 958.3126258850098, "prnt": false}
{"event": "training_step", "timestamp": 1782401209.8113432, "step": 612, "max_steps": 875, "loss": 5.118310451507568, "lr": 0.02, "adamw_lr": 0.0005, "elapsed_time": 959.7784600257874, "prnt": false}
{"event": "training_step", "timestamp": 1782401211.265641, "step": 613, "max_steps": 875, "loss": 5.043980598449707, "lr": 0.02, "adamw_lr": 0.0005, "elapsed_time": 961.2327587604523, "prnt": false}
{"event": "training_step", "timestamp": 1782401212.70589, "step": 614, "max_steps": 875, "loss": 5.070461750030518, "lr": 0.02, "adamw_lr": 0.0005, "elapsed_time": 962.6730089187622, "prnt": false}
{"event": "training_step", "timestamp": 1782401214.1874182, "step": 615, "max_steps": 875, "loss": 5.064971923828125, "lr": 0.02, "adamw_lr": 0.0005, "elapsed_time": 964.1545360088348, "prnt": false}
{"event": "validation_step", "timestamp": 1782401219.4302132, "step": 615, "max_steps": 875, "loss": 0.9811538581096684, "ema": true, "elapsed_time": 964.1545360088348}
{"event": "training_step", "timestamp": 1782401220.777808, "step": 616, "max_steps": 875, "loss": 5.073747634887695, "lr": 0.02, "adamw_lr": 0.0005, "elapsed_time": 970.7449128627777, "prnt": false}
{"event": "training_step", "timestamp": 1782401222.220893, "step": 617, "max_steps": 875, "loss": 5.135921478271484, "lr": 0.02, "adamw_lr": 0.0005, "elapsed_time": 972.1880090236664, "prnt": false}
{"event": "training_step", "timestamp": 1782401223.6332211, "step": 618, "max_steps": 875, "loss": 5.096700668334961, "lr": 0.02, "adamw_lr": 0.0005, "elapsed_time": 973.600338935852, "prnt": false}
{"event": "training_step", "timestamp": 1782401225.048811, "step": 619, "max_steps": 875, "loss": 5.068365097045898, "lr": 0.02, "adamw_lr": 0.0005, "elapsed_time": 975.0159289836884, "prnt": false}
{"event": "training_step", "timestamp": 1782401226.435572, "step": 620, "max_steps": 875, "loss": 5.087740421295166, "lr": 0.02, "adamw_lr": 0.0005, "elapsed_time": 976.402688741684, "prnt": false}
{"event": "training_step", "timestamp": 1782401227.8009548, "step": 621, "max_steps": 875, "loss": 5.010705947875977, "lr": 0.02, "adamw_lr": 0.0005, "elapsed_time": 977.7680730819702, "prnt": false}
{"event": "training_step", "timestamp": 1782401229.2008672, "step": 622, "max_steps": 875, "loss": 5.067435264587402, "lr": 0.02, "adamw_lr": 0.0005, "elapsed_time": 979.1679840087891, "prnt": false}
{"event": "training_step", "timestamp": 1782401230.697917, "step": 623, "max_steps": 875, "loss": 5.099429130554199, "lr": 0.02, "adamw_lr": 0.0005, "elapsed_time": 980.6650340557098, "prnt": false}
{"event": "training_step", "timestamp": 1782401232.155825, "step": 624, "max_steps": 875, "loss": 5.055214881896973, "lr": 0.02, "adamw_lr": 0.0005, "elapsed_time": 982.1229429244995, "prnt": false}
{"event": "training_step", "timestamp": 1782401233.58194, "step": 625, "max_steps": 875, "loss": 5.032676696777344, "lr": 0.02, "adamw_lr": 0.0005, "elapsed_time": 983.5490567684174, "prnt": false}
{"event": "training_step", "timestamp": 1782401234.938751, "step": 626, "max_steps": 875, "loss": 5.001413345336914, "lr": 0.02, "adamw_lr": 0.0005, "elapsed_time": 984.9058668613434, "prnt": false}
{"event": "training_step", "timestamp": 1782401236.403282, "step": 627, "max_steps": 875, "loss": 5.018032073974609, "lr": 0.02, "adamw_lr": 0.0005, "elapsed_time": 986.3703989982605, "prnt": false}
{"event": "training_step", "timestamp": 1782401237.803621, "step": 628, "max_steps": 875, "loss": 5.048880577087402, "lr": 0.02, "adamw_lr": 0.0005, "elapsed_time": 987.7707378864288, "prnt": false}
{"event": "training_step", "timestamp": 1782401239.2150762, "step": 629, "max_steps": 875, "loss": 5.012723922729492, "lr": 0.02, "adamw_lr": 0.0005, "elapsed_time": 989.1821930408478, "prnt": false}
{"event": "training_step", "timestamp": 1782401240.544456, "step": 630, "max_steps": 875, "loss": 5.073197364807129, "lr": 0.02, "adamw_lr": 0.0005, "elapsed_time": 990.5115730762482, "prnt": false}
{"event": "training_step", "timestamp": 1782401241.971812, "step": 631, "max_steps": 875, "loss": 5.009019374847412, "lr": 0.02, "adamw_lr": 0.0005, "elapsed_time": 991.9389288425446, "prnt": false}
{"event": "training_step", "timestamp": 1782401243.392222, "step": 632, "max_steps": 875, "loss": 5.119534492492676, "lr": 0.02, "adamw_lr": 0.0005, "elapsed_time": 993.3593370914459, "prnt": false}
{"event": "training_step", "timestamp": 1782401244.8682399, "step": 633, "max_steps": 875, "loss": 5.0313262939453125, "lr": 0.02, "adamw_lr": 0.0005, "elapsed_time": 994.8353569507599, "prnt": false}
{"event": "training_step", "timestamp": 1782401246.2802932, "step": 634, "max_steps": 875, "loss": 5.103310585021973, "lr": 0.02, "adamw_lr": 0.0005, "elapsed_time": 996.2474100589752, "prnt": false}
{"event": "training_step", "timestamp": 1782401247.67693, "step": 635, "max_steps": 875, "loss": 5.028823375701904, "lr": 0.02, "adamw_lr": 0.0005, "elapsed_time": 997.6440470218658, "prnt": false}
{"event": "training_step", "timestamp": 1782401249.061462, "step": 636, "max_steps": 875, "loss": 5.009429454803467, "lr": 0.02, "adamw_lr": 0.0005, "elapsed_time": 999.0285787582397, "prnt": false}
{"event": "training_step", "timestamp": 1782401250.463878, "step": 637, "max_steps": 875, "loss": 5.072261810302734, "lr": 0.02, "adamw_lr": 0.0005, "elapsed_time": 1000.4309949874878, "prnt": false}
{"event": "training_step", "timestamp": 1782401251.866668, "step": 638, "max_steps": 875, "loss": 5.0435380935668945, "lr": 0.02, "adamw_lr": 0.0005, "elapsed_time": 1001.833783864975, "prnt": false}
{"event": "training_step", "timestamp": 1782401253.300291, "step": 639, "max_steps": 875, "loss": 5.012820720672607, "lr": 0.02, "adamw_lr": 0.0005, "elapsed_time": 1003.2674078941345, "prnt": false}
{"event": "training_step", "timestamp": 1782401254.747473, "step": 640, "max_steps": 875, "loss": 4.975943565368652, "lr": 0.02, "adamw_lr": 0.0005, "elapsed_time": 1004.7145910263062, "prnt": false}
{"event": "training_step", "timestamp": 1782401256.143252, "step": 641, "max_steps": 875, "loss": 5.064069747924805, "lr": 0.02, "adamw_lr": 0.0005, "elapsed_time": 1006.1103699207306, "prnt": false}
{"event": "training_step", "timestamp": 1782401257.4932191, "step": 642, "max_steps": 875, "loss": 5.003089904785156, "lr": 0.02, "adamw_lr": 0.0005, "elapsed_time": 1007.4603350162506, "prnt": false}
{"event": "training_step", "timestamp": 1782401258.855402, "step": 643, "max_steps": 875, "loss": 4.936356544494629, "lr": 0.02, "adamw_lr": 0.0005, "elapsed_time": 1008.822518825531, "prnt": false}
{"event": "training_step", "timestamp": 1782401260.256335, "step": 644, "max_steps": 875, "loss": 4.999349594116211, "lr": 0.02, "adamw_lr": 0.0005, "elapsed_time": 1010.2234518527985, "prnt": false}
{"event": "training_step", "timestamp": 1782401261.669146, "step": 645, "max_steps": 875, "loss": 5.0315632820129395, "lr": 0.02, "adamw_lr": 0.0005, "elapsed_time": 1011.6362628936768, "prnt": false}
{"event": "training_step", "timestamp": 1782401263.109195, "step": 646, "max_steps": 875, "loss": 5.000439643859863, "lr": 0.02, "adamw_lr": 0.0005, "elapsed_time": 1013.0763118267059, "prnt": false}
{"event": "training_step", "timestamp": 1782401264.476931, "step": 647, "max_steps": 875, "loss": 5.009771823883057, "lr": 0.02, "adamw_lr": 0.0005, "elapsed_time": 1014.4440479278564, "prnt": false}
{"event": "training_step", "timestamp": 1782401265.908122, "step": 648, "max_steps": 875, "loss": 4.970139503479004, "lr": 0.02, "adamw_lr": 0.0005, "elapsed_time": 1015.8752388954163, "prnt": false}
{"event": "training_step", "timestamp": 1782401267.342418, "step": 649, "max_steps": 875, "loss": 5.031256198883057, "lr": 0.02, "adamw_lr": 0.0005, "elapsed_time": 1017.309535741806, "prnt": false}
{"event": "training_step", "timestamp": 1782401268.755889, "step": 650, "max_steps": 875, "loss": 5.037330627441406, "lr": 0.02, "adamw_lr": 0.0005, "elapsed_time": 1018.7230069637299, "prnt": false}
{"event": "training_step", "timestamp": 1782401270.110764, "step": 651, "max_steps": 875, "loss": 5.039471626281738, "lr": 0.02, "adamw_lr": 0.0005, "elapsed_time": 1020.0778818130493, "prnt": false}
{"event": "training_step", "timestamp": 1782401271.472298, "step": 652, "max_steps": 875, "loss": 5.011660575866699, "lr": 0.02, "adamw_lr": 0.0005, "elapsed_time": 1021.4394147396088, "prnt": false}
{"event": "training_step", "timestamp": 1782401272.896062, "step": 653, "max_steps": 875, "loss": 5.001006126403809, "lr": 0.02, "adamw_lr": 0.0005, "elapsed_time": 1022.863178730011, "prnt": false}
{"event": "training_step", "timestamp": 1782401274.3214169, "step": 654, "max_steps": 875, "loss": 4.999528408050537, "lr": 0.02, "adamw_lr": 0.0005, "elapsed_time": 1024.2885339260101, "prnt": false}
{"event": "training_step", "timestamp": 1782401275.6769128, "step": 655, "max_steps": 875, "loss": 4.969381332397461, "lr": 0.02, "adamw_lr": 0.0005, "elapsed_time": 1025.644031047821, "prnt": false}
{"event": "training_step", "timestamp": 1782401277.085571, "step": 656, "max_steps": 875, "loss": 5.007966995239258, "lr": 0.02, "adamw_lr": 0.0005, "elapsed_time": 1027.052687883377, "prnt": false}
{"event": "validation_step", "timestamp": 1782401282.38835, "step": 656, "max_steps": 875, "loss": 0.9788076657059879, "ema": true, "elapsed_time": 1027.052687883377}
{"event": "training_step", "timestamp": 1782401283.621993, "step": 657, "max_steps": 875, "loss": 4.980877876281738, "lr": 0.02, "adamw_lr": 0.0005, "elapsed_time": 1033.5891098976135, "prnt": false}
{"event": "training_step", "timestamp": 1782401285.068746, "step": 658, "max_steps": 875, "loss": 5.020832538604736, "lr": 0.02, "adamw_lr": 0.0005, "elapsed_time": 1035.0358629226685, "prnt": false}
{"event": "training_step", "timestamp": 1782401286.413118, "step": 659, "max_steps": 875, "loss": 5.018208980560303, "lr": 0.02, "adamw_lr": 0.0005, "elapsed_time": 1036.380234003067, "prnt": false}
{"event": "training_step", "timestamp": 1782401287.7895098, "step": 660, "max_steps": 875, "loss": 4.994498252868652, "lr": 0.02, "adamw_lr": 0.0005, "elapsed_time": 1037.7566270828247, "prnt": false}
{"event": "training_step", "timestamp": 1782401289.185496, "step": 661, "max_steps": 875, "loss": 5.0818281173706055, "lr": 0.02, "adamw_lr": 0.0005, "elapsed_time": 1039.1526129245758, "prnt": false}
{"event": "training_step", "timestamp": 1782401290.590517, "step": 662, "max_steps": 875, "loss": 4.989777088165283, "lr": 0.02, "adamw_lr": 0.0005, "elapsed_time": 1040.5576348304749, "prnt": false}
{"event": "training_step", "timestamp": 1782401291.934347, "step": 663, "max_steps": 875, "loss": 4.9992547035217285, "lr": 0.02, "adamw_lr": 0.0005, "elapsed_time": 1041.9014649391174, "prnt": false}
{"event": "training_step", "timestamp": 1782401293.382346, "step": 664, "max_steps": 875, "loss": 4.981368064880371, "lr": 0.02, "adamw_lr": 0.0005, "elapsed_time": 1043.3494639396667, "prnt": false}
{"event": "training_step", "timestamp": 1782401294.789557, "step": 665, "max_steps": 875, "loss": 4.954566955566406, "lr": 0.02, "adamw_lr": 0.0005, "elapsed_time": 1044.7566738128662, "prnt": false}
{"event": "training_step", "timestamp": 1782401296.2153332, "step": 666, "max_steps": 875, "loss": 5.006169319152832, "lr": 0.02, "adamw_lr": 0.0005, "elapsed_time": 1046.182450056076, "prnt": false}
{"event": "training_step", "timestamp": 1782401297.563606, "step": 667, "max_steps": 875, "loss": 4.999569892883301, "lr": 0.02, "adamw_lr": 0.0005, "elapsed_time": 1047.530723810196, "prnt": false}
{"event": "training_step", "timestamp": 1782401298.976235, "step": 668, "max_steps": 875, "loss": 4.94502067565918, "lr": 0.02, "adamw_lr": 0.0005, "elapsed_time": 1048.943351984024, "prnt": false}
{"event": "training_step", "timestamp": 1782401300.423608, "step": 669, "max_steps": 875, "loss": 4.981215476989746, "lr": 0.02, "adamw_lr": 0.0005, "elapsed_time": 1050.390725851059, "prnt": false}
{"event": "training_step", "timestamp": 1782401301.8354628, "step": 670, "max_steps": 875, "loss": 4.966773986816406, "lr": 0.02, "adamw_lr": 0.0005, "elapsed_time": 1051.8025801181793, "prnt": false}
{"event": "training_step", "timestamp": 1782401303.211126, "step": 671, "max_steps": 875, "loss": 4.966006278991699, "lr": 0.02, "adamw_lr": 0.0005, "elapsed_time": 1053.1782429218292, "prnt": false}
{"event": "training_step", "timestamp": 1782401304.5963259, "step": 672, "max_steps": 875, "loss": 4.95213508605957, "lr": 0.02, "adamw_lr": 0.0005, "elapsed_time": 1054.5634441375732, "prnt": false}
{"event": "training_step", "timestamp": 1782401306.034209, "step": 673, "max_steps": 875, "loss": 4.94572639465332, "lr": 0.02, "adamw_lr": 0.0005, "elapsed_time": 1056.0013267993927, "prnt": false}
{"event": "training_step", "timestamp": 1782401307.4406521, "step": 674, "max_steps": 875, "loss": 4.920289516448975, "lr": 0.02, "adamw_lr": 0.0005, "elapsed_time": 1057.4077699184418, "prnt": false}
{"event": "training_step", "timestamp": 1782401308.814185, "step": 675, "max_steps": 875, "loss": 4.958591461181641, "lr": 0.02, "adamw_lr": 0.0005, "elapsed_time": 1058.7813017368317, "prnt": false}
{"event": "training_step", "timestamp": 1782401310.188859, "step": 676, "max_steps": 875, "loss": 4.966052055358887, "lr": 0.02, "adamw_lr": 0.0005, "elapsed_time": 1060.155977010727, "prnt": false}
{"event": "training_step", "timestamp": 1782401311.57372, "step": 677, "max_steps": 875, "loss": 4.924727916717529, "lr": 0.02, "adamw_lr": 0.0005, "elapsed_time": 1061.5408389568329, "prnt": false}
{"event": "training_step", "timestamp": 1782401312.999443, "step": 678, "max_steps": 875, "loss": 4.9902729988098145, "lr": 0.02, "adamw_lr": 0.0005, "elapsed_time": 1062.9665608406067, "prnt": false}
{"event": "training_step", "timestamp": 1782401314.428475, "step": 679, "max_steps": 875, "loss": 4.977627754211426, "lr": 0.02, "adamw_lr": 0.0005, "elapsed_time": 1064.395591020584, "prnt": false}
{"event": "training_step", "timestamp": 1782401315.838349, "step": 680, "max_steps": 875, "loss": 4.911881446838379, "lr": 0.02, "adamw_lr": 0.0005, "elapsed_time": 1065.805466890335, "prnt": false}
{"event": "training_step", "timestamp": 1782401317.2223601, "step": 681, "max_steps": 875, "loss": 5.034547328948975, "lr": 0.02, "adamw_lr": 0.0005, "elapsed_time": 1067.1894779205322, "prnt": false}
{"event": "training_step", "timestamp": 1782401318.621875, "step": 682, "max_steps": 875, "loss": 4.949436664581299, "lr": 0.02, "adamw_lr": 0.0005, "elapsed_time": 1068.5889921188354, "prnt": false}
{"event": "training_step", "timestamp": 1782401320.003405, "step": 683, "max_steps": 875, "loss": 4.934141635894775, "lr": 0.02, "adamw_lr": 0.0005, "elapsed_time": 1069.9705219268799, "prnt": false}
{"event": "training_step", "timestamp": 1782401321.4060102, "step": 684, "max_steps": 875, "loss": 4.908261299133301, "lr": 0.02, "adamw_lr": 0.0005, "elapsed_time": 1071.3731269836426, "prnt": false}
{"event": "training_step", "timestamp": 1782401322.8283179, "step": 685, "max_steps": 875, "loss": 4.927191734313965, "lr": 0.02, "adamw_lr": 0.0005, "elapsed_time": 1072.7954347133636, "prnt": false}
{"event": "training_step", "timestamp": 1782401324.255353, "step": 686, "max_steps": 875, "loss": 4.894082069396973, "lr": 0.02, "adamw_lr": 0.0005, "elapsed_time": 1074.2224700450897, "prnt": false}
{"event": "training_step", "timestamp": 1782401325.668596, "step": 687, "max_steps": 875, "loss": 4.9090118408203125, "lr": 0.02, "adamw_lr": 0.0005, "elapsed_time": 1075.635713815689, "prnt": false}
{"event": "training_step", "timestamp": 1782401327.073664, "step": 688, "max_steps": 875, "loss": 4.976602554321289, "lr": 0.02, "adamw_lr": 0.0005, "elapsed_time": 1077.0407819747925, "prnt": false}
{"event": "training_step", "timestamp": 1782401328.453275, "step": 689, "max_steps": 875, "loss": 4.923765182495117, "lr": 0.02, "adamw_lr": 0.0005, "elapsed_time": 1078.4203929901123, "prnt": false}
{"event": "training_step", "timestamp": 1782401329.8293571, "step": 690, "max_steps": 875, "loss": 4.912728309631348, "lr": 0.02, "adamw_lr": 0.0005, "elapsed_time": 1079.79647397995, "prnt": false}
{"event": "training_step", "timestamp": 1782401331.258432, "step": 691, "max_steps": 875, "loss": 4.94439697265625, "lr": 0.02, "adamw_lr": 0.0005, "elapsed_time": 1081.2255487442017, "prnt": false}
{"event": "training_step", "timestamp": 1782401332.607029, "step": 692, "max_steps": 875, "loss": 4.966462135314941, "lr": 0.02, "adamw_lr": 0.0005, "elapsed_time": 1082.5741457939148, "prnt": false}
{"event": "training_step", "timestamp": 1782401333.973006, "step": 693, "max_steps": 875, "loss": 4.891361713409424, "lr": 0.02, "adamw_lr": 0.0005, "elapsed_time": 1083.9401228427887, "prnt": false}
{"event": "training_step", "timestamp": 1782401335.371468, "step": 694, "max_steps": 875, "loss": 4.917356491088867, "lr": 0.02, "adamw_lr": 0.0005, "elapsed_time": 1085.3385848999023, "prnt": false}
{"event": "training_step", "timestamp": 1782401336.751167, "step": 695, "max_steps": 875, "loss": 4.917718410491943, "lr": 0.02, "adamw_lr": 0.0005, "elapsed_time": 1086.7182848453522, "prnt": false}
{"event": "training_step", "timestamp": 1782401338.147889, "step": 696, "max_steps": 875, "loss": 4.941147804260254, "lr": 0.02, "adamw_lr": 0.0005, "elapsed_time": 1088.1150059700012, "prnt": false}
{"event": "training_step", "timestamp": 1782401339.582858, "step": 697, "max_steps": 875, "loss": 4.958282470703125, "lr": 0.02, "adamw_lr": 0.0005, "elapsed_time": 1089.5499749183655, "prnt": false}
{"event": "validation_step", "timestamp": 1782401344.9843688, "step": 697, "max_steps": 875, "loss": 0.9776233080803596, "ema": true, "elapsed_time": 1089.5499749183655}
{"event": "training_step", "timestamp": 1782401346.1813262, "step": 698, "max_steps": 875, "loss": 4.9232988357543945, "lr": 0.02, "adamw_lr": 0.0005, "elapsed_time": 1096.1484439373016, "prnt": false}
{"event": "training_step", "timestamp": 1782401347.534416, "step": 699, "max_steps": 875, "loss": 4.9761962890625, "lr": 0.02, "adamw_lr": 0.0005, "elapsed_time": 1097.5015330314636, "prnt": false}
{"event": "training_step", "timestamp": 1782401348.88918, "step": 700, "max_steps": 875, "loss": 4.951627254486084, "lr": 0.019885714285714288, "adamw_lr": 0.0004971428571428571, "elapsed_time": 1098.8562970161438, "prnt": false}
{"event": "training_step", "timestamp": 1782401350.3144572, "step": 701, "max_steps": 875, "loss": 4.875627040863037, "lr": 0.019771428571428572, "adamw_lr": 0.0004942857142857143, "elapsed_time": 1100.281574010849, "prnt": false}
{"event": "training_step", "timestamp": 1782401351.750256, "step": 702, "max_steps": 875, "loss": 4.955357074737549, "lr": 0.01965714285714286, "adamw_lr": 0.0004914285714285715, "elapsed_time": 1101.717372894287, "prnt": false}
{"event": "training_step", "timestamp": 1782401353.1237812, "step": 703, "max_steps": 875, "loss": 4.928673267364502, "lr": 0.019542857142857143, "adamw_lr": 0.0004885714285714286, "elapsed_time": 1103.090898990631, "prnt": false}
{"event": "training_step", "timestamp": 1782401354.487606, "step": 704, "max_steps": 875, "loss": 4.907756805419922, "lr": 0.01942857142857143, "adamw_lr": 0.0004857142857142857, "elapsed_time": 1104.4547228813171, "prnt": false}
{"event": "training_step", "timestamp": 1782401355.947936, "step": 705, "max_steps": 875, "loss": 4.920071125030518, "lr": 0.019314285714285714, "adamw_lr": 0.0004828571428571429, "elapsed_time": 1105.915053844452, "prnt": false}
{"event": "training_step", "timestamp": 1782401357.3547552, "step": 706, "max_steps": 875, "loss": 4.997002601623535, "lr": 0.0192, "adamw_lr": 0.00048, "elapsed_time": 1107.3218739032745, "prnt": false}
{"event": "training_step", "timestamp": 1782401358.727492, "step": 707, "max_steps": 875, "loss": 4.951610088348389, "lr": 0.019085714285714286, "adamw_lr": 0.00047714285714285713, "elapsed_time": 1108.6946070194244, "prnt": false}
{"event": "training_step", "timestamp": 1782401360.087143, "step": 708, "max_steps": 875, "loss": 4.923943519592285, "lr": 0.018971428571428573, "adamw_lr": 0.0004742857142857143, "elapsed_time": 1110.054260969162, "prnt": false}
{"event": "training_step", "timestamp": 1782401361.529533, "step": 709, "max_steps": 875, "loss": 4.909129619598389, "lr": 0.018857142857142857, "adamw_lr": 0.0004714285714285714, "elapsed_time": 1111.4966506958008, "prnt": false}
{"event": "training_step", "timestamp": 1782401362.9271832, "step": 710, "max_steps": 875, "loss": 4.920372009277344, "lr": 0.018742857142857144, "adamw_lr": 0.0004685714285714286, "elapsed_time": 1112.894299030304, "prnt": false}
{"event": "training_step", "timestamp": 1782401364.341794, "step": 711, "max_steps": 875, "loss": 4.864866256713867, "lr": 0.01862857142857143, "adamw_lr": 0.0004657142857142857, "elapsed_time": 1114.308912038803, "prnt": false}
{"event": "training_step", "timestamp": 1782401365.693717, "step": 712, "max_steps": 875, "loss": 4.872860908508301, "lr": 0.018514285714285716, "adamw_lr": 0.00046285714285714284, "elapsed_time": 1115.6608347892761, "prnt": false}
{"event": "training_step", "timestamp": 1782401367.135936, "step": 713, "max_steps": 875, "loss": 4.89956521987915, "lr": 0.0184, "adamw_lr": 0.00046, "elapsed_time": 1117.1030538082123, "prnt": false}
{"event": "training_step", "timestamp": 1782401368.52619, "step": 714, "max_steps": 875, "loss": 4.876437664031982, "lr": 0.018285714285714287, "adamw_lr": 0.00045714285714285713, "elapsed_time": 1118.4933080673218, "prnt": false}
{"event": "training_step", "timestamp": 1782401369.8863099, "step": 715, "max_steps": 875, "loss": 4.8698883056640625, "lr": 0.01817142857142857, "adamw_lr": 0.0004542857142857143, "elapsed_time": 1119.8534259796143, "prnt": false}
{"event": "training_step", "timestamp": 1782401371.212246, "step": 716, "max_steps": 875, "loss": 4.93318510055542, "lr": 0.018057142857142855, "adamw_lr": 0.00045142857142857143, "elapsed_time": 1121.1793627738953, "prnt": false}
{"event": "training_step", "timestamp": 1782401372.5911071, "step": 717, "max_steps": 875, "loss": 4.937222003936768, "lr": 0.017942857142857142, "adamw_lr": 0.0004485714285714286, "elapsed_time": 1122.5582239627838, "prnt": false}
{"event": "training_step", "timestamp": 1782401374.055186, "step": 718, "max_steps": 875, "loss": 4.880188941955566, "lr": 0.01782857142857143, "adamw_lr": 0.0004457142857142857, "elapsed_time": 1124.0223038196564, "prnt": false}
{"event": "training_step", "timestamp": 1782401375.482555, "step": 719, "max_steps": 875, "loss": 4.870241165161133, "lr": 0.017714285714285714, "adamw_lr": 0.00044285714285714284, "elapsed_time": 1125.4496729373932, "prnt": false}
{"event": "training_step", "timestamp": 1782401376.882706, "step": 720, "max_steps": 875, "loss": 4.925520420074463, "lr": 0.0176, "adamw_lr": 0.00044, "elapsed_time": 1126.8498237133026, "prnt": false}
{"event": "training_step", "timestamp": 1782401378.238414, "step": 721, "max_steps": 875, "loss": 4.889840126037598, "lr": 0.01748571428571429, "adamw_lr": 0.0004371428571428572, "elapsed_time": 1128.2055308818817, "prnt": false}
{"event": "training_step", "timestamp": 1782401379.599849, "step": 722, "max_steps": 875, "loss": 4.893210411071777, "lr": 0.017371428571428572, "adamw_lr": 0.0004342857142857143, "elapsed_time": 1129.5669658184052, "prnt": false}
{"event": "training_step", "timestamp": 1782401380.974321, "step": 723, "max_steps": 875, "loss": 4.883868217468262, "lr": 0.017257142857142856, "adamw_lr": 0.00043142857142857143, "elapsed_time": 1130.941439151764, "prnt": false}
{"event": "training_step", "timestamp": 1782401382.36354, "step": 724, "max_steps": 875, "loss": 4.92547607421875, "lr": 0.017142857142857144, "adamw_lr": 0.0004285714285714286, "elapsed_time": 1132.3306579589844, "prnt": false}
{"event": "training_step", "timestamp": 1782401383.759306, "step": 725, "max_steps": 875, "loss": 4.866514205932617, "lr": 0.017028571428571428, "adamw_lr": 0.0004257142857142857, "elapsed_time": 1133.7264239788055, "prnt": false}
{"event": "training_step", "timestamp": 1782401385.1455529, "step": 726, "max_steps": 875, "loss": 4.9148406982421875, "lr": 0.016914285714285715, "adamw_lr": 0.0004228571428571429, "elapsed_time": 1135.1126699447632, "prnt": false}
{"event": "training_step", "timestamp": 1782401386.484042, "step": 727, "max_steps": 875, "loss": 4.897385597229004, "lr": 0.0168, "adamw_lr": 0.00042, "elapsed_time": 1136.451159954071, "prnt": false}
{"event": "training_step", "timestamp": 1782401387.88013, "step": 728, "max_steps": 875, "loss": 4.932465553283691, "lr": 0.016685714285714286, "adamw_lr": 0.00041714285714285714, "elapsed_time": 1137.847247838974, "prnt": false}
{"event": "training_step", "timestamp": 1782401389.2765682, "step": 729, "max_steps": 875, "loss": 4.849506855010986, "lr": 0.01657142857142857, "adamw_lr": 0.00041428571428571426, "elapsed_time": 1139.2436859607697, "prnt": false}
{"event": "training_step", "timestamp": 1782401390.694056, "step": 730, "max_steps": 875, "loss": 4.916634559631348, "lr": 0.016457142857142858, "adamw_lr": 0.00041142857142857143, "elapsed_time": 1140.6611738204956, "prnt": false}
{"event": "training_step", "timestamp": 1782401392.067643, "step": 731, "max_steps": 875, "loss": 4.851632118225098, "lr": 0.016342857142857145, "adamw_lr": 0.0004085714285714286, "elapsed_time": 1142.0347599983215, "prnt": false}
{"event": "training_step", "timestamp": 1782401393.4940522, "step": 732, "max_steps": 875, "loss": 4.927760124206543, "lr": 0.01622857142857143, "adamw_lr": 0.0004057142857142857, "elapsed_time": 1143.461168050766, "prnt": false}
{"event": "training_step", "timestamp": 1782401394.885518, "step": 733, "max_steps": 875, "loss": 4.884832382202148, "lr": 0.016114285714285713, "adamw_lr": 0.00040285714285714285, "elapsed_time": 1144.8526298999786, "prnt": false}
{"event": "training_step", "timestamp": 1782401396.303679, "step": 734, "max_steps": 875, "loss": 4.876006603240967, "lr": 0.016, "adamw_lr": 0.0004, "elapsed_time": 1146.2707958221436, "prnt": false}
{"event": "training_step", "timestamp": 1782401397.6758459, "step": 735, "max_steps": 875, "loss": 4.836409568786621, "lr": 0.015885714285714284, "adamw_lr": 0.00039714285714285714, "elapsed_time": 1147.6429629325867, "prnt": false}
{"event": "training_step", "timestamp": 1782401399.0406349, "step": 736, "max_steps": 875, "loss": 4.84518575668335, "lr": 0.01577142857142857, "adamw_lr": 0.0003942857142857143, "elapsed_time": 1149.0077531337738, "prnt": false}
{"event": "training_step", "timestamp": 1782401400.4459882, "step": 737, "max_steps": 875, "loss": 4.885211944580078, "lr": 0.01565714285714286, "adamw_lr": 0.0003914285714285715, "elapsed_time": 1150.4131050109863, "prnt": false}
{"event": "training_step", "timestamp": 1782401401.7969532, "step": 738, "max_steps": 875, "loss": 4.811417579650879, "lr": 0.015542857142857143, "adamw_lr": 0.00038857142857142855, "elapsed_time": 1151.764070034027, "prnt": false}
{"event": "validation_step", "timestamp": 1782401407.00712, "step": 738, "max_steps": 875, "loss": 0.9765615840986198, "ema": true, "elapsed_time": 1151.764070034027}
{"event": "training_step", "timestamp": 1782401408.184983, "step": 739, "max_steps": 875, "loss": 4.850852966308594, "lr": 0.01542857142857143, "adamw_lr": 0.0003857142857142857, "elapsed_time": 1158.1520998477936, "prnt": false}
{"event": "training_step", "timestamp": 1782401409.582127, "step": 740, "max_steps": 875, "loss": 4.835518836975098, "lr": 0.015314285714285714, "adamw_lr": 0.00038285714285714285, "elapsed_time": 1159.549243927002, "prnt": false}
{"event": "training_step", "timestamp": 1782401411.032446, "step": 741, "max_steps": 875, "loss": 4.8601226806640625, "lr": 0.0152, "adamw_lr": 0.00038, "elapsed_time": 1160.9995639324188, "prnt": false}
{"event": "training_step", "timestamp": 1782401412.389827, "step": 742, "max_steps": 875, "loss": 4.919267654418945, "lr": 0.015085714285714286, "adamw_lr": 0.00037714285714285714, "elapsed_time": 1162.3569450378418, "prnt": false}
{"event": "training_step", "timestamp": 1782401413.765871, "step": 743, "max_steps": 875, "loss": 4.875507831573486, "lr": 0.014971428571428571, "adamw_lr": 0.00037428571428571426, "elapsed_time": 1163.7329878807068, "prnt": false}
{"event": "training_step", "timestamp": 1782401415.099016, "step": 744, "max_steps": 875, "loss": 4.848964691162109, "lr": 0.014857142857142859, "adamw_lr": 0.00037142857142857143, "elapsed_time": 1165.066133737564, "prnt": false}
{"event": "training_step", "timestamp": 1782401416.478079, "step": 745, "max_steps": 875, "loss": 4.845721244812012, "lr": 0.014742857142857143, "adamw_lr": 0.00036857142857142855, "elapsed_time": 1166.4451959133148, "prnt": false}
{"event": "training_step", "timestamp": 1782401417.852612, "step": 746, "max_steps": 875, "loss": 4.775780200958252, "lr": 0.014628571428571428, "adamw_lr": 0.00036571428571428573, "elapsed_time": 1167.8197288513184, "prnt": false}
{"event": "training_step", "timestamp": 1782401419.2572649, "step": 747, "max_steps": 875, "loss": 4.833975315093994, "lr": 0.014514285714285716, "adamw_lr": 0.0003628571428571429, "elapsed_time": 1169.2243831157684, "prnt": false}
{"event": "training_step", "timestamp": 1782401420.607612, "step": 748, "max_steps": 875, "loss": 4.872747421264648, "lr": 0.0144, "adamw_lr": 0.00035999999999999997, "elapsed_time": 1170.5747301578522, "prnt": false}
{"event": "training_step", "timestamp": 1782401422.0261388, "step": 749, "max_steps": 875, "loss": 4.8274993896484375, "lr": 0.014285714285714287, "adamw_lr": 0.00035714285714285714, "elapsed_time": 1171.9932560920715, "prnt": false}
{"event": "training_step", "timestamp": 1782401423.401394, "step": 750, "max_steps": 875, "loss": 4.788728713989258, "lr": 0.014171428571428573, "adamw_lr": 0.0003542857142857143, "elapsed_time": 1173.3685109615326, "prnt": false}
{"event": "training_step", "timestamp": 1782401424.806533, "step": 751, "max_steps": 875, "loss": 4.7796630859375, "lr": 0.014057142857142857, "adamw_lr": 0.00035142857142857144, "elapsed_time": 1174.773649930954, "prnt": false}
{"event": "training_step", "timestamp": 1782401426.155825, "step": 752, "max_steps": 875, "loss": 4.783348083496094, "lr": 0.013942857142857142, "adamw_lr": 0.00034857142857142856, "elapsed_time": 1176.1229419708252, "prnt": false}
{"event": "training_step", "timestamp": 1782401427.5365388, "step": 753, "max_steps": 875, "loss": 4.819452285766602, "lr": 0.01382857142857143, "adamw_lr": 0.0003457142857142858, "elapsed_time": 1177.503655910492, "prnt": false}
{"event": "training_step", "timestamp": 1782401428.9214668, "step": 754, "max_steps": 875, "loss": 4.78175687789917, "lr": 0.013714285714285715, "adamw_lr": 0.00034285714285714285, "elapsed_time": 1178.8885850906372, "prnt": false}
{"event": "training_step", "timestamp": 1782401430.331816, "step": 755, "max_steps": 875, "loss": 4.8330979347229, "lr": 0.0136, "adamw_lr": 0.00033999999999999997, "elapsed_time": 1180.2989330291748, "prnt": false}
{"event": "training_step", "timestamp": 1782401431.683747, "step": 756, "max_steps": 875, "loss": 4.758450984954834, "lr": 0.013485714285714285, "adamw_lr": 0.00033714285714285714, "elapsed_time": 1181.6508638858795, "prnt": false}
{"event": "training_step", "timestamp": 1782401433.112971, "step": 757, "max_steps": 875, "loss": 4.862188339233398, "lr": 0.013371428571428572, "adamw_lr": 0.0003342857142857143, "elapsed_time": 1183.080088853836, "prnt": false}
{"event": "training_step", "timestamp": 1782401434.57883, "step": 758, "max_steps": 875, "loss": 4.7930498123168945, "lr": 0.013257142857142856, "adamw_lr": 0.00033142857142857144, "elapsed_time": 1184.5459468364716, "prnt": false}
{"event": "training_step", "timestamp": 1782401435.948292, "step": 759, "max_steps": 875, "loss": 4.840593338012695, "lr": 0.013142857142857144, "adamw_lr": 0.00032857142857142856, "elapsed_time": 1185.915410041809, "prnt": false}
{"event": "training_step", "timestamp": 1782401437.305227, "step": 760, "max_steps": 875, "loss": 4.777594089508057, "lr": 0.01302857142857143, "adamw_lr": 0.00032571428571428573, "elapsed_time": 1187.272344827652, "prnt": false}
{"event": "training_step", "timestamp": 1782401438.650361, "step": 761, "max_steps": 875, "loss": 4.762932777404785, "lr": 0.012914285714285713, "adamw_lr": 0.00032285714285714285, "elapsed_time": 1188.6174778938293, "prnt": false}
{"event": "training_step", "timestamp": 1782401440.033796, "step": 762, "max_steps": 875, "loss": 4.826851844787598, "lr": 0.0128, "adamw_lr": 0.00032, "elapsed_time": 1190.0009140968323, "prnt": false}
{"event": "training_step", "timestamp": 1782401441.48453, "step": 763, "max_steps": 875, "loss": 4.771639823913574, "lr": 0.012685714285714286, "adamw_lr": 0.0003171428571428572, "elapsed_time": 1191.4516470432281, "prnt": false}
{"event": "training_step", "timestamp": 1782401442.916468, "step": 764, "max_steps": 875, "loss": 4.767356872558594, "lr": 0.012571428571428572, "adamw_lr": 0.00031428571428571427, "elapsed_time": 1192.8835847377777, "prnt": false}
{"event": "training_step", "timestamp": 1782401444.284153, "step": 765, "max_steps": 875, "loss": 4.729797840118408, "lr": 0.012457142857142856, "adamw_lr": 0.0003114285714285714, "elapsed_time": 1194.251268863678, "prnt": false}
{"event": "training_step", "timestamp": 1782401445.651074, "step": 766, "max_steps": 875, "loss": 4.787152290344238, "lr": 0.012342857142857145, "adamw_lr": 0.0003085714285714286, "elapsed_time": 1195.6181919574738, "prnt": false}
{"event": "training_step", "timestamp": 1782401447.036733, "step": 767, "max_steps": 875, "loss": 4.749096393585205, "lr": 0.012228571428571429, "adamw_lr": 0.00030571428571428573, "elapsed_time": 1197.0038499832153, "prnt": false}
{"event": "training_step", "timestamp": 1782401448.385226, "step": 768, "max_steps": 875, "loss": 4.682828903198242, "lr": 0.012114285714285713, "adamw_lr": 0.00030285714285714285, "elapsed_time": 1198.3523428440094, "prnt": false}
{"event": "training_step", "timestamp": 1782401449.7364721, "step": 769, "max_steps": 875, "loss": 4.734875679016113, "lr": 0.012, "adamw_lr": 0.0003, "elapsed_time": 1199.7035899162292, "prnt": false}
{"event": "training_step", "timestamp": 1782401451.112524, "step": 770, "max_steps": 875, "loss": 4.77072286605835, "lr": 0.011885714285714286, "adamw_lr": 0.00029714285714285715, "elapsed_time": 1201.0796418190002, "prnt": false}
{"event": "training_step", "timestamp": 1782401452.498873, "step": 771, "max_steps": 875, "loss": 4.722600936889648, "lr": 0.011771428571428572, "adamw_lr": 0.00029428571428571427, "elapsed_time": 1202.4659910202026, "prnt": false}
{"event": "training_step", "timestamp": 1782401453.8260238, "step": 772, "max_steps": 875, "loss": 4.72475528717041, "lr": 0.011657142857142857, "adamw_lr": 0.00029142857142857144, "elapsed_time": 1203.7931411266327, "prnt": false}
{"event": "training_step", "timestamp": 1782401455.280891, "step": 773, "max_steps": 875, "loss": 4.684751987457275, "lr": 0.011542857142857145, "adamw_lr": 0.0002885714285714286, "elapsed_time": 1205.2480101585388, "prnt": false}
{"event": "training_step", "timestamp": 1782401456.6614761, "step": 774, "max_steps": 875, "loss": 4.756957530975342, "lr": 0.011428571428571429, "adamw_lr": 0.0002857142857142857, "elapsed_time": 1206.6285939216614, "prnt": false}
{"event": "training_step", "timestamp": 1782401458.0165818, "step": 775, "max_steps": 875, "loss": 4.747720718383789, "lr": 0.011314285714285714, "adamw_lr": 0.00028285714285714286, "elapsed_time": 1207.9837000370026, "prnt": false}
{"event": "training_step", "timestamp": 1782401459.3422022, "step": 776, "max_steps": 875, "loss": 4.756039142608643, "lr": 0.011200000000000002, "adamw_lr": 0.00028000000000000003, "elapsed_time": 1209.3093190193176, "prnt": false}
{"event": "training_step", "timestamp": 1782401460.698595, "step": 777, "max_steps": 875, "loss": 4.716526031494141, "lr": 0.011085714285714286, "adamw_lr": 0.00027714285714285715, "elapsed_time": 1210.6657130718231, "prnt": false}
{"event": "training_step", "timestamp": 1782401462.134901, "step": 778, "max_steps": 875, "loss": 4.7083740234375, "lr": 0.010971428571428573, "adamw_lr": 0.0002742857142857143, "elapsed_time": 1212.1020188331604, "prnt": false}
{"event": "training_step", "timestamp": 1782401463.5220659, "step": 779, "max_steps": 875, "loss": 4.707638740539551, "lr": 0.010857142857142859, "adamw_lr": 0.00027142857142857144, "elapsed_time": 1213.4891829490662, "prnt": false}
{"event": "validation_step", "timestamp": 1782401468.689769, "step": 779, "max_steps": 875, "loss": 0.9751333191599908, "ema": true, "elapsed_time": 1213.4891829490662}
{"event": "training_step", "timestamp": 1782401469.911763, "step": 780, "max_steps": 875, "loss": 4.679289817810059, "lr": 0.010742857142857143, "adamw_lr": 0.00026857142857142856, "elapsed_time": 1219.8788797855377, "prnt": false}
{"event": "training_step", "timestamp": 1782401471.3375208, "step": 781, "max_steps": 875, "loss": 4.712553024291992, "lr": 0.010628571428571428, "adamw_lr": 0.0002657142857142857, "elapsed_time": 1221.3046379089355, "prnt": false}
{"event": "training_step", "timestamp": 1782401472.720246, "step": 782, "max_steps": 875, "loss": 4.677656173706055, "lr": 0.010514285714285714, "adamw_lr": 0.00026285714285714286, "elapsed_time": 1222.6873638629913, "prnt": false}
{"event": "training_step", "timestamp": 1782401474.093994, "step": 783, "max_steps": 875, "loss": 4.715213775634766, "lr": 0.010400000000000001, "adamw_lr": 0.00026000000000000003, "elapsed_time": 1224.0611119270325, "prnt": false}
{"event": "training_step", "timestamp": 1782401475.459279, "step": 784, "max_steps": 875, "loss": 4.713731288909912, "lr": 0.010285714285714285, "adamw_lr": 0.0002571428571428571, "elapsed_time": 1225.4263970851898, "prnt": false}
{"event": "training_step", "timestamp": 1782401476.798552, "step": 785, "max_steps": 875, "loss": 4.67476749420166, "lr": 0.01017142857142857, "adamw_lr": 0.00025428571428571427, "elapsed_time": 1226.7656700611115, "prnt": false}
{"event": "training_step", "timestamp": 1782401478.1980312, "step": 786, "max_steps": 875, "loss": 4.7723069190979, "lr": 0.010057142857142858, "adamw_lr": 0.00025142857142857145, "elapsed_time": 1228.165148973465, "prnt": false}
{"event": "training_step", "timestamp": 1782401479.5976288, "step": 787, "max_steps": 875, "loss": 4.674981117248535, "lr": 0.009942857142857142, "adamw_lr": 0.00024857142857142857, "elapsed_time": 1229.5647468566895, "prnt": false}
{"event": "training_step", "timestamp": 1782401480.9164429, "step": 788, "max_steps": 875, "loss": 4.684964656829834, "lr": 0.00982857142857143, "adamw_lr": 0.00024571428571428574, "elapsed_time": 1230.8835599422455, "prnt": false}
{"event": "training_step", "timestamp": 1782401482.24831, "step": 789, "max_steps": 875, "loss": 4.662851810455322, "lr": 0.009714285714285715, "adamw_lr": 0.00024285714285714289, "elapsed_time": 1232.2154278755188, "prnt": false}
{"event": "training_step", "timestamp": 1782401483.618034, "step": 790, "max_steps": 875, "loss": 4.621753215789795, "lr": 0.0096, "adamw_lr": 0.00024, "elapsed_time": 1233.5851509571075, "prnt": false}
{"event": "training_step", "timestamp": 1782401485.016316, "step": 791, "max_steps": 875, "loss": 4.688177108764648, "lr": 0.009485714285714287, "adamw_lr": 0.00023714285714285715, "elapsed_time": 1234.9834339618683, "prnt": false}
{"event": "training_step", "timestamp": 1782401486.352818, "step": 792, "max_steps": 875, "loss": 4.658647537231445, "lr": 0.00937142857142857, "adamw_lr": 0.00023428571428571427, "elapsed_time": 1236.3199350833893, "prnt": false}
{"event": "training_step", "timestamp": 1782401487.699572, "step": 793, "max_steps": 875, "loss": 4.5992631912231445, "lr": 0.009257142857142858, "adamw_lr": 0.00023142857142857142, "elapsed_time": 1237.6666889190674, "prnt": false}
{"event": "training_step", "timestamp": 1782401489.1192389, "step": 794, "max_steps": 875, "loss": 4.640683174133301, "lr": 0.009142857142857144, "adamw_lr": 0.0002285714285714286, "elapsed_time": 1239.0863559246063, "prnt": false}
{"event": "training_step", "timestamp": 1782401490.465, "step": 795, "max_steps": 875, "loss": 4.6226677894592285, "lr": 0.009028571428571427, "adamw_lr": 0.00022571428571428571, "elapsed_time": 1240.4321179389954, "prnt": false}
{"event": "training_step", "timestamp": 1782401491.807672, "step": 796, "max_steps": 875, "loss": 4.6210222244262695, "lr": 0.008914285714285715, "adamw_lr": 0.00022285714285714286, "elapsed_time": 1241.7747888565063, "prnt": false}
{"event": "training_step", "timestamp": 1782401493.170826, "step": 797, "max_steps": 875, "loss": 4.619040489196777, "lr": 0.008799999999999999, "adamw_lr": 0.00021999999999999998, "elapsed_time": 1243.137942790985, "prnt": false}
{"event": "training_step", "timestamp": 1782401494.568646, "step": 798, "max_steps": 875, "loss": 4.599508285522461, "lr": 0.008685714285714286, "adamw_lr": 0.00021714285714285715, "elapsed_time": 1244.5357630252838, "prnt": false}
{"event": "training_step", "timestamp": 1782401495.949013, "step": 799, "max_steps": 875, "loss": 4.568201065063477, "lr": 0.008571428571428572, "adamw_lr": 0.0002142857142857143, "elapsed_time": 1245.9161298274994, "prnt": false}
{"event": "training_step", "timestamp": 1782401497.3033679, "step": 800, "max_steps": 875, "loss": 4.625339031219482, "lr": 0.008457142857142856, "adamw_lr": 0.00021142857142857142, "elapsed_time": 1247.270485162735, "prnt": false}
{"event": "training_step", "timestamp": 1782401498.642132, "step": 801, "max_steps": 875, "loss": 4.612041473388672, "lr": 0.008342857142857143, "adamw_lr": 0.00020857142857142857, "elapsed_time": 1248.6092479228973, "prnt": false}
{"event": "training_step", "timestamp": 1782401500.050812, "step": 802, "max_steps": 875, "loss": 4.564924240112305, "lr": 0.008228571428571429, "adamw_lr": 0.00020571428571428574, "elapsed_time": 1250.0179290771484, "prnt": false}
{"event": "training_step", "timestamp": 1782401501.4300642, "step": 803, "max_steps": 875, "loss": 4.626195430755615, "lr": 0.008114285714285715, "adamw_lr": 0.00020285714285714286, "elapsed_time": 1251.3971810340881, "prnt": false}
{"event": "training_step", "timestamp": 1782401502.752928, "step": 804, "max_steps": 875, "loss": 4.594859600067139, "lr": 0.008, "adamw_lr": 0.0002, "elapsed_time": 1252.720044851303, "prnt": false}
{"event": "training_step", "timestamp": 1782401504.071017, "step": 805, "max_steps": 875, "loss": 4.551012992858887, "lr": 0.007885714285714284, "adamw_lr": 0.00019714285714285713, "elapsed_time": 1254.0381338596344, "prnt": false}
{"event": "training_step", "timestamp": 1782401505.451377, "step": 806, "max_steps": 875, "loss": 4.65542459487915, "lr": 0.0077714285714285715, "adamw_lr": 0.00019428571428571428, "elapsed_time": 1255.418494939804, "prnt": false}
{"event": "training_step", "timestamp": 1782401506.830229, "step": 807, "max_steps": 875, "loss": 4.571290493011475, "lr": 0.007657142857142858, "adamw_lr": 0.00019142857142857145, "elapsed_time": 1256.7973458766937, "prnt": false}
{"event": "training_step", "timestamp": 1782401508.206945, "step": 808, "max_steps": 875, "loss": 4.565429210662842, "lr": 0.007542857142857143, "adamw_lr": 0.00018857142857142857, "elapsed_time": 1258.1740629673004, "prnt": false}
{"event": "training_step", "timestamp": 1782401509.528862, "step": 809, "max_steps": 875, "loss": 4.5259528160095215, "lr": 0.007428571428571429, "adamw_lr": 0.00018571428571428572, "elapsed_time": 1259.4959788322449, "prnt": false}
{"event": "training_step", "timestamp": 1782401510.9237802, "step": 810, "max_steps": 875, "loss": 4.527528285980225, "lr": 0.007314285714285716, "adamw_lr": 0.0001828571428571429, "elapsed_time": 1260.890897989273, "prnt": false}
{"event": "training_step", "timestamp": 1782401512.302868, "step": 811, "max_steps": 875, "loss": 4.505409240722656, "lr": 0.0072, "adamw_lr": 0.00017999999999999998, "elapsed_time": 1262.2699847221375, "prnt": false}
{"event": "training_step", "timestamp": 1782401513.639559, "step": 812, "max_steps": 875, "loss": 4.520301818847656, "lr": 0.007085714285714286, "adamw_lr": 0.00017714285714285716, "elapsed_time": 1263.6066761016846, "prnt": false}
{"event": "training_step", "timestamp": 1782401515.000372, "step": 813, "max_steps": 875, "loss": 4.577999114990234, "lr": 0.006971428571428571, "adamw_lr": 0.00017428571428571428, "elapsed_time": 1264.9674899578094, "prnt": false}
{"event": "training_step", "timestamp": 1782401516.371996, "step": 814, "max_steps": 875, "loss": 4.52258825302124, "lr": 0.006857142857142858, "adamw_lr": 0.00017142857142857143, "elapsed_time": 1266.339112997055, "prnt": false}
{"event": "training_step", "timestamp": 1782401517.722906, "step": 815, "max_steps": 875, "loss": 4.5298662185668945, "lr": 0.006742857142857144, "adamw_lr": 0.0001685714285714286, "elapsed_time": 1267.690022945404, "prnt": false}
{"event": "training_step", "timestamp": 1782401519.0752552, "step": 816, "max_steps": 875, "loss": 4.5337138175964355, "lr": 0.006628571428571428, "adamw_lr": 0.00016571428571428572, "elapsed_time": 1269.0423729419708, "prnt": false}
{"event": "training_step", "timestamp": 1782401520.433096, "step": 817, "max_steps": 875, "loss": 4.568246841430664, "lr": 0.006514285714285715, "adamw_lr": 0.00016285714285714287, "elapsed_time": 1270.4002137184143, "prnt": false}
{"event": "training_step", "timestamp": 1782401521.792253, "step": 818, "max_steps": 875, "loss": 4.495628833770752, "lr": 0.0063999999999999994, "adamw_lr": 0.00015999999999999999, "elapsed_time": 1271.7593700885773, "prnt": false}
{"event": "training_step", "timestamp": 1782401523.06991, "step": 819, "max_steps": 875, "loss": 4.505038738250732, "lr": 0.006285714285714286, "adamw_lr": 0.00015714285714285713, "elapsed_time": 1273.0370268821716, "prnt": false}
{"event": "training_step", "timestamp": 1782401524.392103, "step": 820, "max_steps": 875, "loss": 4.507986545562744, "lr": 0.0061714285714285725, "adamw_lr": 0.0001542857142857143, "elapsed_time": 1274.359220981598, "prnt": false}
{"event": "validation_step", "timestamp": 1782401529.369379, "step": 820, "max_steps": 875, "loss": 0.9745554131436844, "ema": true, "elapsed_time": 1274.359220981598}
{"event": "training_step", "timestamp": 1782401530.5362592, "step": 821, "max_steps": 875, "loss": 4.522585391998291, "lr": 0.006057142857142856, "adamw_lr": 0.00015142857142857143, "elapsed_time": 1280.50337600708, "prnt": false}
{"event": "training_step", "timestamp": 1782401531.8953862, "step": 822, "max_steps": 875, "loss": 4.543959140777588, "lr": 0.005942857142857143, "adamw_lr": 0.00014857142857142857, "elapsed_time": 1281.8625040054321, "prnt": false}
{"event": "training_step", "timestamp": 1782401533.2071319, "step": 823, "max_steps": 875, "loss": 4.507282257080078, "lr": 0.0058285714285714295, "adamw_lr": 0.00014571428571428575, "elapsed_time": 1283.174250125885, "prnt": false}
{"event": "training_step", "timestamp": 1782401534.513099, "step": 824, "max_steps": 875, "loss": 4.533868312835693, "lr": 0.005714285714285714, "adamw_lr": 0.00014285714285714284, "elapsed_time": 1284.4802169799805, "prnt": false}
{"event": "training_step", "timestamp": 1782401535.792762, "step": 825, "max_steps": 875, "loss": 4.5163679122924805, "lr": 0.005600000000000001, "adamw_lr": 0.00014000000000000001, "elapsed_time": 1285.759878873825, "prnt": false}
{"event": "training_step", "timestamp": 1782401537.090945, "step": 826, "max_steps": 875, "loss": 4.445739269256592, "lr": 0.005485714285714285, "adamw_lr": 0.00013714285714285713, "elapsed_time": 1287.05806183815, "prnt": false}
{"event": "training_step", "timestamp": 1782401538.4400089, "step": 827, "max_steps": 875, "loss": 4.514337539672852, "lr": 0.005371428571428571, "adamw_lr": 0.00013428571428571428, "elapsed_time": 1288.407125711441, "prnt": false}
{"event": "training_step", "timestamp": 1782401539.797822, "step": 828, "max_steps": 875, "loss": 4.479602813720703, "lr": 0.005257142857142858, "adamw_lr": 0.00013142857142857146, "elapsed_time": 1289.7649388313293, "prnt": false}
{"event": "training_step", "timestamp": 1782401541.166303, "step": 829, "max_steps": 875, "loss": 4.465457916259766, "lr": 0.005142857142857143, "adamw_lr": 0.00012857142857142855, "elapsed_time": 1291.133419752121, "prnt": false}
{"event": "training_step", "timestamp": 1782401542.479336, "step": 830, "max_steps": 875, "loss": 4.492123603820801, "lr": 0.005028571428571429, "adamw_lr": 0.00012571428571428572, "elapsed_time": 1292.4464530944824, "prnt": false}
{"event": "training_step", "timestamp": 1782401543.807338, "step": 831, "max_steps": 875, "loss": 4.563350677490234, "lr": 0.004914285714285713, "adamw_lr": 0.00012285714285714284, "elapsed_time": 1293.7744557857513, "prnt": false}
{"event": "training_step", "timestamp": 1782401545.09467, "step": 832, "max_steps": 875, "loss": 4.520689964294434, "lr": 0.0048, "adamw_lr": 0.00012, "elapsed_time": 1295.06178689003, "prnt": false}
{"event": "training_step", "timestamp": 1782401546.406699, "step": 833, "max_steps": 875, "loss": 4.46555233001709, "lr": 0.004685714285714286, "adamw_lr": 0.00011714285714285716, "elapsed_time": 1296.3738157749176, "prnt": false}
{"event": "training_step", "timestamp": 1782401547.7427242, "step": 834, "max_steps": 875, "loss": 4.470256328582764, "lr": 0.004571428571428571, "adamw_lr": 0.00011428571428571427, "elapsed_time": 1297.7098398208618, "prnt": false}
{"event": "training_step", "timestamp": 1782401549.121609, "step": 835, "max_steps": 875, "loss": 4.488282203674316, "lr": 0.0044571428571428574, "adamw_lr": 0.00011142857142857143, "elapsed_time": 1299.088726758957, "prnt": false}
{"event": "training_step", "timestamp": 1782401550.4820118, "step": 836, "max_steps": 875, "loss": 4.412820816040039, "lr": 0.004342857142857144, "adamw_lr": 0.0001085714285714286, "elapsed_time": 1300.4491300582886, "prnt": false}
{"event": "training_step", "timestamp": 1782401551.8098948, "step": 837, "max_steps": 875, "loss": 4.4347686767578125, "lr": 0.004228571428571428, "adamw_lr": 0.00010571428571428571, "elapsed_time": 1301.7770130634308, "prnt": false}
{"event": "training_step", "timestamp": 1782401553.1306272, "step": 838, "max_steps": 875, "loss": 4.455404281616211, "lr": 0.004114285714285714, "adamw_lr": 0.00010285714285714287, "elapsed_time": 1303.097743988037, "prnt": false}
{"event": "training_step", "timestamp": 1782401554.507823, "step": 839, "max_steps": 875, "loss": 4.434021949768066, "lr": 0.003999999999999999, "adamw_lr": 9.999999999999998e-05, "elapsed_time": 1304.4749410152435, "prnt": false}
{"event": "training_step", "timestamp": 1782401555.802492, "step": 840, "max_steps": 875, "loss": 4.412863731384277, "lr": 0.0038857142857142857, "adamw_lr": 9.714285714285714e-05, "elapsed_time": 1305.769609928131, "prnt": false}
{"event": "training_step", "timestamp": 1782401557.145974, "step": 841, "max_steps": 875, "loss": 4.460688591003418, "lr": 0.0037714285714285723, "adamw_lr": 9.428571428571431e-05, "elapsed_time": 1307.1130909919739, "prnt": false}
{"event": "training_step", "timestamp": 1782401558.533119, "step": 842, "max_steps": 875, "loss": 4.47393798828125, "lr": 0.0036571428571428566, "adamw_lr": 9.142857142857142e-05, "elapsed_time": 1308.500236749649, "prnt": false}
{"event": "training_step", "timestamp": 1782401559.893363, "step": 843, "max_steps": 875, "loss": 4.435476779937744, "lr": 0.003542857142857143, "adamw_lr": 8.857142857142858e-05, "elapsed_time": 1309.8604800701141, "prnt": false}
{"event": "training_step", "timestamp": 1782401561.238925, "step": 844, "max_steps": 875, "loss": 4.422166347503662, "lr": 0.0034285714285714275, "adamw_lr": 8.571428571428569e-05, "elapsed_time": 1311.2060430049896, "prnt": false}
{"event": "training_step", "timestamp": 1782401562.540406, "step": 845, "max_steps": 875, "loss": 4.461294174194336, "lr": 0.003314285714285714, "adamw_lr": 8.285714285714286e-05, "elapsed_time": 1312.5075228214264, "prnt": false}
{"event": "training_step", "timestamp": 1782401563.8717499, "step": 846, "max_steps": 875, "loss": 4.432548522949219, "lr": 0.0032000000000000006, "adamw_lr": 8.000000000000002e-05, "elapsed_time": 1313.8388669490814, "prnt": false}
{"event": "training_step", "timestamp": 1782401565.222307, "step": 847, "max_steps": 875, "loss": 4.434623718261719, "lr": 0.003085714285714285, "adamw_lr": 7.714285714285713e-05, "elapsed_time": 1315.1894249916077, "prnt": false}
{"event": "training_step", "timestamp": 1782401566.529133, "step": 848, "max_steps": 875, "loss": 4.415711402893066, "lr": 0.0029714285714285715, "adamw_lr": 7.428571428571429e-05, "elapsed_time": 1316.4962508678436, "prnt": false}
{"event": "training_step", "timestamp": 1782401567.8681312, "step": 849, "max_steps": 875, "loss": 4.469371318817139, "lr": 0.002857142857142858, "adamw_lr": 7.142857142857145e-05, "elapsed_time": 1317.8352489471436, "prnt": false}
{"event": "training_step", "timestamp": 1782401569.1835258, "step": 850, "max_steps": 875, "loss": 4.419371604919434, "lr": 0.0027428571428571424, "adamw_lr": 6.857142857142857e-05, "elapsed_time": 1319.1506431102753, "prnt": false}
{"event": "training_step", "timestamp": 1782401570.542214, "step": 851, "max_steps": 875, "loss": 4.456793308258057, "lr": 0.002628571428571429, "adamw_lr": 6.571428571428573e-05, "elapsed_time": 1320.5093319416046, "prnt": false}
{"event": "training_step", "timestamp": 1782401571.8963132, "step": 852, "max_steps": 875, "loss": 4.45528507232666, "lr": 0.0025142857142857133, "adamw_lr": 6.285714285714283e-05, "elapsed_time": 1321.8634300231934, "prnt": false}
{"event": "training_step", "timestamp": 1782401573.224606, "step": 853, "max_steps": 875, "loss": 4.478126525878906, "lr": 0.0024, "adamw_lr": 6e-05, "elapsed_time": 1323.1917238235474, "prnt": false}
{"event": "training_step", "timestamp": 1782401574.509789, "step": 854, "max_steps": 875, "loss": 4.389616012573242, "lr": 0.0022857142857142863, "adamw_lr": 5.714285714285716e-05, "elapsed_time": 1324.4769060611725, "prnt": false}
{"event": "training_step", "timestamp": 1782401575.804363, "step": 855, "max_steps": 875, "loss": 4.471948623657227, "lr": 0.0021714285714285707, "adamw_lr": 5.428571428571427e-05, "elapsed_time": 1325.7714807987213, "prnt": false}
{"event": "training_step", "timestamp": 1782401577.0911949, "step": 856, "max_steps": 875, "loss": 4.381763935089111, "lr": 0.002057142857142857, "adamw_lr": 5.1428571428571436e-05, "elapsed_time": 1327.0583119392395, "prnt": false}
{"event": "training_step", "timestamp": 1782401578.4270542, "step": 857, "max_steps": 875, "loss": 4.463433265686035, "lr": 0.001942857142857144, "adamw_lr": 4.85714285714286e-05, "elapsed_time": 1328.3941719532013, "prnt": false}
{"event": "training_step", "timestamp": 1782401579.8007271, "step": 858, "max_steps": 875, "loss": 4.420149803161621, "lr": 0.0018285714285714283, "adamw_lr": 4.571428571428571e-05, "elapsed_time": 1329.76784491539, "prnt": false}
{"event": "training_step", "timestamp": 1782401581.1835148, "step": 859, "max_steps": 875, "loss": 4.4133734703063965, "lr": 0.0017142857142857148, "adamw_lr": 4.285714285714287e-05, "elapsed_time": 1331.150631904602, "prnt": false}
{"event": "training_step", "timestamp": 1782401582.538761, "step": 860, "max_steps": 875, "loss": 4.368049621582031, "lr": 0.0015999999999999992, "adamw_lr": 3.999999999999998e-05, "elapsed_time": 1332.5058789253235, "prnt": false}
{"event": "training_step", "timestamp": 1782401583.852489, "step": 861, "max_steps": 875, "loss": 4.374421119689941, "lr": 0.0014857142857142857, "adamw_lr": 3.7142857142857143e-05, "elapsed_time": 1333.8196058273315, "prnt": false}
{"event": "validation_step", "timestamp": 1782401588.8116748, "step": 861, "max_steps": 875, "loss": 0.9747156264987478, "ema": true, "elapsed_time": 1333.8196058273315}
{"event": "training_step", "timestamp": 1782401589.984413, "step": 862, "max_steps": 875, "loss": 4.428315162658691, "lr": 0.0013714285714285723, "adamw_lr": 3.428571428571431e-05, "elapsed_time": 1339.9515299797058, "prnt": false}
{"event": "training_step", "timestamp": 1782401591.382091, "step": 863, "max_steps": 875, "loss": 4.34686279296875, "lr": 0.0012571428571428566, "adamw_lr": 3.142857142857142e-05, "elapsed_time": 1341.3492078781128, "prnt": false}
{"event": "training_step", "timestamp": 1782401592.717931, "step": 864, "max_steps": 875, "loss": 4.39969539642334, "lr": 0.0011428571428571432, "adamw_lr": 2.857142857142858e-05, "elapsed_time": 1342.6850488185883, "prnt": false}
{"event": "training_step", "timestamp": 1782401593.9959822, "step": 865, "max_steps": 875, "loss": 4.3646721839904785, "lr": 0.0010285714285714275, "adamw_lr": 2.571428571428569e-05, "elapsed_time": 1343.9630990028381, "prnt": false}
{"event": "training_step", "timestamp": 1782401595.3105888, "step": 866, "max_steps": 875, "loss": 4.392124652862549, "lr": 0.0009142857142857142, "adamw_lr": 2.2857142857142855e-05, "elapsed_time": 1345.2777061462402, "prnt": false}
{"event": "training_step", "timestamp": 1782401596.597325, "step": 867, "max_steps": 875, "loss": 4.435155391693115, "lr": 0.0008000000000000007, "adamw_lr": 2.000000000000002e-05, "elapsed_time": 1346.5644419193268, "prnt": false}
{"event": "training_step", "timestamp": 1782401597.974745, "step": 868, "max_steps": 875, "loss": 4.423215866088867, "lr": 0.000685714285714285, "adamw_lr": 1.7142857142857128e-05, "elapsed_time": 1347.9418618679047, "prnt": false}
{"event": "training_step", "timestamp": 1782401599.322625, "step": 869, "max_steps": 875, "loss": 4.372010231018066, "lr": 0.0005714285714285716, "adamw_lr": 1.428571428571429e-05, "elapsed_time": 1349.2897429466248, "prnt": false}
{"event": "training_step", "timestamp": 1782401600.675924, "step": 870, "max_steps": 875, "loss": 4.3992204666137695, "lr": 0.0004571428571428582, "adamw_lr": 1.1428571428571454e-05, "elapsed_time": 1350.643040895462, "prnt": false}
{"event": "training_step", "timestamp": 1782401602.016474, "step": 871, "max_steps": 875, "loss": 4.3168134689331055, "lr": 0.0003428571428571425, "adamw_lr": 8.571428571428564e-06, "elapsed_time": 1351.983591079712, "prnt": false}
{"event": "training_step", "timestamp": 1782401603.3045409, "step": 872, "max_steps": 875, "loss": 4.38293981552124, "lr": 0.0002285714285714291, "adamw_lr": 5.714285714285727e-06, "elapsed_time": 1353.2716588974, "prnt": false}
{"event": "training_step", "timestamp": 1782401604.608114, "step": 873, "max_steps": 875, "loss": 4.39239501953125, "lr": 0.00011428571428571344, "adamw_lr": 2.857142857142836e-06, "elapsed_time": 1354.5752310752869, "prnt": false}
{"event": "training_step", "timestamp": 1782401605.896093, "step": 874, "max_steps": 875, "loss": 4.354260444641113, "lr": 0.0, "adamw_lr": 0.0, "elapsed_time": 1355.8632099628448, "prnt": false}
{"event": "training_step", "timestamp": 1782401607.199819, "step": 875, "max_steps": 875, "loss": 4.330465316772461, "lr": 0.0, "adamw_lr": 0.0, "elapsed_time": 1357.1669347286224, "prnt": false}
{"event": "validation_step", "timestamp": 1782401612.229307, "step": 875, "max_steps": 875, "loss": 0.9748349851013376, "ema": true, "elapsed_time": 1357.1669347286224}
