{"event": "hyperparameters_configured", "timestamp": 1782394315.849879, "block_size": 128, "batch_size": 64, "vocab_size": 16000, "n_layer": 12, "n_head": 12, "d_model": 384, "dropout": 0.1, "qk_norm": true, "weight_decay": 0.1, "beta1": 0.9, "beta2": 0.95, "evals_per_epoch": 3, "gradient_accumulation_steps": 1, "epochs": 7, "seed": 1337, "num_titles": 100000, "val_frac": 0.1, "log_file": "./logs/mainrun.log", "run_tag": "v3_muon_wsd_ema", "muon_lr": 0.02, "adamw_lr": 0.0005, "muon_momentum": 0.95, "wsd_warmup_pct": 0.05, "wsd_decay_pct": 0.2, "rope_theta": 500.0, "label_smoothing": 0.0, "use_ema": true, "ema_target_decay": 0.999}
{"event": "device_info", "timestamp": 1782394315.857582, "device": "mps"}
{"event": "dataset_info", "timestamp": 1782394324.0242538, "titles_count": 90000, "epochs": 7, "batches_per_epoch": 134, "opt_steps_per_epoch": 134, "tokens_per_epoch": 1102455, "vocab_size": 16000}
{"event": "model_info", "timestamp": 1782394324.4072971, "parameters_count": 27388032}
{"event": "optimizer_info", "timestamp": 1782394324.763199, "muon_params": 60, "adamw_params": 50, "muon_lr": 0.02, "adamw_lr": 0.0005}
{"event": "training_step", "timestamp": 1782394326.045225, "step": 1, "max_steps": 938, "loss": 9.752037048339844, "lr": 0.0008695652173913044, "adamw_lr": 2.173913043478261e-05, "elapsed_time": 1.2814059257507324, "prnt": false}
{"event": "validation_step", "timestamp": 1782394329.7459588, "step": 1, "max_steps": 938, "loss": 2.0963195301162805, "ema": true, "elapsed_time": 1.2814059257507324}
{"event": "training_step", "timestamp": 1782394330.481278, "step": 2, "max_steps": 938, "loss": 9.747103691101074, "lr": 0.0013043478260869564, "adamw_lr": 3.260869565217391e-05, "elapsed_time": 5.717465877532959, "prnt": false}
{"event": "training_step", "timestamp": 1782394331.2899468, "step": 3, "max_steps": 938, "loss": 9.735044479370117, "lr": 0.0017391304347826088, "adamw_lr": 4.347826086956522e-05, "elapsed_time": 6.526136159896851, "prnt": false}
{"event": "training_step", "timestamp": 1782394332.1218932, "step": 4, "max_steps": 938, "loss": 9.69422721862793, "lr": 0.002173913043478261, "adamw_lr": 5.4347826086956524e-05, "elapsed_time": 7.358081102371216, "prnt": false}
{"event": "training_step", "timestamp": 1782394333.030529, "step": 5, "max_steps": 938, "loss": 9.642692565917969, "lr": 0.002608695652173913, "adamw_lr": 6.521739130434782e-05, "elapsed_time": 8.266716957092285, "prnt": false}
{"event": "training_step", "timestamp": 1782394333.872009, "step": 6, "max_steps": 938, "loss": 9.59100341796875, "lr": 0.0030434782608695656, "adamw_lr": 7.608695652173914e-05, "elapsed_time": 9.108197927474976, "prnt": false}
{"event": "training_step", "timestamp": 1782394334.718326, "step": 7, "max_steps": 938, "loss": 9.511794090270996, "lr": 0.0034782608695652175, "adamw_lr": 8.695652173913044e-05, "elapsed_time": 9.954514026641846, "prnt": false}
{"event": "training_step", "timestamp": 1782394335.6404731, "step": 8, "max_steps": 938, "loss": 9.419219970703125, "lr": 0.00391304347826087, "adamw_lr": 9.782608695652174e-05, "elapsed_time": 10.8766610622406, "prnt": false}
{"event": "training_step", "timestamp": 1782394336.5309, "step": 9, "max_steps": 938, "loss": 9.330808639526367, "lr": 0.004347826086956522, "adamw_lr": 0.00010869565217391305, "elapsed_time": 11.76708698272705, "prnt": false}
{"event": "training_step", "timestamp": 1782394337.4235258, "step": 10, "max_steps": 938, "loss": 9.232693672180176, "lr": 0.004782608695652175, "adamw_lr": 0.00011956521739130435, "elapsed_time": 12.659714221954346, "prnt": false}
{"event": "training_step", "timestamp": 1782394338.376595, "step": 11, "max_steps": 938, "loss": 9.111773490905762, "lr": 0.005217391304347826, "adamw_lr": 0.00013043478260869564, "elapsed_time": 13.612782955169678, "prnt": false}
{"event": "training_step", "timestamp": 1782394339.2567391, "step": 12, "max_steps": 938, "loss": 9.0454740524292, "lr": 0.0056521739130434775, "adamw_lr": 0.00014130434782608694, "elapsed_time": 14.492927074432373, "prnt": false}
{"event": "training_step", "timestamp": 1782394340.16137, "step": 13, "max_steps": 938, "loss": 8.971420288085938, "lr": 0.006086956521739131, "adamw_lr": 0.00015217391304347827, "elapsed_time": 15.397557973861694, "prnt": false}
{"event": "training_step", "timestamp": 1782394341.149454, "step": 14, "max_steps": 938, "loss": 8.912360191345215, "lr": 0.006521739130434783, "adamw_lr": 0.00016304347826086958, "elapsed_time": 16.385642051696777, "prnt": false}
{"event": "training_step", "timestamp": 1782394342.0875, "step": 15, "max_steps": 938, "loss": 8.859752655029297, "lr": 0.006956521739130435, "adamw_lr": 0.00017391304347826088, "elapsed_time": 17.32368803024292, "prnt": false}
{"event": "training_step", "timestamp": 1782394343.04598, "step": 16, "max_steps": 938, "loss": 8.792631149291992, "lr": 0.007391304347826087, "adamw_lr": 0.00018478260869565216, "elapsed_time": 18.28216814994812, "prnt": false}
{"event": "training_step", "timestamp": 1782394344.028822, "step": 17, "max_steps": 938, "loss": 8.758460998535156, "lr": 0.00782608695652174, "adamw_lr": 0.0001956521739130435, "elapsed_time": 19.265009880065918, "prnt": false}
{"event": "training_step", "timestamp": 1782394345.016886, "step": 18, "max_steps": 938, "loss": 8.698866844177246, "lr": 0.00826086956521739, "adamw_lr": 0.0002065217391304348, "elapsed_time": 20.25307297706604, "prnt": false}
{"event": "training_step", "timestamp": 1782394346.0124302, "step": 19, "max_steps": 938, "loss": 8.624516487121582, "lr": 0.008695652173913044, "adamw_lr": 0.0002173913043478261, "elapsed_time": 21.248616933822632, "prnt": false}
{"event": "training_step", "timestamp": 1782394346.988953, "step": 20, "max_steps": 938, "loss": 8.608986854553223, "lr": 0.009130434782608695, "adamw_lr": 0.00022826086956521737, "elapsed_time": 22.225141048431396, "prnt": false}
{"event": "training_step", "timestamp": 1782394347.944551, "step": 21, "max_steps": 938, "loss": 8.520709991455078, "lr": 0.00956521739130435, "adamw_lr": 0.0002391304347826087, "elapsed_time": 23.180739164352417, "prnt": false}
{"event": "training_step", "timestamp": 1782394348.851798, "step": 22, "max_steps": 938, "loss": 8.45214557647705, "lr": 0.01, "adamw_lr": 0.00025, "elapsed_time": 24.08798599243164, "prnt": false}
{"event": "training_step", "timestamp": 1782394349.796473, "step": 23, "max_steps": 938, "loss": 8.385950088500977, "lr": 0.010434782608695651, "adamw_lr": 0.0002608695652173913, "elapsed_time": 25.032660961151123, "prnt": false}
{"event": "training_step", "timestamp": 1782394350.660835, "step": 24, "max_steps": 938, "loss": 8.338423728942871, "lr": 0.010869565217391304, "adamw_lr": 0.0002717391304347826, "elapsed_time": 25.897022008895874, "prnt": false}
{"event": "training_step", "timestamp": 1782394351.599767, "step": 25, "max_steps": 938, "loss": 8.246631622314453, "lr": 0.011304347826086955, "adamw_lr": 0.0002826086956521739, "elapsed_time": 26.835954904556274, "prnt": false}
{"event": "training_step", "timestamp": 1782394352.515449, "step": 26, "max_steps": 938, "loss": 8.201790809631348, "lr": 0.01173913043478261, "adamw_lr": 0.0002934782608695653, "elapsed_time": 27.75163698196411, "prnt": false}
{"event": "training_step", "timestamp": 1782394353.357208, "step": 27, "max_steps": 938, "loss": 8.132741928100586, "lr": 0.012173913043478262, "adamw_lr": 0.00030434782608695655, "elapsed_time": 28.593395948410034, "prnt": false}
{"event": "training_step", "timestamp": 1782394354.306069, "step": 28, "max_steps": 938, "loss": 8.054868698120117, "lr": 0.012608695652173913, "adamw_lr": 0.0003152173913043478, "elapsed_time": 29.542257070541382, "prnt": false}
{"event": "training_step", "timestamp": 1782394355.13988, "step": 29, "max_steps": 938, "loss": 7.965790271759033, "lr": 0.013043478260869566, "adamw_lr": 0.00032608695652173916, "elapsed_time": 30.376068830490112, "prnt": false}
{"event": "training_step", "timestamp": 1782394356.037032, "step": 30, "max_steps": 938, "loss": 7.958968162536621, "lr": 0.013478260869565217, "adamw_lr": 0.00033695652173913043, "elapsed_time": 31.273219108581543, "prnt": false}
{"event": "training_step", "timestamp": 1782394357.015012, "step": 31, "max_steps": 938, "loss": 7.892345428466797, "lr": 0.01391304347826087, "adamw_lr": 0.00034782608695652176, "elapsed_time": 32.25119996070862, "prnt": false}
{"event": "training_step", "timestamp": 1782394357.9093912, "step": 32, "max_steps": 938, "loss": 7.828935146331787, "lr": 0.014347826086956521, "adamw_lr": 0.00035869565217391304, "elapsed_time": 33.14557909965515, "prnt": false}
{"event": "training_step", "timestamp": 1782394358.771477, "step": 33, "max_steps": 938, "loss": 7.791656494140625, "lr": 0.014782608695652174, "adamw_lr": 0.0003695652173913043, "elapsed_time": 34.00766396522522, "prnt": false}
{"event": "training_step", "timestamp": 1782394359.741048, "step": 34, "max_steps": 938, "loss": 7.685478687286377, "lr": 0.015217391304347827, "adamw_lr": 0.0003804347826086957, "elapsed_time": 34.977235078811646, "prnt": false}
{"event": "training_step", "timestamp": 1782394360.651813, "step": 35, "max_steps": 938, "loss": 7.650745868682861, "lr": 0.01565217391304348, "adamw_lr": 0.000391304347826087, "elapsed_time": 35.88800096511841, "prnt": false}
{"event": "training_step", "timestamp": 1782394361.611375, "step": 36, "max_steps": 938, "loss": 7.628300666809082, "lr": 0.01608695652173913, "adamw_lr": 0.00040217391304347825, "elapsed_time": 36.84756302833557, "prnt": false}
{"event": "training_step", "timestamp": 1782394362.545998, "step": 37, "max_steps": 938, "loss": 7.556755065917969, "lr": 0.01652173913043478, "adamw_lr": 0.0004130434782608696, "elapsed_time": 37.78218603134155, "prnt": false}
{"event": "training_step", "timestamp": 1782394363.568287, "step": 38, "max_steps": 938, "loss": 7.546846389770508, "lr": 0.016956521739130436, "adamw_lr": 0.00042391304347826086, "elapsed_time": 38.80447483062744, "prnt": false}
{"event": "training_step", "timestamp": 1782394364.564638, "step": 39, "max_steps": 938, "loss": 7.519299507141113, "lr": 0.017391304347826087, "adamw_lr": 0.0004347826086956522, "elapsed_time": 39.80082583427429, "prnt": false}
{"event": "training_step", "timestamp": 1782394365.618506, "step": 40, "max_steps": 938, "loss": 7.421043395996094, "lr": 0.017826086956521738, "adamw_lr": 0.00044565217391304347, "elapsed_time": 40.85469388961792, "prnt": false}
{"event": "training_step", "timestamp": 1782394366.565664, "step": 41, "max_steps": 938, "loss": 7.511321067810059, "lr": 0.01826086956521739, "adamw_lr": 0.00045652173913043474, "elapsed_time": 41.801851987838745, "prnt": false}
{"event": "training_step", "timestamp": 1782394367.5637498, "step": 42, "max_steps": 938, "loss": 7.355627536773682, "lr": 0.018695652173913044, "adamw_lr": 0.00046739130434782613, "elapsed_time": 42.7999370098114, "prnt": false}
{"event": "training_step", "timestamp": 1782394368.5673091, "step": 43, "max_steps": 938, "loss": 7.328144073486328, "lr": 0.0191304347826087, "adamw_lr": 0.0004782608695652174, "elapsed_time": 43.80349397659302, "prnt": false}
{"event": "training_step", "timestamp": 1782394369.566066, "step": 44, "max_steps": 938, "loss": 7.254310607910156, "lr": 0.01956521739130435, "adamw_lr": 0.0004891304347826087, "elapsed_time": 44.80224108695984, "prnt": false}
{"event": "validation_step", "timestamp": 1782394373.4067001, "step": 44, "max_steps": 938, "loss": 1.5907391321695608, "ema": true, "elapsed_time": 44.80224108695984}
{"event": "training_step", "timestamp": 1782394374.1568482, "step": 45, "max_steps": 938, "loss": 7.313334941864014, "lr": 0.02, "adamw_lr": 0.0005, "elapsed_time": 49.393036127090454, "prnt": false}
{"event": "training_step", "timestamp": 1782394375.1566029, "step": 46, "max_steps": 938, "loss": 7.2095136642456055, "lr": 0.02, "adamw_lr": 0.0005, "elapsed_time": 50.39279222488403, "prnt": false}
{"event": "training_step", "timestamp": 1782394376.012392, "step": 47, "max_steps": 938, "loss": 7.298393249511719, "lr": 0.02, "adamw_lr": 0.0005, "elapsed_time": 51.24858093261719, "prnt": false}
{"event": "training_step", "timestamp": 1782394376.89017, "step": 48, "max_steps": 938, "loss": 7.280359268188477, "lr": 0.02, "adamw_lr": 0.0005, "elapsed_time": 52.12635803222656, "prnt": false}
{"event": "training_step", "timestamp": 1782394377.749588, "step": 49, "max_steps": 938, "loss": 7.175571441650391, "lr": 0.02, "adamw_lr": 0.0005, "elapsed_time": 52.985774993896484, "prnt": false}
{"event": "training_step", "timestamp": 1782394378.611359, "step": 50, "max_steps": 938, "loss": 7.251871585845947, "lr": 0.02, "adamw_lr": 0.0005, "elapsed_time": 53.84754705429077, "prnt": false}
{"event": "training_step", "timestamp": 1782394379.473145, "step": 51, "max_steps": 938, "loss": 7.258472919464111, "lr": 0.02, "adamw_lr": 0.0005, "elapsed_time": 54.70933413505554, "prnt": false}
{"event": "training_step", "timestamp": 1782394380.3147829, "step": 52, "max_steps": 938, "loss": 7.177417755126953, "lr": 0.02, "adamw_lr": 0.0005, "elapsed_time": 55.550971031188965, "prnt": false}
{"event": "training_step", "timestamp": 1782394381.153446, "step": 53, "max_steps": 938, "loss": 7.156549453735352, "lr": 0.02, "adamw_lr": 0.0005, "elapsed_time": 56.38963508605957, "prnt": false}
{"event": "training_step", "timestamp": 1782394381.998789, "step": 54, "max_steps": 938, "loss": 7.139573097229004, "lr": 0.02, "adamw_lr": 0.0005, "elapsed_time": 57.23497819900513, "prnt": false}
{"event": "training_step", "timestamp": 1782394382.845388, "step": 55, "max_steps": 938, "loss": 7.139073371887207, "lr": 0.02, "adamw_lr": 0.0005, "elapsed_time": 58.081576108932495, "prnt": false}
{"event": "training_step", "timestamp": 1782394383.678001, "step": 56, "max_steps": 938, "loss": 7.109914779663086, "lr": 0.02, "adamw_lr": 0.0005, "elapsed_time": 58.91419005393982, "prnt": false}
{"event": "training_step", "timestamp": 1782394384.554592, "step": 57, "max_steps": 938, "loss": 7.111784934997559, "lr": 0.02, "adamw_lr": 0.0005, "elapsed_time": 59.79078006744385, "prnt": false}
{"event": "training_step", "timestamp": 1782394385.4667032, "step": 58, "max_steps": 938, "loss": 7.049279689788818, "lr": 0.02, "adamw_lr": 0.0005, "elapsed_time": 60.7028911113739, "prnt": false}
{"event": "training_step", "timestamp": 1782394386.357244, "step": 59, "max_steps": 938, "loss": 7.08067512512207, "lr": 0.02, "adamw_lr": 0.0005, "elapsed_time": 61.59343218803406, "prnt": false}
{"event": "training_step", "timestamp": 1782394387.2492, "step": 60, "max_steps": 938, "loss": 7.095439910888672, "lr": 0.02, "adamw_lr": 0.0005, "elapsed_time": 62.4853892326355, "prnt": false}
{"event": "training_step", "timestamp": 1782394388.103733, "step": 61, "max_steps": 938, "loss": 7.111659526824951, "lr": 0.02, "adamw_lr": 0.0005, "elapsed_time": 63.339921951293945, "prnt": false}
{"event": "training_step", "timestamp": 1782394388.940782, "step": 62, "max_steps": 938, "loss": 7.137413501739502, "lr": 0.02, "adamw_lr": 0.0005, "elapsed_time": 64.1769700050354, "prnt": false}
{"event": "training_step", "timestamp": 1782394389.7649438, "step": 63, "max_steps": 938, "loss": 7.104982376098633, "lr": 0.02, "adamw_lr": 0.0005, "elapsed_time": 65.00113201141357, "prnt": false}
{"event": "training_step", "timestamp": 1782394390.59746, "step": 64, "max_steps": 938, "loss": 6.986142158508301, "lr": 0.02, "adamw_lr": 0.0005, "elapsed_time": 65.8336489200592, "prnt": false}
{"event": "training_step", "timestamp": 1782394391.4414961, "step": 65, "max_steps": 938, "loss": 7.043716907501221, "lr": 0.02, "adamw_lr": 0.0005, "elapsed_time": 66.67768406867981, "prnt": false}
{"event": "training_step", "timestamp": 1782394392.269716, "step": 66, "max_steps": 938, "loss": 6.935214996337891, "lr": 0.02, "adamw_lr": 0.0005, "elapsed_time": 67.50590395927429, "prnt": false}
{"event": "training_step", "timestamp": 1782394393.10875, "step": 67, "max_steps": 938, "loss": 6.95878791809082, "lr": 0.02, "adamw_lr": 0.0005, "elapsed_time": 68.34493899345398, "prnt": false}
{"event": "training_step", "timestamp": 1782394393.9547782, "step": 68, "max_steps": 938, "loss": 6.92830753326416, "lr": 0.02, "adamw_lr": 0.0005, "elapsed_time": 69.19096612930298, "prnt": false}
{"event": "training_step", "timestamp": 1782394394.808398, "step": 69, "max_steps": 938, "loss": 6.968529224395752, "lr": 0.02, "adamw_lr": 0.0005, "elapsed_time": 70.04458713531494, "prnt": false}
{"event": "training_step", "timestamp": 1782394395.699478, "step": 70, "max_steps": 938, "loss": 6.94154691696167, "lr": 0.02, "adamw_lr": 0.0005, "elapsed_time": 70.93566608428955, "prnt": false}
{"event": "training_step", "timestamp": 1782394396.62523, "step": 71, "max_steps": 938, "loss": 6.935673713684082, "lr": 0.02, "adamw_lr": 0.0005, "elapsed_time": 71.86141800880432, "prnt": false}
{"event": "training_step", "timestamp": 1782394397.49778, "step": 72, "max_steps": 938, "loss": 6.948563575744629, "lr": 0.02, "adamw_lr": 0.0005, "elapsed_time": 72.73396801948547, "prnt": false}
{"event": "training_step", "timestamp": 1782394398.370952, "step": 73, "max_steps": 938, "loss": 6.818832874298096, "lr": 0.02, "adamw_lr": 0.0005, "elapsed_time": 73.60713696479797, "prnt": false}
{"event": "training_step", "timestamp": 1782394399.249792, "step": 74, "max_steps": 938, "loss": 6.893887996673584, "lr": 0.02, "adamw_lr": 0.0005, "elapsed_time": 74.48598003387451, "prnt": false}
{"event": "training_step", "timestamp": 1782394400.0909271, "step": 75, "max_steps": 938, "loss": 6.940921783447266, "lr": 0.02, "adamw_lr": 0.0005, "elapsed_time": 75.32711505889893, "prnt": false}
{"event": "training_step", "timestamp": 1782394400.963671, "step": 76, "max_steps": 938, "loss": 6.862923622131348, "lr": 0.02, "adamw_lr": 0.0005, "elapsed_time": 76.19986009597778, "prnt": false}
{"event": "training_step", "timestamp": 1782394401.804064, "step": 77, "max_steps": 938, "loss": 6.860887050628662, "lr": 0.02, "adamw_lr": 0.0005, "elapsed_time": 77.04025292396545, "prnt": false}
{"event": "training_step", "timestamp": 1782394402.758809, "step": 78, "max_steps": 938, "loss": 6.841015815734863, "lr": 0.02, "adamw_lr": 0.0005, "elapsed_time": 77.99499702453613, "prnt": false}
{"event": "training_step", "timestamp": 1782394403.606185, "step": 79, "max_steps": 938, "loss": 6.872710227966309, "lr": 0.02, "adamw_lr": 0.0005, "elapsed_time": 78.84237289428711, "prnt": false}
{"event": "training_step", "timestamp": 1782394404.43706, "step": 80, "max_steps": 938, "loss": 6.816830635070801, "lr": 0.02, "adamw_lr": 0.0005, "elapsed_time": 79.67324805259705, "prnt": false}
{"event": "training_step", "timestamp": 1782394405.316989, "step": 81, "max_steps": 938, "loss": 6.807597637176514, "lr": 0.02, "adamw_lr": 0.0005, "elapsed_time": 80.55317783355713, "prnt": false}
{"event": "training_step", "timestamp": 1782394406.240465, "step": 82, "max_steps": 938, "loss": 6.771945953369141, "lr": 0.02, "adamw_lr": 0.0005, "elapsed_time": 81.47665309906006, "prnt": false}
{"event": "training_step", "timestamp": 1782394407.091305, "step": 83, "max_steps": 938, "loss": 6.8382158279418945, "lr": 0.02, "adamw_lr": 0.0005, "elapsed_time": 82.3274929523468, "prnt": false}
{"event": "training_step", "timestamp": 1782394407.97036, "step": 84, "max_steps": 938, "loss": 6.789958477020264, "lr": 0.02, "adamw_lr": 0.0005, "elapsed_time": 83.20654797554016, "prnt": false}
{"event": "training_step", "timestamp": 1782394408.9089222, "step": 85, "max_steps": 938, "loss": 6.7763352394104, "lr": 0.02, "adamw_lr": 0.0005, "elapsed_time": 84.14511108398438, "prnt": false}
{"event": "training_step", "timestamp": 1782394409.7684228, "step": 86, "max_steps": 938, "loss": 6.796316623687744, "lr": 0.02, "adamw_lr": 0.0005, "elapsed_time": 85.00461101531982, "prnt": false}
{"event": "training_step", "timestamp": 1782394410.6132832, "step": 87, "max_steps": 938, "loss": 6.778619766235352, "lr": 0.02, "adamw_lr": 0.0005, "elapsed_time": 85.84947109222412, "prnt": false}
{"event": "training_step", "timestamp": 1782394411.603678, "step": 88, "max_steps": 938, "loss": 6.707027912139893, "lr": 0.02, "adamw_lr": 0.0005, "elapsed_time": 86.83986592292786, "prnt": false}
{"event": "validation_step", "timestamp": 1782394415.2585971, "step": 88, "max_steps": 938, "loss": 1.4589863011515545, "ema": true, "elapsed_time": 86.83986592292786}
{"event": "training_step", "timestamp": 1782394416.052518, "step": 89, "max_steps": 938, "loss": 6.688328266143799, "lr": 0.02, "adamw_lr": 0.0005, "elapsed_time": 91.28870606422424, "prnt": false}
{"event": "training_step", "timestamp": 1782394416.966264, "step": 90, "max_steps": 938, "loss": 6.8368239402771, "lr": 0.02, "adamw_lr": 0.0005, "elapsed_time": 92.20245099067688, "prnt": false}
{"event": "training_step", "timestamp": 1782394417.9184818, "step": 91, "max_steps": 938, "loss": 6.7170538902282715, "lr": 0.02, "adamw_lr": 0.0005, "elapsed_time": 93.15467095375061, "prnt": false}
{"event": "training_step", "timestamp": 1782394418.829313, "step": 92, "max_steps": 938, "loss": 6.684308052062988, "lr": 0.02, "adamw_lr": 0.0005, "elapsed_time": 94.06550097465515, "prnt": false}
{"event": "training_step", "timestamp": 1782394419.799497, "step": 93, "max_steps": 938, "loss": 6.666337013244629, "lr": 0.02, "adamw_lr": 0.0005, "elapsed_time": 95.03568482398987, "prnt": false}
{"event": "training_step", "timestamp": 1782394420.6839712, "step": 94, "max_steps": 938, "loss": 6.728353500366211, "lr": 0.02, "adamw_lr": 0.0005, "elapsed_time": 95.9201591014862, "prnt": false}
{"event": "training_step", "timestamp": 1782394421.513432, "step": 95, "max_steps": 938, "loss": 6.637060165405273, "lr": 0.02, "adamw_lr": 0.0005, "elapsed_time": 96.74962115287781, "prnt": false}
{"event": "training_step", "timestamp": 1782394422.342061, "step": 96, "max_steps": 938, "loss": 6.79129695892334, "lr": 0.02, "adamw_lr": 0.0005, "elapsed_time": 97.57824897766113, "prnt": false}
{"event": "training_step", "timestamp": 1782394423.30772, "step": 97, "max_steps": 938, "loss": 6.711773872375488, "lr": 0.02, "adamw_lr": 0.0005, "elapsed_time": 98.5439088344574, "prnt": false}
{"event": "training_step", "timestamp": 1782394424.143368, "step": 98, "max_steps": 938, "loss": 6.64272403717041, "lr": 0.02, "adamw_lr": 0.0005, "elapsed_time": 99.37955617904663, "prnt": false}
{"event": "training_step", "timestamp": 1782394425.048272, "step": 99, "max_steps": 938, "loss": 6.722156047821045, "lr": 0.02, "adamw_lr": 0.0005, "elapsed_time": 100.2844591140747, "prnt": false}
{"event": "training_step", "timestamp": 1782394426.0013921, "step": 100, "max_steps": 938, "loss": 6.684720039367676, "lr": 0.02, "adamw_lr": 0.0005, "elapsed_time": 101.23758006095886, "prnt": false}
{"event": "training_step", "timestamp": 1782394426.9207659, "step": 101, "max_steps": 938, "loss": 6.669694900512695, "lr": 0.02, "adamw_lr": 0.0005, "elapsed_time": 102.15695381164551, "prnt": false}
{"event": "training_step", "timestamp": 1782394427.7759302, "step": 102, "max_steps": 938, "loss": 6.62396240234375, "lr": 0.02, "adamw_lr": 0.0005, "elapsed_time": 103.01211810112, "prnt": false}
{"event": "training_step", "timestamp": 1782394428.763235, "step": 103, "max_steps": 938, "loss": 6.701803684234619, "lr": 0.02, "adamw_lr": 0.0005, "elapsed_time": 103.99942302703857, "prnt": false}
{"event": "training_step", "timestamp": 1782394429.6031349, "step": 104, "max_steps": 938, "loss": 6.619644641876221, "lr": 0.02, "adamw_lr": 0.0005, "elapsed_time": 104.83932399749756, "prnt": false}
{"event": "training_step", "timestamp": 1782394430.4339359, "step": 105, "max_steps": 938, "loss": 6.601552486419678, "lr": 0.02, "adamw_lr": 0.0005, "elapsed_time": 105.67012405395508, "prnt": false}
{"event": "training_step", "timestamp": 1782394431.370692, "step": 106, "max_steps": 938, "loss": 6.603448390960693, "lr": 0.02, "adamw_lr": 0.0005, "elapsed_time": 106.6068799495697, "prnt": false}
{"event": "training_step", "timestamp": 1782394432.214914, "step": 107, "max_steps": 938, "loss": 6.639510154724121, "lr": 0.02, "adamw_lr": 0.0005, "elapsed_time": 107.45110201835632, "prnt": false}
{"event": "training_step", "timestamp": 1782394433.068, "step": 108, "max_steps": 938, "loss": 6.572505474090576, "lr": 0.02, "adamw_lr": 0.0005, "elapsed_time": 108.3041889667511, "prnt": false}
{"event": "training_step", "timestamp": 1782394433.9514298, "step": 109, "max_steps": 938, "loss": 6.612301826477051, "lr": 0.02, "adamw_lr": 0.0005, "elapsed_time": 109.18761920928955, "prnt": false}
{"event": "training_step", "timestamp": 1782394434.9220932, "step": 110, "max_steps": 938, "loss": 6.612662315368652, "lr": 0.02, "adamw_lr": 0.0005, "elapsed_time": 110.15828108787537, "prnt": false}
{"event": "training_step", "timestamp": 1782394435.880406, "step": 111, "max_steps": 938, "loss": 6.563326835632324, "lr": 0.02, "adamw_lr": 0.0005, "elapsed_time": 111.11659502983093, "prnt": false}
{"event": "training_step", "timestamp": 1782394436.84749, "step": 112, "max_steps": 938, "loss": 6.543637275695801, "lr": 0.02, "adamw_lr": 0.0005, "elapsed_time": 112.08367800712585, "prnt": false}
{"event": "training_step", "timestamp": 1782394437.795548, "step": 113, "max_steps": 938, "loss": 6.461626052856445, "lr": 0.02, "adamw_lr": 0.0005, "elapsed_time": 113.03173613548279, "prnt": false}
{"event": "training_step", "timestamp": 1782394438.7335858, "step": 114, "max_steps": 938, "loss": 6.622575283050537, "lr": 0.02, "adamw_lr": 0.0005, "elapsed_time": 113.96977424621582, "prnt": false}
{"event": "training_step", "timestamp": 1782394439.682289, "step": 115, "max_steps": 938, "loss": 6.578801155090332, "lr": 0.02, "adamw_lr": 0.0005, "elapsed_time": 114.91847705841064, "prnt": false}
{"event": "training_step", "timestamp": 1782394440.5354, "step": 116, "max_steps": 938, "loss": 6.490338325500488, "lr": 0.02, "adamw_lr": 0.0005, "elapsed_time": 115.77158808708191, "prnt": false}
{"event": "training_step", "timestamp": 1782394441.39385, "step": 117, "max_steps": 938, "loss": 6.531281471252441, "lr": 0.02, "adamw_lr": 0.0005, "elapsed_time": 116.630038022995, "prnt": false}
{"event": "training_step", "timestamp": 1782394442.233932, "step": 118, "max_steps": 938, "loss": 6.558261871337891, "lr": 0.02, "adamw_lr": 0.0005, "elapsed_time": 117.47012090682983, "prnt": false}
{"event": "training_step", "timestamp": 1782394443.089529, "step": 119, "max_steps": 938, "loss": 6.516006946563721, "lr": 0.02, "adamw_lr": 0.0005, "elapsed_time": 118.32571816444397, "prnt": false}
{"event": "training_step", "timestamp": 1782394443.9487062, "step": 120, "max_steps": 938, "loss": 6.537818431854248, "lr": 0.02, "adamw_lr": 0.0005, "elapsed_time": 119.18489408493042, "prnt": false}
{"event": "training_step", "timestamp": 1782394444.798223, "step": 121, "max_steps": 938, "loss": 6.4932541847229, "lr": 0.02, "adamw_lr": 0.0005, "elapsed_time": 120.03441095352173, "prnt": false}
{"event": "training_step", "timestamp": 1782394445.662137, "step": 122, "max_steps": 938, "loss": 6.500514030456543, "lr": 0.02, "adamw_lr": 0.0005, "elapsed_time": 120.89832496643066, "prnt": false}
{"event": "training_step", "timestamp": 1782394446.5337899, "step": 123, "max_steps": 938, "loss": 6.43901252746582, "lr": 0.02, "adamw_lr": 0.0005, "elapsed_time": 121.76997780799866, "prnt": false}
{"event": "training_step", "timestamp": 1782394447.5203688, "step": 124, "max_steps": 938, "loss": 6.534513473510742, "lr": 0.02, "adamw_lr": 0.0005, "elapsed_time": 122.75655722618103, "prnt": false}
{"event": "training_step", "timestamp": 1782394448.408309, "step": 125, "max_steps": 938, "loss": 6.474479675292969, "lr": 0.02, "adamw_lr": 0.0005, "elapsed_time": 123.64449906349182, "prnt": false}
{"event": "training_step", "timestamp": 1782394449.280729, "step": 126, "max_steps": 938, "loss": 6.492151260375977, "lr": 0.02, "adamw_lr": 0.0005, "elapsed_time": 124.51691818237305, "prnt": false}
{"event": "training_step", "timestamp": 1782394450.291878, "step": 127, "max_steps": 938, "loss": 6.515278339385986, "lr": 0.02, "adamw_lr": 0.0005, "elapsed_time": 125.528067111969, "prnt": false}
{"event": "training_step", "timestamp": 1782394451.161181, "step": 128, "max_steps": 938, "loss": 6.4938249588012695, "lr": 0.02, "adamw_lr": 0.0005, "elapsed_time": 126.39736914634705, "prnt": false}
{"event": "training_step", "timestamp": 1782394452.0313869, "step": 129, "max_steps": 938, "loss": 6.511419773101807, "lr": 0.02, "adamw_lr": 0.0005, "elapsed_time": 127.26757502555847, "prnt": false}
{"event": "training_step", "timestamp": 1782394452.893871, "step": 130, "max_steps": 938, "loss": 6.540564060211182, "lr": 0.02, "adamw_lr": 0.0005, "elapsed_time": 128.13006019592285, "prnt": false}
{"event": "training_step", "timestamp": 1782394453.756282, "step": 131, "max_steps": 938, "loss": 6.407372951507568, "lr": 0.02, "adamw_lr": 0.0005, "elapsed_time": 128.99247002601624, "prnt": false}
{"event": "training_step", "timestamp": 1782394454.607448, "step": 132, "max_steps": 938, "loss": 6.459049701690674, "lr": 0.02, "adamw_lr": 0.0005, "elapsed_time": 129.8436369895935, "prnt": false}
{"event": "validation_step", "timestamp": 1782394458.465653, "step": 132, "max_steps": 938, "loss": 1.3901033132033163, "ema": true, "elapsed_time": 129.8436369895935}
{"event": "training_step", "timestamp": 1782394459.295609, "step": 133, "max_steps": 938, "loss": 6.423149108886719, "lr": 0.02, "adamw_lr": 0.0005, "elapsed_time": 134.53179693222046, "prnt": false}
{"event": "training_step", "timestamp": 1782394460.310307, "step": 134, "max_steps": 938, "loss": 6.452315330505371, "lr": 0.02, "adamw_lr": 0.0005, "elapsed_time": 135.5464940071106, "prnt": false}
{"event": "training_step", "timestamp": 1782394461.275274, "step": 135, "max_steps": 938, "loss": 6.476815223693848, "lr": 0.02, "adamw_lr": 0.0005, "elapsed_time": 136.5114619731903, "prnt": false}
{"event": "training_step", "timestamp": 1782394462.186841, "step": 136, "max_steps": 938, "loss": 6.409038543701172, "lr": 0.02, "adamw_lr": 0.0005, "elapsed_time": 137.42302894592285, "prnt": false}
{"event": "training_step", "timestamp": 1782394463.167395, "step": 137, "max_steps": 938, "loss": 6.377022743225098, "lr": 0.02, "adamw_lr": 0.0005, "elapsed_time": 138.40358304977417, "prnt": false}
{"event": "training_step", "timestamp": 1782394464.104234, "step": 138, "max_steps": 938, "loss": 6.455529689788818, "lr": 0.02, "adamw_lr": 0.0005, "elapsed_time": 139.34042191505432, "prnt": false}
{"event": "training_step", "timestamp": 1782394465.0103161, "step": 139, "max_steps": 938, "loss": 6.394722938537598, "lr": 0.02, "adamw_lr": 0.0005, "elapsed_time": 140.24650502204895, "prnt": false}
{"event": "training_step", "timestamp": 1782394466.078513, "step": 140, "max_steps": 938, "loss": 6.409651756286621, "lr": 0.02, "adamw_lr": 0.0005, "elapsed_time": 141.31470108032227, "prnt": false}
{"event": "training_step", "timestamp": 1782394467.077145, "step": 141, "max_steps": 938, "loss": 6.377726078033447, "lr": 0.02, "adamw_lr": 0.0005, "elapsed_time": 142.3133339881897, "prnt": false}
{"event": "training_step", "timestamp": 1782394468.0339682, "step": 142, "max_steps": 938, "loss": 6.462276935577393, "lr": 0.02, "adamw_lr": 0.0005, "elapsed_time": 143.27015614509583, "prnt": false}
{"event": "training_step", "timestamp": 1782394469.028991, "step": 143, "max_steps": 938, "loss": 6.397826194763184, "lr": 0.02, "adamw_lr": 0.0005, "elapsed_time": 144.2651789188385, "prnt": false}
{"event": "training_step", "timestamp": 1782394470.026603, "step": 144, "max_steps": 938, "loss": 6.4054460525512695, "lr": 0.02, "adamw_lr": 0.0005, "elapsed_time": 145.2627899646759, "prnt": false}
{"event": "training_step", "timestamp": 1782394470.9942, "step": 145, "max_steps": 938, "loss": 6.3470048904418945, "lr": 0.02, "adamw_lr": 0.0005, "elapsed_time": 146.23038792610168, "prnt": false}
{"event": "training_step", "timestamp": 1782394472.034831, "step": 146, "max_steps": 938, "loss": 6.3861894607543945, "lr": 0.02, "adamw_lr": 0.0005, "elapsed_time": 147.2710201740265, "prnt": false}
{"event": "training_step", "timestamp": 1782394472.9396448, "step": 147, "max_steps": 938, "loss": 6.357476234436035, "lr": 0.02, "adamw_lr": 0.0005, "elapsed_time": 148.17583394050598, "prnt": false}
{"event": "training_step", "timestamp": 1782394473.814002, "step": 148, "max_steps": 938, "loss": 6.384103775024414, "lr": 0.02, "adamw_lr": 0.0005, "elapsed_time": 149.05019116401672, "prnt": false}
{"event": "training_step", "timestamp": 1782394474.6750112, "step": 149, "max_steps": 938, "loss": 6.3558454513549805, "lr": 0.02, "adamw_lr": 0.0005, "elapsed_time": 149.9112000465393, "prnt": false}
{"event": "training_step", "timestamp": 1782394475.688531, "step": 150, "max_steps": 938, "loss": 6.372250556945801, "lr": 0.02, "adamw_lr": 0.0005, "elapsed_time": 150.92471885681152, "prnt": false}
{"event": "training_step", "timestamp": 1782394476.626889, "step": 151, "max_steps": 938, "loss": 6.350621223449707, "lr": 0.02, "adamw_lr": 0.0005, "elapsed_time": 151.86307787895203, "prnt": false}
{"event": "training_step", "timestamp": 1782394477.560025, "step": 152, "max_steps": 938, "loss": 6.372321128845215, "lr": 0.02, "adamw_lr": 0.0005, "elapsed_time": 152.79621410369873, "prnt": false}
{"event": "training_step", "timestamp": 1782394478.6101649, "step": 153, "max_steps": 938, "loss": 6.382791519165039, "lr": 0.02, "adamw_lr": 0.0005, "elapsed_time": 153.84635305404663, "prnt": false}
{"event": "training_step", "timestamp": 1782394479.6144881, "step": 154, "max_steps": 938, "loss": 6.385186195373535, "lr": 0.02, "adamw_lr": 0.0005, "elapsed_time": 154.85067701339722, "prnt": false}
{"event": "training_step", "timestamp": 1782394480.530838, "step": 155, "max_steps": 938, "loss": 6.3219523429870605, "lr": 0.02, "adamw_lr": 0.0005, "elapsed_time": 155.7670259475708, "prnt": false}
{"event": "training_step", "timestamp": 1782394481.553119, "step": 156, "max_steps": 938, "loss": 6.348773002624512, "lr": 0.02, "adamw_lr": 0.0005, "elapsed_time": 156.78930807113647, "prnt": false}
{"event": "training_step", "timestamp": 1782394482.45556, "step": 157, "max_steps": 938, "loss": 6.338591575622559, "lr": 0.02, "adamw_lr": 0.0005, "elapsed_time": 157.69174814224243, "prnt": false}
{"event": "training_step", "timestamp": 1782394483.343175, "step": 158, "max_steps": 938, "loss": 6.328144550323486, "lr": 0.02, "adamw_lr": 0.0005, "elapsed_time": 158.5793640613556, "prnt": false}
{"event": "training_step", "timestamp": 1782394484.279701, "step": 159, "max_steps": 938, "loss": 6.283026218414307, "lr": 0.02, "adamw_lr": 0.0005, "elapsed_time": 159.51588988304138, "prnt": false}
{"event": "training_step", "timestamp": 1782394485.321753, "step": 160, "max_steps": 938, "loss": 6.318972110748291, "lr": 0.02, "adamw_lr": 0.0005, "elapsed_time": 160.55794215202332, "prnt": false}
{"event": "training_step", "timestamp": 1782394486.2293, "step": 161, "max_steps": 938, "loss": 6.253725051879883, "lr": 0.02, "adamw_lr": 0.0005, "elapsed_time": 161.46548891067505, "prnt": false}
{"event": "training_step", "timestamp": 1782394487.3066509, "step": 162, "max_steps": 938, "loss": 6.291234970092773, "lr": 0.02, "adamw_lr": 0.0005, "elapsed_time": 162.54284000396729, "prnt": false}
{"event": "training_step", "timestamp": 1782394488.250628, "step": 163, "max_steps": 938, "loss": 6.247100353240967, "lr": 0.02, "adamw_lr": 0.0005, "elapsed_time": 163.48681712150574, "prnt": false}
{"event": "training_step", "timestamp": 1782394489.172597, "step": 164, "max_steps": 938, "loss": 6.319077968597412, "lr": 0.02, "adamw_lr": 0.0005, "elapsed_time": 164.4087860584259, "prnt": false}
{"event": "training_step", "timestamp": 1782394490.219102, "step": 165, "max_steps": 938, "loss": 6.311445236206055, "lr": 0.02, "adamw_lr": 0.0005, "elapsed_time": 165.45528984069824, "prnt": false}
{"event": "training_step", "timestamp": 1782394491.117513, "step": 166, "max_steps": 938, "loss": 6.3059539794921875, "lr": 0.02, "adamw_lr": 0.0005, "elapsed_time": 166.35370087623596, "prnt": false}
{"event": "training_step", "timestamp": 1782394492.041585, "step": 167, "max_steps": 938, "loss": 6.2844319343566895, "lr": 0.02, "adamw_lr": 0.0005, "elapsed_time": 167.27777314186096, "prnt": false}
{"event": "training_step", "timestamp": 1782394493.07967, "step": 168, "max_steps": 938, "loss": 6.217130661010742, "lr": 0.02, "adamw_lr": 0.0005, "elapsed_time": 168.31585907936096, "prnt": false}
{"event": "training_step", "timestamp": 1782394494.008512, "step": 169, "max_steps": 938, "loss": 6.214746952056885, "lr": 0.02, "adamw_lr": 0.0005, "elapsed_time": 169.2447009086609, "prnt": false}
{"event": "training_step", "timestamp": 1782394494.92979, "step": 170, "max_steps": 938, "loss": 6.311023235321045, "lr": 0.02, "adamw_lr": 0.0005, "elapsed_time": 170.1659779548645, "prnt": false}
{"event": "training_step", "timestamp": 1782394496.004572, "step": 171, "max_steps": 938, "loss": 6.257757186889648, "lr": 0.02, "adamw_lr": 0.0005, "elapsed_time": 171.24076008796692, "prnt": false}
{"event": "training_step", "timestamp": 1782394497.0447202, "step": 172, "max_steps": 938, "loss": 6.293220043182373, "lr": 0.02, "adamw_lr": 0.0005, "elapsed_time": 172.28090906143188, "prnt": false}
{"event": "training_step", "timestamp": 1782394498.068916, "step": 173, "max_steps": 938, "loss": 6.294363021850586, "lr": 0.02, "adamw_lr": 0.0005, "elapsed_time": 173.3051040172577, "prnt": false}
{"event": "training_step", "timestamp": 1782394499.135103, "step": 174, "max_steps": 938, "loss": 6.208927154541016, "lr": 0.02, "adamw_lr": 0.0005, "elapsed_time": 174.3712899684906, "prnt": false}
{"event": "training_step", "timestamp": 1782394500.16147, "step": 175, "max_steps": 938, "loss": 6.319432258605957, "lr": 0.02, "adamw_lr": 0.0005, "elapsed_time": 175.3976571559906, "prnt": false}
{"event": "training_step", "timestamp": 1782394501.1361449, "step": 176, "max_steps": 938, "loss": 6.173617362976074, "lr": 0.02, "adamw_lr": 0.0005, "elapsed_time": 176.37233304977417, "prnt": false}
{"event": "validation_step", "timestamp": 1782394505.300087, "step": 176, "max_steps": 938, "loss": 1.3482465458756276, "ema": true, "elapsed_time": 176.37233304977417}
{"event": "training_step", "timestamp": 1782394506.222626, "step": 177, "max_steps": 938, "loss": 6.244819641113281, "lr": 0.02, "adamw_lr": 0.0005, "elapsed_time": 181.45881509780884, "prnt": false}
{"event": "training_step", "timestamp": 1782394507.296979, "step": 178, "max_steps": 938, "loss": 6.176383972167969, "lr": 0.02, "adamw_lr": 0.0005, "elapsed_time": 182.53316688537598, "prnt": false}
{"event": "training_step", "timestamp": 1782394508.3212538, "step": 179, "max_steps": 938, "loss": 6.230387210845947, "lr": 0.02, "adamw_lr": 0.0005, "elapsed_time": 183.55744218826294, "prnt": false}
{"event": "training_step", "timestamp": 1782394509.297974, "step": 180, "max_steps": 938, "loss": 6.173759460449219, "lr": 0.02, "adamw_lr": 0.0005, "elapsed_time": 184.53416204452515, "prnt": false}
{"event": "training_step", "timestamp": 1782394510.38061, "step": 181, "max_steps": 938, "loss": 6.241206169128418, "lr": 0.02, "adamw_lr": 0.0005, "elapsed_time": 185.61679792404175, "prnt": false}
{"event": "training_step", "timestamp": 1782394511.31274, "step": 182, "max_steps": 938, "loss": 6.239268779754639, "lr": 0.02, "adamw_lr": 0.0005, "elapsed_time": 186.54892897605896, "prnt": false}
{"event": "training_step", "timestamp": 1782394512.2415402, "step": 183, "max_steps": 938, "loss": 6.165964603424072, "lr": 0.02, "adamw_lr": 0.0005, "elapsed_time": 187.47772812843323, "prnt": false}
{"event": "training_step", "timestamp": 1782394513.347523, "step": 184, "max_steps": 938, "loss": 6.281632900238037, "lr": 0.02, "adamw_lr": 0.0005, "elapsed_time": 188.58371210098267, "prnt": false}
{"event": "training_step", "timestamp": 1782394514.27489, "step": 185, "max_steps": 938, "loss": 6.27631139755249, "lr": 0.02, "adamw_lr": 0.0005, "elapsed_time": 189.51107788085938, "prnt": false}
{"event": "training_step", "timestamp": 1782394515.235418, "step": 186, "max_steps": 938, "loss": 6.176414489746094, "lr": 0.02, "adamw_lr": 0.0005, "elapsed_time": 190.47160601615906, "prnt": false}
{"event": "training_step", "timestamp": 1782394516.354511, "step": 187, "max_steps": 938, "loss": 6.192460060119629, "lr": 0.02, "adamw_lr": 0.0005, "elapsed_time": 191.59069895744324, "prnt": false}
{"event": "training_step", "timestamp": 1782394517.4480069, "step": 188, "max_steps": 938, "loss": 6.1843743324279785, "lr": 0.02, "adamw_lr": 0.0005, "elapsed_time": 192.6841950416565, "prnt": false}
{"event": "training_step", "timestamp": 1782394518.5758379, "step": 189, "max_steps": 938, "loss": 6.197290420532227, "lr": 0.02, "adamw_lr": 0.0005, "elapsed_time": 193.81202697753906, "prnt": false}
{"event": "training_step", "timestamp": 1782394519.678305, "step": 190, "max_steps": 938, "loss": 6.169730186462402, "lr": 0.02, "adamw_lr": 0.0005, "elapsed_time": 194.91449308395386, "prnt": false}
{"event": "training_step", "timestamp": 1782394520.638826, "step": 191, "max_steps": 938, "loss": 6.189826488494873, "lr": 0.02, "adamw_lr": 0.0005, "elapsed_time": 195.8750138282776, "prnt": false}
{"event": "training_step", "timestamp": 1782394521.723444, "step": 192, "max_steps": 938, "loss": 6.160940170288086, "lr": 0.02, "adamw_lr": 0.0005, "elapsed_time": 196.95963191986084, "prnt": false}
{"event": "training_step", "timestamp": 1782394522.660573, "step": 193, "max_steps": 938, "loss": 6.159390926361084, "lr": 0.02, "adamw_lr": 0.0005, "elapsed_time": 197.89676117897034, "prnt": false}
{"event": "training_step", "timestamp": 1782394523.581507, "step": 194, "max_steps": 938, "loss": 6.22506046295166, "lr": 0.02, "adamw_lr": 0.0005, "elapsed_time": 198.81769514083862, "prnt": false}
{"event": "training_step", "timestamp": 1782394524.627018, "step": 195, "max_steps": 938, "loss": 6.232927322387695, "lr": 0.02, "adamw_lr": 0.0005, "elapsed_time": 199.863205909729, "prnt": false}
{"event": "training_step", "timestamp": 1782394525.587893, "step": 196, "max_steps": 938, "loss": 6.2824506759643555, "lr": 0.02, "adamw_lr": 0.0005, "elapsed_time": 200.82408094406128, "prnt": false}
{"event": "training_step", "timestamp": 1782394526.5911522, "step": 197, "max_steps": 938, "loss": 6.249302864074707, "lr": 0.02, "adamw_lr": 0.0005, "elapsed_time": 201.8273410797119, "prnt": false}
{"event": "training_step", "timestamp": 1782394527.711396, "step": 198, "max_steps": 938, "loss": 6.1550822257995605, "lr": 0.02, "adamw_lr": 0.0005, "elapsed_time": 202.94758415222168, "prnt": false}
{"event": "training_step", "timestamp": 1782394528.8186371, "step": 199, "max_steps": 938, "loss": 6.175347328186035, "lr": 0.02, "adamw_lr": 0.0005, "elapsed_time": 204.05482506752014, "prnt": false}
{"event": "training_step", "timestamp": 1782394529.914187, "step": 200, "max_steps": 938, "loss": 6.0944695472717285, "lr": 0.02, "adamw_lr": 0.0005, "elapsed_time": 205.15037488937378, "prnt": false}
{"event": "training_step", "timestamp": 1782394531.0430028, "step": 201, "max_steps": 938, "loss": 6.148665428161621, "lr": 0.02, "adamw_lr": 0.0005, "elapsed_time": 206.27919101715088, "prnt": false}
{"event": "training_step", "timestamp": 1782394532.011543, "step": 202, "max_steps": 938, "loss": 6.095272064208984, "lr": 0.02, "adamw_lr": 0.0005, "elapsed_time": 207.2477309703827, "prnt": false}
{"event": "training_step", "timestamp": 1782394532.974178, "step": 203, "max_steps": 938, "loss": 6.1872148513793945, "lr": 0.02, "adamw_lr": 0.0005, "elapsed_time": 208.2103660106659, "prnt": false}
{"event": "training_step", "timestamp": 1782394534.024545, "step": 204, "max_steps": 938, "loss": 6.148012161254883, "lr": 0.02, "adamw_lr": 0.0005, "elapsed_time": 209.26073288917542, "prnt": false}
{"event": "training_step", "timestamp": 1782394534.9851542, "step": 205, "max_steps": 938, "loss": 6.157238006591797, "lr": 0.02, "adamw_lr": 0.0005, "elapsed_time": 210.2213408946991, "prnt": false}
{"event": "training_step", "timestamp": 1782394535.940681, "step": 206, "max_steps": 938, "loss": 6.153842449188232, "lr": 0.02, "adamw_lr": 0.0005, "elapsed_time": 211.17686891555786, "prnt": false}
{"event": "training_step", "timestamp": 1782394537.007838, "step": 207, "max_steps": 938, "loss": 6.047644138336182, "lr": 0.02, "adamw_lr": 0.0005, "elapsed_time": 212.24402689933777, "prnt": false}
{"event": "training_step", "timestamp": 1782394537.955436, "step": 208, "max_steps": 938, "loss": 6.114466190338135, "lr": 0.02, "adamw_lr": 0.0005, "elapsed_time": 213.19162392616272, "prnt": false}
{"event": "training_step", "timestamp": 1782394538.915592, "step": 209, "max_steps": 938, "loss": 6.203832626342773, "lr": 0.02, "adamw_lr": 0.0005, "elapsed_time": 214.15178084373474, "prnt": false}
{"event": "training_step", "timestamp": 1782394540.045704, "step": 210, "max_steps": 938, "loss": 6.129474639892578, "lr": 0.02, "adamw_lr": 0.0005, "elapsed_time": 215.28189206123352, "prnt": false}
{"event": "training_step", "timestamp": 1782394540.987607, "step": 211, "max_steps": 938, "loss": 6.134678363800049, "lr": 0.02, "adamw_lr": 0.0005, "elapsed_time": 216.22379612922668, "prnt": false}
{"event": "training_step", "timestamp": 1782394541.921046, "step": 212, "max_steps": 938, "loss": 6.124461650848389, "lr": 0.02, "adamw_lr": 0.0005, "elapsed_time": 217.15723395347595, "prnt": false}
{"event": "training_step", "timestamp": 1782394542.8475552, "step": 213, "max_steps": 938, "loss": 6.156281471252441, "lr": 0.02, "adamw_lr": 0.0005, "elapsed_time": 218.08374309539795, "prnt": false}
{"event": "training_step", "timestamp": 1782394543.766418, "step": 214, "max_steps": 938, "loss": 6.092052459716797, "lr": 0.02, "adamw_lr": 0.0005, "elapsed_time": 219.00260519981384, "prnt": false}
{"event": "training_step", "timestamp": 1782394544.8354402, "step": 215, "max_steps": 938, "loss": 6.112207889556885, "lr": 0.02, "adamw_lr": 0.0005, "elapsed_time": 220.0716290473938, "prnt": false}
{"event": "training_step", "timestamp": 1782394545.7997499, "step": 216, "max_steps": 938, "loss": 6.06176233291626, "lr": 0.02, "adamw_lr": 0.0005, "elapsed_time": 221.03593921661377, "prnt": false}
{"event": "training_step", "timestamp": 1782394546.805117, "step": 217, "max_steps": 938, "loss": 6.138965606689453, "lr": 0.02, "adamw_lr": 0.0005, "elapsed_time": 222.04130601882935, "prnt": false}
{"event": "training_step", "timestamp": 1782394547.9374158, "step": 218, "max_steps": 938, "loss": 6.07541036605835, "lr": 0.02, "adamw_lr": 0.0005, "elapsed_time": 223.17360496520996, "prnt": false}
{"event": "training_step", "timestamp": 1782394549.046665, "step": 219, "max_steps": 938, "loss": 6.107119083404541, "lr": 0.02, "adamw_lr": 0.0005, "elapsed_time": 224.2828528881073, "prnt": false}
{"event": "training_step", "timestamp": 1782394550.15227, "step": 220, "max_steps": 938, "loss": 6.121228218078613, "lr": 0.02, "adamw_lr": 0.0005, "elapsed_time": 225.3884561061859, "prnt": false}
{"event": "validation_step", "timestamp": 1782394554.4310122, "step": 220, "max_steps": 938, "loss": 1.3182914763267626, "ema": true, "elapsed_time": 225.3884561061859}
{"event": "training_step", "timestamp": 1782394555.297981, "step": 221, "max_steps": 938, "loss": 6.1004638671875, "lr": 0.02, "adamw_lr": 0.0005, "elapsed_time": 230.53416919708252, "prnt": false}
{"event": "training_step", "timestamp": 1782394556.408434, "step": 222, "max_steps": 938, "loss": 6.0493316650390625, "lr": 0.02, "adamw_lr": 0.0005, "elapsed_time": 231.64462327957153, "prnt": false}
{"event": "training_step", "timestamp": 1782394557.381484, "step": 223, "max_steps": 938, "loss": 6.025280475616455, "lr": 0.02, "adamw_lr": 0.0005, "elapsed_time": 232.61767292022705, "prnt": false}
{"event": "training_step", "timestamp": 1782394558.3186948, "step": 224, "max_steps": 938, "loss": 6.160454750061035, "lr": 0.02, "adamw_lr": 0.0005, "elapsed_time": 233.55488324165344, "prnt": false}
{"event": "training_step", "timestamp": 1782394559.389067, "step": 225, "max_steps": 938, "loss": 6.054082870483398, "lr": 0.02, "adamw_lr": 0.0005, "elapsed_time": 234.62525486946106, "prnt": false}
{"event": "training_step", "timestamp": 1782394560.359235, "step": 226, "max_steps": 938, "loss": 6.047874450683594, "lr": 0.02, "adamw_lr": 0.0005, "elapsed_time": 235.59542417526245, "prnt": false}
{"event": "training_step", "timestamp": 1782394561.341913, "step": 227, "max_steps": 938, "loss": 6.051911354064941, "lr": 0.02, "adamw_lr": 0.0005, "elapsed_time": 236.5781011581421, "prnt": false}
{"event": "training_step", "timestamp": 1782394562.379197, "step": 228, "max_steps": 938, "loss": 6.081330299377441, "lr": 0.02, "adamw_lr": 0.0005, "elapsed_time": 237.6153860092163, "prnt": false}
{"event": "training_step", "timestamp": 1782394563.317546, "step": 229, "max_steps": 938, "loss": 6.015098571777344, "lr": 0.02, "adamw_lr": 0.0005, "elapsed_time": 238.55373406410217, "prnt": false}
{"event": "training_step", "timestamp": 1782394564.241956, "step": 230, "max_steps": 938, "loss": 6.178297519683838, "lr": 0.02, "adamw_lr": 0.0005, "elapsed_time": 239.47814416885376, "prnt": false}
{"event": "training_step", "timestamp": 1782394565.298549, "step": 231, "max_steps": 938, "loss": 6.092782974243164, "lr": 0.02, "adamw_lr": 0.0005, "elapsed_time": 240.53473687171936, "prnt": false}
{"event": "training_step", "timestamp": 1782394566.240204, "step": 232, "max_steps": 938, "loss": 6.036613464355469, "lr": 0.02, "adamw_lr": 0.0005, "elapsed_time": 241.47639203071594, "prnt": false}
{"event": "training_step", "timestamp": 1782394567.214071, "step": 233, "max_steps": 938, "loss": 6.119640350341797, "lr": 0.02, "adamw_lr": 0.0005, "elapsed_time": 242.4502580165863, "prnt": false}
{"event": "training_step", "timestamp": 1782394568.235649, "step": 234, "max_steps": 938, "loss": 6.076916217803955, "lr": 0.02, "adamw_lr": 0.0005, "elapsed_time": 243.4718370437622, "prnt": false}
{"event": "training_step", "timestamp": 1782394569.238328, "step": 235, "max_steps": 938, "loss": 6.068134307861328, "lr": 0.02, "adamw_lr": 0.0005, "elapsed_time": 244.4745171070099, "prnt": false}
{"event": "training_step", "timestamp": 1782394570.274168, "step": 236, "max_steps": 938, "loss": 6.046184062957764, "lr": 0.02, "adamw_lr": 0.0005, "elapsed_time": 245.51035594940186, "prnt": false}
{"event": "training_step", "timestamp": 1782394571.303218, "step": 237, "max_steps": 938, "loss": 6.110713005065918, "lr": 0.02, "adamw_lr": 0.0005, "elapsed_time": 246.53940725326538, "prnt": false}
{"event": "training_step", "timestamp": 1782394572.202983, "step": 238, "max_steps": 938, "loss": 6.0273661613464355, "lr": 0.02, "adamw_lr": 0.0005, "elapsed_time": 247.43917226791382, "prnt": false}
{"event": "training_step", "timestamp": 1782394573.187954, "step": 239, "max_steps": 938, "loss": 6.037224769592285, "lr": 0.02, "adamw_lr": 0.0005, "elapsed_time": 248.42414212226868, "prnt": false}
{"event": "training_step", "timestamp": 1782394574.166343, "step": 240, "max_steps": 938, "loss": 6.0465168952941895, "lr": 0.02, "adamw_lr": 0.0005, "elapsed_time": 249.40253114700317, "prnt": false}
{"event": "training_step", "timestamp": 1782394575.122432, "step": 241, "max_steps": 938, "loss": 6.072465419769287, "lr": 0.02, "adamw_lr": 0.0005, "elapsed_time": 250.3586208820343, "prnt": false}
{"event": "training_step", "timestamp": 1782394576.118597, "step": 242, "max_steps": 938, "loss": 6.003345489501953, "lr": 0.02, "adamw_lr": 0.0005, "elapsed_time": 251.35478401184082, "prnt": false}
{"event": "training_step", "timestamp": 1782394577.12911, "step": 243, "max_steps": 938, "loss": 6.075534820556641, "lr": 0.02, "adamw_lr": 0.0005, "elapsed_time": 252.36529898643494, "prnt": false}
{"event": "training_step", "timestamp": 1782394578.0704188, "step": 244, "max_steps": 938, "loss": 6.040682792663574, "lr": 0.02, "adamw_lr": 0.0005, "elapsed_time": 253.30660796165466, "prnt": false}
{"event": "training_step", "timestamp": 1782394579.09641, "step": 245, "max_steps": 938, "loss": 6.026261806488037, "lr": 0.02, "adamw_lr": 0.0005, "elapsed_time": 254.33259797096252, "prnt": false}
{"event": "training_step", "timestamp": 1782394580.123708, "step": 246, "max_steps": 938, "loss": 6.022456169128418, "lr": 0.02, "adamw_lr": 0.0005, "elapsed_time": 255.35989713668823, "prnt": false}
{"event": "training_step", "timestamp": 1782394581.088346, "step": 247, "max_steps": 938, "loss": 5.922987461090088, "lr": 0.02, "adamw_lr": 0.0005, "elapsed_time": 256.32453513145447, "prnt": false}
{"event": "training_step", "timestamp": 1782394582.145663, "step": 248, "max_steps": 938, "loss": 6.094552040100098, "lr": 0.02, "adamw_lr": 0.0005, "elapsed_time": 257.3818509578705, "prnt": false}
{"event": "training_step", "timestamp": 1782394583.150849, "step": 249, "max_steps": 938, "loss": 6.056097984313965, "lr": 0.02, "adamw_lr": 0.0005, "elapsed_time": 258.3870370388031, "prnt": false}
{"event": "training_step", "timestamp": 1782394584.159366, "step": 250, "max_steps": 938, "loss": 5.9856462478637695, "lr": 0.02, "adamw_lr": 0.0005, "elapsed_time": 259.39555501937866, "prnt": false}
{"event": "training_step", "timestamp": 1782394585.157728, "step": 251, "max_steps": 938, "loss": 6.013983726501465, "lr": 0.02, "adamw_lr": 0.0005, "elapsed_time": 260.39391589164734, "prnt": false}
{"event": "training_step", "timestamp": 1782394586.190908, "step": 252, "max_steps": 938, "loss": 6.032670974731445, "lr": 0.02, "adamw_lr": 0.0005, "elapsed_time": 261.42709612846375, "prnt": false}
{"event": "training_step", "timestamp": 1782394587.302367, "step": 253, "max_steps": 938, "loss": 5.99582576751709, "lr": 0.02, "adamw_lr": 0.0005, "elapsed_time": 262.5385549068451, "prnt": false}
{"event": "training_step", "timestamp": 1782394588.304457, "step": 254, "max_steps": 938, "loss": 6.032188892364502, "lr": 0.02, "adamw_lr": 0.0005, "elapsed_time": 263.5406458377838, "prnt": false}
{"event": "training_step", "timestamp": 1782394589.3795211, "step": 255, "max_steps": 938, "loss": 5.997527122497559, "lr": 0.02, "adamw_lr": 0.0005, "elapsed_time": 264.615709066391, "prnt": false}
{"event": "training_step", "timestamp": 1782394590.357663, "step": 256, "max_steps": 938, "loss": 5.976240158081055, "lr": 0.02, "adamw_lr": 0.0005, "elapsed_time": 265.59385204315186, "prnt": false}
{"event": "training_step", "timestamp": 1782394591.333094, "step": 257, "max_steps": 938, "loss": 5.933014392852783, "lr": 0.02, "adamw_lr": 0.0005, "elapsed_time": 266.569283246994, "prnt": false}
{"event": "training_step", "timestamp": 1782394592.39669, "step": 258, "max_steps": 938, "loss": 6.028885364532471, "lr": 0.02, "adamw_lr": 0.0005, "elapsed_time": 267.63287901878357, "prnt": false}
{"event": "training_step", "timestamp": 1782394593.312192, "step": 259, "max_steps": 938, "loss": 5.9832329750061035, "lr": 0.02, "adamw_lr": 0.0005, "elapsed_time": 268.5483798980713, "prnt": false}
{"event": "training_step", "timestamp": 1782394594.2158341, "step": 260, "max_steps": 938, "loss": 5.97128963470459, "lr": 0.02, "adamw_lr": 0.0005, "elapsed_time": 269.4520230293274, "prnt": false}
{"event": "training_step", "timestamp": 1782394595.271647, "step": 261, "max_steps": 938, "loss": 6.029719352722168, "lr": 0.02, "adamw_lr": 0.0005, "elapsed_time": 270.50783586502075, "prnt": false}
{"event": "training_step", "timestamp": 1782394596.200845, "step": 262, "max_steps": 938, "loss": 6.002452850341797, "lr": 0.02, "adamw_lr": 0.0005, "elapsed_time": 271.43703293800354, "prnt": false}
{"event": "training_step", "timestamp": 1782394597.16162, "step": 263, "max_steps": 938, "loss": 6.015305995941162, "lr": 0.02, "adamw_lr": 0.0005, "elapsed_time": 272.3978090286255, "prnt": false}
{"event": "training_step", "timestamp": 1782394598.2862039, "step": 264, "max_steps": 938, "loss": 6.068794250488281, "lr": 0.02, "adamw_lr": 0.0005, "elapsed_time": 273.52239203453064, "prnt": false}
{"event": "validation_step", "timestamp": 1782394602.495069, "step": 264, "max_steps": 938, "loss": 1.2946658140235785, "ema": true, "elapsed_time": 273.52239203453064}
{"event": "training_step", "timestamp": 1782394603.351995, "step": 265, "max_steps": 938, "loss": 5.960956573486328, "lr": 0.02, "adamw_lr": 0.0005, "elapsed_time": 278.58818316459656, "prnt": false}
{"event": "training_step", "timestamp": 1782394604.392094, "step": 266, "max_steps": 938, "loss": 6.001668930053711, "lr": 0.02, "adamw_lr": 0.0005, "elapsed_time": 279.62828302383423, "prnt": false}
{"event": "training_step", "timestamp": 1782394605.288827, "step": 267, "max_steps": 938, "loss": 5.956594944000244, "lr": 0.02, "adamw_lr": 0.0005, "elapsed_time": 280.5250151157379, "prnt": false}
{"event": "training_step", "timestamp": 1782394606.268648, "step": 268, "max_steps": 938, "loss": 5.989096641540527, "lr": 0.02, "adamw_lr": 0.0005, "elapsed_time": 281.5048351287842, "prnt": false}
{"event": "training_step", "timestamp": 1782394607.292127, "step": 269, "max_steps": 938, "loss": 6.016066074371338, "lr": 0.02, "adamw_lr": 0.0005, "elapsed_time": 282.5283148288727, "prnt": false}
{"event": "training_step", "timestamp": 1782394608.260909, "step": 270, "max_steps": 938, "loss": 5.938654899597168, "lr": 0.02, "adamw_lr": 0.0005, "elapsed_time": 283.49709701538086, "prnt": false}
{"event": "training_step", "timestamp": 1782394609.3163068, "step": 271, "max_steps": 938, "loss": 5.908083915710449, "lr": 0.02, "adamw_lr": 0.0005, "elapsed_time": 284.5524950027466, "prnt": false}
{"event": "training_step", "timestamp": 1782394610.294146, "step": 272, "max_steps": 938, "loss": 5.991042137145996, "lr": 0.02, "adamw_lr": 0.0005, "elapsed_time": 285.5303339958191, "prnt": false}
{"event": "training_step", "timestamp": 1782394611.220848, "step": 273, "max_steps": 938, "loss": 5.941727161407471, "lr": 0.02, "adamw_lr": 0.0005, "elapsed_time": 286.4570360183716, "prnt": false}
{"event": "training_step", "timestamp": 1782394612.238663, "step": 274, "max_steps": 938, "loss": 5.954822540283203, "lr": 0.02, "adamw_lr": 0.0005, "elapsed_time": 287.4748511314392, "prnt": false}
{"event": "training_step", "timestamp": 1782394613.218051, "step": 275, "max_steps": 938, "loss": 5.925930023193359, "lr": 0.02, "adamw_lr": 0.0005, "elapsed_time": 288.45423913002014, "prnt": false}
{"event": "training_step", "timestamp": 1782394614.129245, "step": 276, "max_steps": 938, "loss": 6.022152900695801, "lr": 0.02, "adamw_lr": 0.0005, "elapsed_time": 289.36543321609497, "prnt": false}
{"event": "training_step", "timestamp": 1782394615.097475, "step": 277, "max_steps": 938, "loss": 5.943965911865234, "lr": 0.02, "adamw_lr": 0.0005, "elapsed_time": 290.33366298675537, "prnt": false}
{"event": "training_step", "timestamp": 1782394616.113285, "step": 278, "max_steps": 938, "loss": 5.941198348999023, "lr": 0.02, "adamw_lr": 0.0005, "elapsed_time": 291.34947419166565, "prnt": false}
{"event": "training_step", "timestamp": 1782394617.133782, "step": 279, "max_steps": 938, "loss": 5.893681526184082, "lr": 0.02, "adamw_lr": 0.0005, "elapsed_time": 292.369971036911, "prnt": false}
{"event": "training_step", "timestamp": 1782394618.134419, "step": 280, "max_steps": 938, "loss": 5.940898895263672, "lr": 0.02, "adamw_lr": 0.0005, "elapsed_time": 293.3706078529358, "prnt": false}
{"event": "training_step", "timestamp": 1782394619.2314408, "step": 281, "max_steps": 938, "loss": 5.8957438468933105, "lr": 0.02, "adamw_lr": 0.0005, "elapsed_time": 294.46762919425964, "prnt": false}
{"event": "training_step", "timestamp": 1782394620.205823, "step": 282, "max_steps": 938, "loss": 5.921056270599365, "lr": 0.02, "adamw_lr": 0.0005, "elapsed_time": 295.4420120716095, "prnt": false}
{"event": "training_step", "timestamp": 1782394621.260027, "step": 283, "max_steps": 938, "loss": 5.896641731262207, "lr": 0.02, "adamw_lr": 0.0005, "elapsed_time": 296.49621415138245, "prnt": false}
{"event": "training_step", "timestamp": 1782394622.189072, "step": 284, "max_steps": 938, "loss": 5.942442893981934, "lr": 0.02, "adamw_lr": 0.0005, "elapsed_time": 297.4252600669861, "prnt": false}
{"event": "training_step", "timestamp": 1782394623.098597, "step": 285, "max_steps": 938, "loss": 5.906052589416504, "lr": 0.02, "adamw_lr": 0.0005, "elapsed_time": 298.3347849845886, "prnt": false}
{"event": "training_step", "timestamp": 1782394624.058914, "step": 286, "max_steps": 938, "loss": 5.932705402374268, "lr": 0.02, "adamw_lr": 0.0005, "elapsed_time": 299.2951030731201, "prnt": false}
{"event": "training_step", "timestamp": 1782394625.111512, "step": 287, "max_steps": 938, "loss": 5.937630653381348, "lr": 0.02, "adamw_lr": 0.0005, "elapsed_time": 300.34770011901855, "prnt": false}
{"event": "training_step", "timestamp": 1782394626.019722, "step": 288, "max_steps": 938, "loss": 5.9426798820495605, "lr": 0.02, "adamw_lr": 0.0005, "elapsed_time": 301.2559108734131, "prnt": false}
{"event": "training_step", "timestamp": 1782394626.931489, "step": 289, "max_steps": 938, "loss": 5.864560127258301, "lr": 0.02, "adamw_lr": 0.0005, "elapsed_time": 302.1676781177521, "prnt": false}
{"event": "training_step", "timestamp": 1782394627.877982, "step": 290, "max_steps": 938, "loss": 5.916159629821777, "lr": 0.02, "adamw_lr": 0.0005, "elapsed_time": 303.1141710281372, "prnt": false}
{"event": "training_step", "timestamp": 1782394628.871943, "step": 291, "max_steps": 938, "loss": 5.912347793579102, "lr": 0.02, "adamw_lr": 0.0005, "elapsed_time": 304.1081311702728, "prnt": false}
{"event": "training_step", "timestamp": 1782394629.9222898, "step": 292, "max_steps": 938, "loss": 5.908563137054443, "lr": 0.02, "adamw_lr": 0.0005, "elapsed_time": 305.1584792137146, "prnt": false}
{"event": "training_step", "timestamp": 1782394630.87244, "step": 293, "max_steps": 938, "loss": 5.85260009765625, "lr": 0.02, "adamw_lr": 0.0005, "elapsed_time": 306.108628988266, "prnt": false}
{"event": "training_step", "timestamp": 1782394631.800521, "step": 294, "max_steps": 938, "loss": 5.902884483337402, "lr": 0.02, "adamw_lr": 0.0005, "elapsed_time": 307.03671002388, "prnt": false}
{"event": "training_step", "timestamp": 1782394632.85719, "step": 295, "max_steps": 938, "loss": 5.830801963806152, "lr": 0.02, "adamw_lr": 0.0005, "elapsed_time": 308.0933790206909, "prnt": false}
{"event": "training_step", "timestamp": 1782394633.768981, "step": 296, "max_steps": 938, "loss": 5.885150909423828, "lr": 0.02, "adamw_lr": 0.0005, "elapsed_time": 309.00516986846924, "prnt": false}
{"event": "training_step", "timestamp": 1782394634.687225, "step": 297, "max_steps": 938, "loss": 5.8323163986206055, "lr": 0.02, "adamw_lr": 0.0005, "elapsed_time": 309.92341208457947, "prnt": false}
{"event": "training_step", "timestamp": 1782394635.6967978, "step": 298, "max_steps": 938, "loss": 5.915720462799072, "lr": 0.02, "adamw_lr": 0.0005, "elapsed_time": 310.9329869747162, "prnt": false}
{"event": "training_step", "timestamp": 1782394636.669644, "step": 299, "max_steps": 938, "loss": 5.890165328979492, "lr": 0.02, "adamw_lr": 0.0005, "elapsed_time": 311.90583086013794, "prnt": false}
{"event": "training_step", "timestamp": 1782394637.720711, "step": 300, "max_steps": 938, "loss": 5.894213676452637, "lr": 0.02, "adamw_lr": 0.0005, "elapsed_time": 312.9569001197815, "prnt": false}
{"event": "training_step", "timestamp": 1782394638.85621, "step": 301, "max_steps": 938, "loss": 5.870415687561035, "lr": 0.02, "adamw_lr": 0.0005, "elapsed_time": 314.0923981666565, "prnt": false}
{"event": "training_step", "timestamp": 1782394639.9269829, "step": 302, "max_steps": 938, "loss": 5.809891700744629, "lr": 0.02, "adamw_lr": 0.0005, "elapsed_time": 315.16317105293274, "prnt": false}
{"event": "training_step", "timestamp": 1782394640.9566321, "step": 303, "max_steps": 938, "loss": 5.813602447509766, "lr": 0.02, "adamw_lr": 0.0005, "elapsed_time": 316.1928210258484, "prnt": false}
{"event": "training_step", "timestamp": 1782394641.96867, "step": 304, "max_steps": 938, "loss": 5.905601501464844, "lr": 0.02, "adamw_lr": 0.0005, "elapsed_time": 317.2048590183258, "prnt": false}
{"event": "training_step", "timestamp": 1782394642.883734, "step": 305, "max_steps": 938, "loss": 5.86671257019043, "lr": 0.02, "adamw_lr": 0.0005, "elapsed_time": 318.1199231147766, "prnt": false}
{"event": "training_step", "timestamp": 1782394643.8315022, "step": 306, "max_steps": 938, "loss": 5.900590896606445, "lr": 0.02, "adamw_lr": 0.0005, "elapsed_time": 319.06769013404846, "prnt": false}
{"event": "training_step", "timestamp": 1782394644.814603, "step": 307, "max_steps": 938, "loss": 5.883236885070801, "lr": 0.02, "adamw_lr": 0.0005, "elapsed_time": 320.05079197883606, "prnt": false}
{"event": "training_step", "timestamp": 1782394645.695177, "step": 308, "max_steps": 938, "loss": 5.826682090759277, "lr": 0.02, "adamw_lr": 0.0005, "elapsed_time": 320.93136501312256, "prnt": false}
{"event": "validation_step", "timestamp": 1782394649.798034, "step": 308, "max_steps": 938, "loss": 1.2754218022896098, "ema": true, "elapsed_time": 320.93136501312256}
{"event": "training_step", "timestamp": 1782394650.657305, "step": 309, "max_steps": 938, "loss": 5.927318096160889, "lr": 0.02, "adamw_lr": 0.0005, "elapsed_time": 325.893492937088, "prnt": false}
{"event": "training_step", "timestamp": 1782394651.592942, "step": 310, "max_steps": 938, "loss": 5.784204959869385, "lr": 0.02, "adamw_lr": 0.0005, "elapsed_time": 326.8291299343109, "prnt": false}
{"event": "training_step", "timestamp": 1782394652.63033, "step": 311, "max_steps": 938, "loss": 5.854515075683594, "lr": 0.02, "adamw_lr": 0.0005, "elapsed_time": 327.8665180206299, "prnt": false}
{"event": "training_step", "timestamp": 1782394653.759188, "step": 312, "max_steps": 938, "loss": 5.794292449951172, "lr": 0.02, "adamw_lr": 0.0005, "elapsed_time": 328.995374917984, "prnt": false}
{"event": "training_step", "timestamp": 1782394654.908371, "step": 313, "max_steps": 938, "loss": 5.835680961608887, "lr": 0.02, "adamw_lr": 0.0005, "elapsed_time": 330.1445589065552, "prnt": false}
{"event": "training_step", "timestamp": 1782394655.8706932, "step": 314, "max_steps": 938, "loss": 5.790310859680176, "lr": 0.02, "adamw_lr": 0.0005, "elapsed_time": 331.1068811416626, "prnt": false}
{"event": "training_step", "timestamp": 1782394656.764936, "step": 315, "max_steps": 938, "loss": 5.84503698348999, "lr": 0.02, "adamw_lr": 0.0005, "elapsed_time": 332.00112414360046, "prnt": false}
{"event": "training_step", "timestamp": 1782394657.655733, "step": 316, "max_steps": 938, "loss": 5.854043960571289, "lr": 0.02, "adamw_lr": 0.0005, "elapsed_time": 332.8919219970703, "prnt": false}
{"event": "training_step", "timestamp": 1782394658.743767, "step": 317, "max_steps": 938, "loss": 5.779899597167969, "lr": 0.02, "adamw_lr": 0.0005, "elapsed_time": 333.97995495796204, "prnt": false}
{"event": "training_step", "timestamp": 1782394659.767804, "step": 318, "max_steps": 938, "loss": 5.905421257019043, "lr": 0.02, "adamw_lr": 0.0005, "elapsed_time": 335.0039920806885, "prnt": false}
{"event": "training_step", "timestamp": 1782394660.8284302, "step": 319, "max_steps": 938, "loss": 5.894052982330322, "lr": 0.02, "adamw_lr": 0.0005, "elapsed_time": 336.06461811065674, "prnt": false}
{"event": "training_step", "timestamp": 1782394661.867158, "step": 320, "max_steps": 938, "loss": 5.795540809631348, "lr": 0.02, "adamw_lr": 0.0005, "elapsed_time": 337.1033458709717, "prnt": false}
{"event": "training_step", "timestamp": 1782394662.905952, "step": 321, "max_steps": 938, "loss": 5.807094573974609, "lr": 0.02, "adamw_lr": 0.0005, "elapsed_time": 338.1421389579773, "prnt": false}
{"event": "training_step", "timestamp": 1782394663.9014149, "step": 322, "max_steps": 938, "loss": 5.805047035217285, "lr": 0.02, "adamw_lr": 0.0005, "elapsed_time": 339.1376030445099, "prnt": false}
{"event": "training_step", "timestamp": 1782394665.023123, "step": 323, "max_steps": 938, "loss": 5.8165059089660645, "lr": 0.02, "adamw_lr": 0.0005, "elapsed_time": 340.25931191444397, "prnt": false}
{"event": "training_step", "timestamp": 1782394666.043969, "step": 324, "max_steps": 938, "loss": 5.7974853515625, "lr": 0.02, "adamw_lr": 0.0005, "elapsed_time": 341.2801580429077, "prnt": false}
{"event": "training_step", "timestamp": 1782394666.969043, "step": 325, "max_steps": 938, "loss": 5.826654434204102, "lr": 0.02, "adamw_lr": 0.0005, "elapsed_time": 342.2052319049835, "prnt": false}
{"event": "training_step", "timestamp": 1782394667.8780742, "step": 326, "max_steps": 938, "loss": 5.781838893890381, "lr": 0.02, "adamw_lr": 0.0005, "elapsed_time": 343.11426305770874, "prnt": false}
{"event": "training_step", "timestamp": 1782394668.893446, "step": 327, "max_steps": 938, "loss": 5.778711318969727, "lr": 0.02, "adamw_lr": 0.0005, "elapsed_time": 344.129634141922, "prnt": false}
{"event": "training_step", "timestamp": 1782394669.837169, "step": 328, "max_steps": 938, "loss": 5.863470077514648, "lr": 0.02, "adamw_lr": 0.0005, "elapsed_time": 345.07335805892944, "prnt": false}
{"event": "training_step", "timestamp": 1782394670.758013, "step": 329, "max_steps": 938, "loss": 5.867968559265137, "lr": 0.02, "adamw_lr": 0.0005, "elapsed_time": 345.9942011833191, "prnt": false}
{"event": "training_step", "timestamp": 1782394671.74384, "step": 330, "max_steps": 938, "loss": 5.909576416015625, "lr": 0.02, "adamw_lr": 0.0005, "elapsed_time": 346.98002886772156, "prnt": false}
{"event": "training_step", "timestamp": 1782394672.7235851, "step": 331, "max_steps": 938, "loss": 5.8776116371154785, "lr": 0.02, "adamw_lr": 0.0005, "elapsed_time": 347.95977306365967, "prnt": false}
{"event": "training_step", "timestamp": 1782394673.6482382, "step": 332, "max_steps": 938, "loss": 5.786964416503906, "lr": 0.02, "adamw_lr": 0.0005, "elapsed_time": 348.88442611694336, "prnt": false}
{"event": "training_step", "timestamp": 1782394674.6956549, "step": 333, "max_steps": 938, "loss": 5.803946495056152, "lr": 0.02, "adamw_lr": 0.0005, "elapsed_time": 349.93184304237366, "prnt": false}
{"event": "training_step", "timestamp": 1782394675.588982, "step": 334, "max_steps": 938, "loss": 5.741458892822266, "lr": 0.02, "adamw_lr": 0.0005, "elapsed_time": 350.82517194747925, "prnt": false}
{"event": "training_step", "timestamp": 1782394676.4908538, "step": 335, "max_steps": 938, "loss": 5.7969794273376465, "lr": 0.02, "adamw_lr": 0.0005, "elapsed_time": 351.72704219818115, "prnt": false}
{"event": "training_step", "timestamp": 1782394677.512776, "step": 336, "max_steps": 938, "loss": 5.722990036010742, "lr": 0.02, "adamw_lr": 0.0005, "elapsed_time": 352.7489640712738, "prnt": false}
{"event": "training_step", "timestamp": 1782394678.422086, "step": 337, "max_steps": 938, "loss": 5.820586204528809, "lr": 0.02, "adamw_lr": 0.0005, "elapsed_time": 353.6582751274109, "prnt": false}
{"event": "training_step", "timestamp": 1782394679.328265, "step": 338, "max_steps": 938, "loss": 5.791803359985352, "lr": 0.02, "adamw_lr": 0.0005, "elapsed_time": 354.5644528865814, "prnt": false}
{"event": "training_step", "timestamp": 1782394680.3412638, "step": 339, "max_steps": 938, "loss": 5.799251556396484, "lr": 0.02, "adamw_lr": 0.0005, "elapsed_time": 355.5774521827698, "prnt": false}
{"event": "training_step", "timestamp": 1782394681.3109381, "step": 340, "max_steps": 938, "loss": 5.786582946777344, "lr": 0.02, "adamw_lr": 0.0005, "elapsed_time": 356.5471260547638, "prnt": false}
{"event": "training_step", "timestamp": 1782394682.299158, "step": 341, "max_steps": 938, "loss": 5.700860023498535, "lr": 0.02, "adamw_lr": 0.0005, "elapsed_time": 357.53534603118896, "prnt": false}
{"event": "training_step", "timestamp": 1782394683.4134521, "step": 342, "max_steps": 938, "loss": 5.756839752197266, "lr": 0.02, "adamw_lr": 0.0005, "elapsed_time": 358.6496410369873, "prnt": false}
{"event": "training_step", "timestamp": 1782394684.405718, "step": 343, "max_steps": 938, "loss": 5.841989040374756, "lr": 0.02, "adamw_lr": 0.0005, "elapsed_time": 359.6419050693512, "prnt": false}
{"event": "training_step", "timestamp": 1782394685.371562, "step": 344, "max_steps": 938, "loss": 5.780091285705566, "lr": 0.02, "adamw_lr": 0.0005, "elapsed_time": 360.6077489852905, "prnt": false}
{"event": "training_step", "timestamp": 1782394686.284014, "step": 345, "max_steps": 938, "loss": 5.773807048797607, "lr": 0.02, "adamw_lr": 0.0005, "elapsed_time": 361.5202021598816, "prnt": false}
{"event": "training_step", "timestamp": 1782394687.216628, "step": 346, "max_steps": 938, "loss": 5.793270587921143, "lr": 0.02, "adamw_lr": 0.0005, "elapsed_time": 362.4528160095215, "prnt": false}
{"event": "training_step", "timestamp": 1782394688.2025259, "step": 347, "max_steps": 938, "loss": 5.81117057800293, "lr": 0.02, "adamw_lr": 0.0005, "elapsed_time": 363.4387149810791, "prnt": false}
{"event": "training_step", "timestamp": 1782394689.171566, "step": 348, "max_steps": 938, "loss": 5.7428765296936035, "lr": 0.02, "adamw_lr": 0.0005, "elapsed_time": 364.40775513648987, "prnt": false}
{"event": "training_step", "timestamp": 1782394690.1906, "step": 349, "max_steps": 938, "loss": 5.7692365646362305, "lr": 0.02, "adamw_lr": 0.0005, "elapsed_time": 365.42678809165955, "prnt": false}
{"event": "training_step", "timestamp": 1782394691.173193, "step": 350, "max_steps": 938, "loss": 5.706538200378418, "lr": 0.02, "adamw_lr": 0.0005, "elapsed_time": 366.40938091278076, "prnt": false}
{"event": "training_step", "timestamp": 1782394692.2125812, "step": 351, "max_steps": 938, "loss": 5.788012981414795, "lr": 0.02, "adamw_lr": 0.0005, "elapsed_time": 367.4487690925598, "prnt": false}
{"event": "training_step", "timestamp": 1782394693.186456, "step": 352, "max_steps": 938, "loss": 5.729400634765625, "lr": 0.02, "adamw_lr": 0.0005, "elapsed_time": 368.4226441383362, "prnt": false}
{"event": "validation_step", "timestamp": 1782394697.1694138, "step": 352, "max_steps": 938, "loss": 1.258902804312611, "ema": true, "elapsed_time": 368.4226441383362}
{"event": "training_step", "timestamp": 1782394698.055637, "step": 353, "max_steps": 938, "loss": 5.7595930099487305, "lr": 0.02, "adamw_lr": 0.0005, "elapsed_time": 373.29182600975037, "prnt": false}
{"event": "training_step", "timestamp": 1782394698.970316, "step": 354, "max_steps": 938, "loss": 5.779314041137695, "lr": 0.02, "adamw_lr": 0.0005, "elapsed_time": 374.2065050601959, "prnt": false}
{"event": "training_step", "timestamp": 1782394699.9040399, "step": 355, "max_steps": 938, "loss": 5.7691569328308105, "lr": 0.02, "adamw_lr": 0.0005, "elapsed_time": 375.1402282714844, "prnt": false}
{"event": "training_step", "timestamp": 1782394700.8340852, "step": 356, "max_steps": 938, "loss": 5.711614608764648, "lr": 0.02, "adamw_lr": 0.0005, "elapsed_time": 376.07027316093445, "prnt": false}
{"event": "training_step", "timestamp": 1782394701.9421, "step": 357, "max_steps": 938, "loss": 5.696115970611572, "lr": 0.02, "adamw_lr": 0.0005, "elapsed_time": 377.1782879829407, "prnt": false}
{"event": "training_step", "timestamp": 1782394702.964312, "step": 358, "max_steps": 938, "loss": 5.807397842407227, "lr": 0.02, "adamw_lr": 0.0005, "elapsed_time": 378.2004990577698, "prnt": false}
{"event": "training_step", "timestamp": 1782394703.979143, "step": 359, "max_steps": 938, "loss": 5.707890510559082, "lr": 0.02, "adamw_lr": 0.0005, "elapsed_time": 379.2153322696686, "prnt": false}
{"event": "training_step", "timestamp": 1782394704.881311, "step": 360, "max_steps": 938, "loss": 5.697783470153809, "lr": 0.02, "adamw_lr": 0.0005, "elapsed_time": 380.1174988746643, "prnt": false}
{"event": "training_step", "timestamp": 1782394705.7877991, "step": 361, "max_steps": 938, "loss": 5.699031829833984, "lr": 0.02, "adamw_lr": 0.0005, "elapsed_time": 381.02398586273193, "prnt": false}
{"event": "training_step", "timestamp": 1782394706.749572, "step": 362, "max_steps": 938, "loss": 5.732784271240234, "lr": 0.02, "adamw_lr": 0.0005, "elapsed_time": 381.985759973526, "prnt": false}
{"event": "training_step", "timestamp": 1782394707.719171, "step": 363, "max_steps": 938, "loss": 5.691059112548828, "lr": 0.02, "adamw_lr": 0.0005, "elapsed_time": 382.95535802841187, "prnt": false}
{"event": "training_step", "timestamp": 1782394708.644706, "step": 364, "max_steps": 938, "loss": 5.837014675140381, "lr": 0.02, "adamw_lr": 0.0005, "elapsed_time": 383.88089394569397, "prnt": false}
{"event": "training_step", "timestamp": 1782394709.6767218, "step": 365, "max_steps": 938, "loss": 5.752440452575684, "lr": 0.02, "adamw_lr": 0.0005, "elapsed_time": 384.9129111766815, "prnt": false}
{"event": "training_step", "timestamp": 1782394710.644953, "step": 366, "max_steps": 938, "loss": 5.705725193023682, "lr": 0.02, "adamw_lr": 0.0005, "elapsed_time": 385.8811421394348, "prnt": false}
{"event": "training_step", "timestamp": 1782394711.5737321, "step": 367, "max_steps": 938, "loss": 5.779207229614258, "lr": 0.02, "adamw_lr": 0.0005, "elapsed_time": 386.80992007255554, "prnt": false}
{"event": "training_step", "timestamp": 1782394712.606483, "step": 368, "max_steps": 938, "loss": 5.724486351013184, "lr": 0.02, "adamw_lr": 0.0005, "elapsed_time": 387.8426718711853, "prnt": false}
{"event": "training_step", "timestamp": 1782394713.5595899, "step": 369, "max_steps": 938, "loss": 5.747917175292969, "lr": 0.02, "adamw_lr": 0.0005, "elapsed_time": 388.79577803611755, "prnt": false}
{"event": "training_step", "timestamp": 1782394714.5491278, "step": 370, "max_steps": 938, "loss": 5.715448379516602, "lr": 0.02, "adamw_lr": 0.0005, "elapsed_time": 389.7853162288666, "prnt": false}
{"event": "training_step", "timestamp": 1782394715.4973388, "step": 371, "max_steps": 938, "loss": 5.78033971786499, "lr": 0.02, "adamw_lr": 0.0005, "elapsed_time": 390.7335271835327, "prnt": false}
{"event": "training_step", "timestamp": 1782394716.373237, "step": 372, "max_steps": 938, "loss": 5.690810680389404, "lr": 0.02, "adamw_lr": 0.0005, "elapsed_time": 391.6094250679016, "prnt": false}
{"event": "training_step", "timestamp": 1782394717.303303, "step": 373, "max_steps": 938, "loss": 5.70780611038208, "lr": 0.02, "adamw_lr": 0.0005, "elapsed_time": 392.53949213027954, "prnt": false}
{"event": "training_step", "timestamp": 1782394718.287018, "step": 374, "max_steps": 938, "loss": 5.72165584564209, "lr": 0.02, "adamw_lr": 0.0005, "elapsed_time": 393.523206949234, "prnt": false}
{"event": "training_step", "timestamp": 1782394719.203119, "step": 375, "max_steps": 938, "loss": 5.732108116149902, "lr": 0.02, "adamw_lr": 0.0005, "elapsed_time": 394.439306974411, "prnt": false}
{"event": "training_step", "timestamp": 1782394720.242303, "step": 376, "max_steps": 938, "loss": 5.685907363891602, "lr": 0.02, "adamw_lr": 0.0005, "elapsed_time": 395.47848987579346, "prnt": false}
{"event": "training_step", "timestamp": 1782394721.288883, "step": 377, "max_steps": 938, "loss": 5.751029014587402, "lr": 0.02, "adamw_lr": 0.0005, "elapsed_time": 396.525071144104, "prnt": false}
{"event": "training_step", "timestamp": 1782394722.302586, "step": 378, "max_steps": 938, "loss": 5.700380325317383, "lr": 0.02, "adamw_lr": 0.0005, "elapsed_time": 397.5387752056122, "prnt": false}
{"event": "training_step", "timestamp": 1782394723.375128, "step": 379, "max_steps": 938, "loss": 5.703624248504639, "lr": 0.02, "adamw_lr": 0.0005, "elapsed_time": 398.61131596565247, "prnt": false}
{"event": "training_step", "timestamp": 1782394724.437851, "step": 380, "max_steps": 938, "loss": 5.685748100280762, "lr": 0.02, "adamw_lr": 0.0005, "elapsed_time": 399.6740381717682, "prnt": false}
{"event": "training_step", "timestamp": 1782394725.4719381, "step": 381, "max_steps": 938, "loss": 5.598963737487793, "lr": 0.02, "adamw_lr": 0.0005, "elapsed_time": 400.70812487602234, "prnt": false}
{"event": "training_step", "timestamp": 1782394726.520816, "step": 382, "max_steps": 938, "loss": 5.767311096191406, "lr": 0.02, "adamw_lr": 0.0005, "elapsed_time": 401.75700521469116, "prnt": false}
{"event": "training_step", "timestamp": 1782394727.410434, "step": 383, "max_steps": 938, "loss": 5.73128604888916, "lr": 0.02, "adamw_lr": 0.0005, "elapsed_time": 402.64662313461304, "prnt": false}
{"event": "training_step", "timestamp": 1782394728.3066392, "step": 384, "max_steps": 938, "loss": 5.672519683837891, "lr": 0.02, "adamw_lr": 0.0005, "elapsed_time": 403.54282808303833, "prnt": false}
{"event": "training_step", "timestamp": 1782394729.315105, "step": 385, "max_steps": 938, "loss": 5.687140941619873, "lr": 0.02, "adamw_lr": 0.0005, "elapsed_time": 404.55129289627075, "prnt": false}
{"event": "training_step", "timestamp": 1782394730.2375522, "step": 386, "max_steps": 938, "loss": 5.723660469055176, "lr": 0.02, "adamw_lr": 0.0005, "elapsed_time": 405.4737410545349, "prnt": false}
{"event": "training_step", "timestamp": 1782394731.137996, "step": 387, "max_steps": 938, "loss": 5.673004627227783, "lr": 0.02, "adamw_lr": 0.0005, "elapsed_time": 406.37418508529663, "prnt": false}
{"event": "training_step", "timestamp": 1782394732.196991, "step": 388, "max_steps": 938, "loss": 5.710696220397949, "lr": 0.02, "adamw_lr": 0.0005, "elapsed_time": 407.43317794799805, "prnt": false}
{"event": "training_step", "timestamp": 1782394733.0938282, "step": 389, "max_steps": 938, "loss": 5.6670241355896, "lr": 0.02, "adamw_lr": 0.0005, "elapsed_time": 408.33001494407654, "prnt": false}
{"event": "training_step", "timestamp": 1782394733.9877272, "step": 390, "max_steps": 938, "loss": 5.6584672927856445, "lr": 0.02, "adamw_lr": 0.0005, "elapsed_time": 409.223916053772, "prnt": false}
{"event": "training_step", "timestamp": 1782394734.978554, "step": 391, "max_steps": 938, "loss": 5.620166778564453, "lr": 0.02, "adamw_lr": 0.0005, "elapsed_time": 410.2147431373596, "prnt": false}
{"event": "training_step", "timestamp": 1782394735.925813, "step": 392, "max_steps": 938, "loss": 5.706063270568848, "lr": 0.02, "adamw_lr": 0.0005, "elapsed_time": 411.1620030403137, "prnt": false}
{"event": "training_step", "timestamp": 1782394736.785273, "step": 393, "max_steps": 938, "loss": 5.671551704406738, "lr": 0.02, "adamw_lr": 0.0005, "elapsed_time": 412.02146100997925, "prnt": false}
{"event": "training_step", "timestamp": 1782394737.8244941, "step": 394, "max_steps": 938, "loss": 5.656886577606201, "lr": 0.02, "adamw_lr": 0.0005, "elapsed_time": 413.06068110466003, "prnt": false}
{"event": "training_step", "timestamp": 1782394738.733034, "step": 395, "max_steps": 938, "loss": 5.726776599884033, "lr": 0.02, "adamw_lr": 0.0005, "elapsed_time": 413.96922183036804, "prnt": false}
{"event": "training_step", "timestamp": 1782394739.75424, "step": 396, "max_steps": 938, "loss": 5.676359176635742, "lr": 0.02, "adamw_lr": 0.0005, "elapsed_time": 414.99042892456055, "prnt": false}
{"event": "validation_step", "timestamp": 1782394744.198612, "step": 396, "max_steps": 938, "loss": 1.244078204506849, "ema": true, "elapsed_time": 414.99042892456055}
{"event": "training_step", "timestamp": 1782394745.027592, "step": 397, "max_steps": 938, "loss": 5.701406002044678, "lr": 0.02, "adamw_lr": 0.0005, "elapsed_time": 420.26378083229065, "prnt": false}
{"event": "training_step", "timestamp": 1782394745.938019, "step": 398, "max_steps": 938, "loss": 5.748319149017334, "lr": 0.02, "adamw_lr": 0.0005, "elapsed_time": 421.1742081642151, "prnt": false}
{"event": "training_step", "timestamp": 1782394746.802706, "step": 399, "max_steps": 938, "loss": 5.646710395812988, "lr": 0.02, "adamw_lr": 0.0005, "elapsed_time": 422.0388948917389, "prnt": false}
{"event": "training_step", "timestamp": 1782394747.656277, "step": 400, "max_steps": 938, "loss": 5.695876121520996, "lr": 0.02, "adamw_lr": 0.0005, "elapsed_time": 422.8924660682678, "prnt": false}
{"event": "training_step", "timestamp": 1782394748.5316732, "step": 401, "max_steps": 938, "loss": 5.65285062789917, "lr": 0.02, "adamw_lr": 0.0005, "elapsed_time": 423.7678611278534, "prnt": false}
{"event": "training_step", "timestamp": 1782394749.364981, "step": 402, "max_steps": 938, "loss": 5.672542572021484, "lr": 0.02, "adamw_lr": 0.0005, "elapsed_time": 424.6011688709259, "prnt": false}
{"event": "training_step", "timestamp": 1782394750.282658, "step": 403, "max_steps": 938, "loss": 5.694025993347168, "lr": 0.02, "adamw_lr": 0.0005, "elapsed_time": 425.51884603500366, "prnt": false}
{"event": "training_step", "timestamp": 1782394751.1649148, "step": 404, "max_steps": 938, "loss": 5.617794990539551, "lr": 0.02, "adamw_lr": 0.0005, "elapsed_time": 426.4011039733887, "prnt": false}
{"event": "training_step", "timestamp": 1782394752.066302, "step": 405, "max_steps": 938, "loss": 5.6105475425720215, "lr": 0.02, "adamw_lr": 0.0005, "elapsed_time": 427.30249094963074, "prnt": false}
{"event": "training_step", "timestamp": 1782394752.983073, "step": 406, "max_steps": 938, "loss": 5.674006462097168, "lr": 0.02, "adamw_lr": 0.0005, "elapsed_time": 428.2192621231079, "prnt": false}
{"event": "training_step", "timestamp": 1782394753.874064, "step": 407, "max_steps": 938, "loss": 5.633294582366943, "lr": 0.02, "adamw_lr": 0.0005, "elapsed_time": 429.11025309562683, "prnt": false}
{"event": "training_step", "timestamp": 1782394754.7343621, "step": 408, "max_steps": 938, "loss": 5.650627136230469, "lr": 0.02, "adamw_lr": 0.0005, "elapsed_time": 429.9705500602722, "prnt": false}
{"event": "training_step", "timestamp": 1782394755.605817, "step": 409, "max_steps": 938, "loss": 5.6217803955078125, "lr": 0.02, "adamw_lr": 0.0005, "elapsed_time": 430.8420059680939, "prnt": false}
{"event": "training_step", "timestamp": 1782394756.45898, "step": 410, "max_steps": 938, "loss": 5.708648204803467, "lr": 0.02, "adamw_lr": 0.0005, "elapsed_time": 431.6951701641083, "prnt": false}
{"event": "training_step", "timestamp": 1782394757.3236742, "step": 411, "max_steps": 938, "loss": 5.636331081390381, "lr": 0.02, "adamw_lr": 0.0005, "elapsed_time": 432.55986309051514, "prnt": false}
{"event": "training_step", "timestamp": 1782394758.183485, "step": 412, "max_steps": 938, "loss": 5.634390830993652, "lr": 0.02, "adamw_lr": 0.0005, "elapsed_time": 433.419673204422, "prnt": false}
{"event": "training_step", "timestamp": 1782394759.0410602, "step": 413, "max_steps": 938, "loss": 5.590083122253418, "lr": 0.02, "adamw_lr": 0.0005, "elapsed_time": 434.2772481441498, "prnt": false}
{"event": "training_step", "timestamp": 1782394759.9475389, "step": 414, "max_steps": 938, "loss": 5.628280162811279, "lr": 0.02, "adamw_lr": 0.0005, "elapsed_time": 435.18372678756714, "prnt": false}
{"event": "training_step", "timestamp": 1782394760.8372889, "step": 415, "max_steps": 938, "loss": 5.605206489562988, "lr": 0.02, "adamw_lr": 0.0005, "elapsed_time": 436.07347798347473, "prnt": false}
{"event": "training_step", "timestamp": 1782394761.743114, "step": 416, "max_steps": 938, "loss": 5.606677532196045, "lr": 0.02, "adamw_lr": 0.0005, "elapsed_time": 436.9793019294739, "prnt": false}
{"event": "training_step", "timestamp": 1782394762.7033558, "step": 417, "max_steps": 938, "loss": 5.584097385406494, "lr": 0.02, "adamw_lr": 0.0005, "elapsed_time": 437.93954515457153, "prnt": false}
{"event": "training_step", "timestamp": 1782394763.67807, "step": 418, "max_steps": 938, "loss": 5.645144462585449, "lr": 0.02, "adamw_lr": 0.0005, "elapsed_time": 438.91425800323486, "prnt": false}
{"event": "training_step", "timestamp": 1782394764.646083, "step": 419, "max_steps": 938, "loss": 5.606184005737305, "lr": 0.02, "adamw_lr": 0.0005, "elapsed_time": 439.88227105140686, "prnt": false}
{"event": "training_step", "timestamp": 1782394765.5441432, "step": 420, "max_steps": 938, "loss": 5.635383605957031, "lr": 0.02, "adamw_lr": 0.0005, "elapsed_time": 440.78033208847046, "prnt": false}
{"event": "training_step", "timestamp": 1782394766.394517, "step": 421, "max_steps": 938, "loss": 5.62178897857666, "lr": 0.02, "adamw_lr": 0.0005, "elapsed_time": 441.63070607185364, "prnt": false}
{"event": "training_step", "timestamp": 1782394767.268075, "step": 422, "max_steps": 938, "loss": 5.632050514221191, "lr": 0.02, "adamw_lr": 0.0005, "elapsed_time": 442.50426292419434, "prnt": false}
{"event": "training_step", "timestamp": 1782394768.2046468, "step": 423, "max_steps": 938, "loss": 5.560824394226074, "lr": 0.02, "adamw_lr": 0.0005, "elapsed_time": 443.44083523750305, "prnt": false}
{"event": "training_step", "timestamp": 1782394769.1432729, "step": 424, "max_steps": 938, "loss": 5.619132995605469, "lr": 0.02, "adamw_lr": 0.0005, "elapsed_time": 444.379460811615, "prnt": false}
{"event": "training_step", "timestamp": 1782394770.119804, "step": 425, "max_steps": 938, "loss": 5.618300914764404, "lr": 0.02, "adamw_lr": 0.0005, "elapsed_time": 445.3559920787811, "prnt": false}
{"event": "training_step", "timestamp": 1782394771.150677, "step": 426, "max_steps": 938, "loss": 5.605616569519043, "lr": 0.02, "adamw_lr": 0.0005, "elapsed_time": 446.386864900589, "prnt": false}
{"event": "training_step", "timestamp": 1782394772.126278, "step": 427, "max_steps": 938, "loss": 5.557382583618164, "lr": 0.02, "adamw_lr": 0.0005, "elapsed_time": 447.36246609687805, "prnt": false}
{"event": "training_step", "timestamp": 1782394773.052551, "step": 428, "max_steps": 938, "loss": 5.595509052276611, "lr": 0.02, "adamw_lr": 0.0005, "elapsed_time": 448.28873920440674, "prnt": false}
{"event": "training_step", "timestamp": 1782394774.051981, "step": 429, "max_steps": 938, "loss": 5.5337395668029785, "lr": 0.02, "adamw_lr": 0.0005, "elapsed_time": 449.2881689071655, "prnt": false}
{"event": "training_step", "timestamp": 1782394775.009272, "step": 430, "max_steps": 938, "loss": 5.586602210998535, "lr": 0.02, "adamw_lr": 0.0005, "elapsed_time": 450.24545907974243, "prnt": false}
{"event": "training_step", "timestamp": 1782394775.905212, "step": 431, "max_steps": 938, "loss": 5.537864685058594, "lr": 0.02, "adamw_lr": 0.0005, "elapsed_time": 451.141401052475, "prnt": false}
{"event": "training_step", "timestamp": 1782394776.845658, "step": 432, "max_steps": 938, "loss": 5.616267204284668, "lr": 0.02, "adamw_lr": 0.0005, "elapsed_time": 452.08184719085693, "prnt": false}
{"event": "training_step", "timestamp": 1782394777.814847, "step": 433, "max_steps": 938, "loss": 5.5929388999938965, "lr": 0.02, "adamw_lr": 0.0005, "elapsed_time": 453.05103492736816, "prnt": false}
{"event": "training_step", "timestamp": 1782394778.706049, "step": 434, "max_steps": 938, "loss": 5.606450080871582, "lr": 0.02, "adamw_lr": 0.0005, "elapsed_time": 453.9422380924225, "prnt": false}
{"event": "training_step", "timestamp": 1782394779.609161, "step": 435, "max_steps": 938, "loss": 5.579047203063965, "lr": 0.02, "adamw_lr": 0.0005, "elapsed_time": 454.84535002708435, "prnt": false}
{"event": "training_step", "timestamp": 1782394780.5389729, "step": 436, "max_steps": 938, "loss": 5.507606506347656, "lr": 0.02, "adamw_lr": 0.0005, "elapsed_time": 455.775160074234, "prnt": false}
{"event": "training_step", "timestamp": 1782394781.580703, "step": 437, "max_steps": 938, "loss": 5.535833358764648, "lr": 0.02, "adamw_lr": 0.0005, "elapsed_time": 456.81689190864563, "prnt": false}
{"event": "training_step", "timestamp": 1782394782.541486, "step": 438, "max_steps": 938, "loss": 5.619193077087402, "lr": 0.02, "adamw_lr": 0.0005, "elapsed_time": 457.77767395973206, "prnt": false}
{"event": "training_step", "timestamp": 1782394783.475552, "step": 439, "max_steps": 938, "loss": 5.579302787780762, "lr": 0.02, "adamw_lr": 0.0005, "elapsed_time": 458.71173882484436, "prnt": false}
{"event": "training_step", "timestamp": 1782394784.564387, "step": 440, "max_steps": 938, "loss": 5.621963024139404, "lr": 0.02, "adamw_lr": 0.0005, "elapsed_time": 459.80057406425476, "prnt": false}
{"event": "validation_step", "timestamp": 1782394788.442915, "step": 440, "max_steps": 938, "loss": 1.2317735309220124, "ema": true, "elapsed_time": 459.80057406425476}
{"event": "training_step", "timestamp": 1782394789.258086, "step": 441, "max_steps": 938, "loss": 5.605835914611816, "lr": 0.02, "adamw_lr": 0.0005, "elapsed_time": 464.4942741394043, "prnt": false}
{"event": "training_step", "timestamp": 1782394790.2592409, "step": 442, "max_steps": 938, "loss": 5.550045013427734, "lr": 0.02, "adamw_lr": 0.0005, "elapsed_time": 465.4954299926758, "prnt": false}
{"event": "training_step", "timestamp": 1782394791.293132, "step": 443, "max_steps": 938, "loss": 5.622631549835205, "lr": 0.02, "adamw_lr": 0.0005, "elapsed_time": 466.5293200016022, "prnt": false}
{"event": "training_step", "timestamp": 1782394792.228914, "step": 444, "max_steps": 938, "loss": 5.5133056640625, "lr": 0.02, "adamw_lr": 0.0005, "elapsed_time": 467.46510219573975, "prnt": false}
{"event": "training_step", "timestamp": 1782394793.225556, "step": 445, "max_steps": 938, "loss": 5.5647687911987305, "lr": 0.02, "adamw_lr": 0.0005, "elapsed_time": 468.4617450237274, "prnt": false}
{"event": "training_step", "timestamp": 1782394794.225955, "step": 446, "max_steps": 938, "loss": 5.522413730621338, "lr": 0.02, "adamw_lr": 0.0005, "elapsed_time": 469.46214413642883, "prnt": false}
{"event": "training_step", "timestamp": 1782394795.1580899, "step": 447, "max_steps": 938, "loss": 5.545370101928711, "lr": 0.02, "adamw_lr": 0.0005, "elapsed_time": 470.394278049469, "prnt": false}
{"event": "training_step", "timestamp": 1782394796.150578, "step": 448, "max_steps": 938, "loss": 5.4923858642578125, "lr": 0.02, "adamw_lr": 0.0005, "elapsed_time": 471.38676619529724, "prnt": false}
{"event": "training_step", "timestamp": 1782394797.108117, "step": 449, "max_steps": 938, "loss": 5.552867889404297, "lr": 0.02, "adamw_lr": 0.0005, "elapsed_time": 472.34430599212646, "prnt": false}
{"event": "training_step", "timestamp": 1782394798.04293, "step": 450, "max_steps": 938, "loss": 5.572809219360352, "lr": 0.02, "adamw_lr": 0.0005, "elapsed_time": 473.2791180610657, "prnt": false}
{"event": "training_step", "timestamp": 1782394799.056701, "step": 451, "max_steps": 938, "loss": 5.510977745056152, "lr": 0.02, "adamw_lr": 0.0005, "elapsed_time": 474.2928898334503, "prnt": false}
{"event": "training_step", "timestamp": 1782394799.93825, "step": 452, "max_steps": 938, "loss": 5.630544662475586, "lr": 0.02, "adamw_lr": 0.0005, "elapsed_time": 475.17443895339966, "prnt": false}
{"event": "training_step", "timestamp": 1782394800.805679, "step": 453, "max_steps": 938, "loss": 5.6021318435668945, "lr": 0.02, "adamw_lr": 0.0005, "elapsed_time": 476.041867017746, "prnt": false}
{"event": "training_step", "timestamp": 1782394801.8258429, "step": 454, "max_steps": 938, "loss": 5.510034084320068, "lr": 0.02, "adamw_lr": 0.0005, "elapsed_time": 477.0620319843292, "prnt": false}
{"event": "training_step", "timestamp": 1782394802.7408981, "step": 455, "max_steps": 938, "loss": 5.532210350036621, "lr": 0.02, "adamw_lr": 0.0005, "elapsed_time": 477.977087020874, "prnt": false}
{"event": "training_step", "timestamp": 1782394803.6610281, "step": 456, "max_steps": 938, "loss": 5.51749324798584, "lr": 0.02, "adamw_lr": 0.0005, "elapsed_time": 478.89721608161926, "prnt": false}
{"event": "training_step", "timestamp": 1782394804.695358, "step": 457, "max_steps": 938, "loss": 5.535987854003906, "lr": 0.02, "adamw_lr": 0.0005, "elapsed_time": 479.9315469264984, "prnt": false}
{"event": "training_step", "timestamp": 1782394805.588526, "step": 458, "max_steps": 938, "loss": 5.5172953605651855, "lr": 0.02, "adamw_lr": 0.0005, "elapsed_time": 480.8247139453888, "prnt": false}
{"event": "training_step", "timestamp": 1782394806.478137, "step": 459, "max_steps": 938, "loss": 5.5363311767578125, "lr": 0.02, "adamw_lr": 0.0005, "elapsed_time": 481.71432614326477, "prnt": false}
{"event": "training_step", "timestamp": 1782394807.529483, "step": 460, "max_steps": 938, "loss": 5.497163772583008, "lr": 0.02, "adamw_lr": 0.0005, "elapsed_time": 482.7656719684601, "prnt": false}
{"event": "training_step", "timestamp": 1782394808.415406, "step": 461, "max_steps": 938, "loss": 5.491151809692383, "lr": 0.02, "adamw_lr": 0.0005, "elapsed_time": 483.6515951156616, "prnt": false}
{"event": "training_step", "timestamp": 1782394809.2832582, "step": 462, "max_steps": 938, "loss": 5.592062473297119, "lr": 0.02, "adamw_lr": 0.0005, "elapsed_time": 484.51944613456726, "prnt": false}
{"event": "training_step", "timestamp": 1782394810.2818692, "step": 463, "max_steps": 938, "loss": 5.5943474769592285, "lr": 0.02, "adamw_lr": 0.0005, "elapsed_time": 485.51805806159973, "prnt": false}
{"event": "training_step", "timestamp": 1782394811.216527, "step": 464, "max_steps": 938, "loss": 5.625220775604248, "lr": 0.02, "adamw_lr": 0.0005, "elapsed_time": 486.4527151584625, "prnt": false}
{"event": "training_step", "timestamp": 1782394812.1821802, "step": 465, "max_steps": 938, "loss": 5.59481954574585, "lr": 0.02, "adamw_lr": 0.0005, "elapsed_time": 487.41836810112, "prnt": false}
{"event": "training_step", "timestamp": 1782394813.272395, "step": 466, "max_steps": 938, "loss": 5.503654479980469, "lr": 0.02, "adamw_lr": 0.0005, "elapsed_time": 488.50858306884766, "prnt": false}
{"event": "training_step", "timestamp": 1782394814.2249742, "step": 467, "max_steps": 938, "loss": 5.509653091430664, "lr": 0.02, "adamw_lr": 0.0005, "elapsed_time": 489.4611620903015, "prnt": false}
{"event": "training_step", "timestamp": 1782394815.281842, "step": 468, "max_steps": 938, "loss": 5.470475196838379, "lr": 0.02, "adamw_lr": 0.0005, "elapsed_time": 490.518030166626, "prnt": false}
{"event": "training_step", "timestamp": 1782394816.3379588, "step": 469, "max_steps": 938, "loss": 5.517295837402344, "lr": 0.02, "adamw_lr": 0.0005, "elapsed_time": 491.57414722442627, "prnt": false}
{"event": "training_step", "timestamp": 1782394817.3867562, "step": 470, "max_steps": 938, "loss": 5.4356184005737305, "lr": 0.02, "adamw_lr": 0.0005, "elapsed_time": 492.6229429244995, "prnt": false}
{"event": "training_step", "timestamp": 1782394818.481552, "step": 471, "max_steps": 938, "loss": 5.5366997718811035, "lr": 0.02, "adamw_lr": 0.0005, "elapsed_time": 493.7177400588989, "prnt": false}
{"event": "training_step", "timestamp": 1782394819.570019, "step": 472, "max_steps": 938, "loss": 5.497862815856934, "lr": 0.02, "adamw_lr": 0.0005, "elapsed_time": 494.8062059879303, "prnt": false}
{"event": "training_step", "timestamp": 1782394820.651202, "step": 473, "max_steps": 938, "loss": 5.533284664154053, "lr": 0.02, "adamw_lr": 0.0005, "elapsed_time": 495.88738894462585, "prnt": false}
{"event": "training_step", "timestamp": 1782394821.61538, "step": 474, "max_steps": 938, "loss": 5.5064778327941895, "lr": 0.02, "adamw_lr": 0.0005, "elapsed_time": 496.8515667915344, "prnt": false}
{"event": "training_step", "timestamp": 1782394822.672637, "step": 475, "max_steps": 938, "loss": 5.432965278625488, "lr": 0.02, "adamw_lr": 0.0005, "elapsed_time": 497.9088258743286, "prnt": false}
{"event": "training_step", "timestamp": 1782394823.5430741, "step": 476, "max_steps": 938, "loss": 5.482550144195557, "lr": 0.02, "adamw_lr": 0.0005, "elapsed_time": 498.77926301956177, "prnt": false}
{"event": "training_step", "timestamp": 1782394824.398389, "step": 477, "max_steps": 938, "loss": 5.555001735687256, "lr": 0.02, "adamw_lr": 0.0005, "elapsed_time": 499.63457798957825, "prnt": false}
{"event": "training_step", "timestamp": 1782394825.266216, "step": 478, "max_steps": 938, "loss": 5.505779266357422, "lr": 0.02, "adamw_lr": 0.0005, "elapsed_time": 500.5024049282074, "prnt": false}
{"event": "training_step", "timestamp": 1782394826.11106, "step": 479, "max_steps": 938, "loss": 5.494251728057861, "lr": 0.02, "adamw_lr": 0.0005, "elapsed_time": 501.3472490310669, "prnt": false}
{"event": "training_step", "timestamp": 1782394826.9613922, "step": 480, "max_steps": 938, "loss": 5.538887023925781, "lr": 0.02, "adamw_lr": 0.0005, "elapsed_time": 502.19758009910583, "prnt": false}
{"event": "training_step", "timestamp": 1782394827.7934878, "step": 481, "max_steps": 938, "loss": 5.540926933288574, "lr": 0.02, "adamw_lr": 0.0005, "elapsed_time": 503.02967715263367, "prnt": false}
{"event": "training_step", "timestamp": 1782394828.644629, "step": 482, "max_steps": 938, "loss": 5.474597454071045, "lr": 0.02, "adamw_lr": 0.0005, "elapsed_time": 503.88081789016724, "prnt": false}
{"event": "training_step", "timestamp": 1782394829.5103512, "step": 483, "max_steps": 938, "loss": 5.507439136505127, "lr": 0.02, "adamw_lr": 0.0005, "elapsed_time": 504.7465400695801, "prnt": false}
{"event": "training_step", "timestamp": 1782394830.452859, "step": 484, "max_steps": 938, "loss": 5.4362287521362305, "lr": 0.02, "adamw_lr": 0.0005, "elapsed_time": 505.6890470981598, "prnt": false}
{"event": "validation_step", "timestamp": 1782394834.7623959, "step": 484, "max_steps": 938, "loss": 1.220931795075989, "ema": true, "elapsed_time": 505.6890470981598}
{"event": "training_step", "timestamp": 1782394835.5808089, "step": 485, "max_steps": 938, "loss": 5.51547384262085, "lr": 0.02, "adamw_lr": 0.0005, "elapsed_time": 510.81699800491333, "prnt": false}
{"event": "training_step", "timestamp": 1782394836.450604, "step": 486, "max_steps": 938, "loss": 5.452413558959961, "lr": 0.02, "adamw_lr": 0.0005, "elapsed_time": 511.68679189682007, "prnt": false}
{"event": "training_step", "timestamp": 1782394837.318091, "step": 487, "max_steps": 938, "loss": 5.501219749450684, "lr": 0.02, "adamw_lr": 0.0005, "elapsed_time": 512.554279088974, "prnt": false}
{"event": "training_step", "timestamp": 1782394838.20304, "step": 488, "max_steps": 938, "loss": 5.508217811584473, "lr": 0.02, "adamw_lr": 0.0005, "elapsed_time": 513.4392290115356, "prnt": false}
{"event": "training_step", "timestamp": 1782394839.084308, "step": 489, "max_steps": 938, "loss": 5.4904465675354, "lr": 0.02, "adamw_lr": 0.0005, "elapsed_time": 514.3204958438873, "prnt": false}
{"event": "training_step", "timestamp": 1782394839.9584908, "step": 490, "max_steps": 938, "loss": 5.443001747131348, "lr": 0.02, "adamw_lr": 0.0005, "elapsed_time": 515.1946790218353, "prnt": false}
{"event": "training_step", "timestamp": 1782394840.85551, "step": 491, "max_steps": 938, "loss": 5.4406819343566895, "lr": 0.02, "adamw_lr": 0.0005, "elapsed_time": 516.0916979312897, "prnt": false}
{"event": "training_step", "timestamp": 1782394841.758068, "step": 492, "max_steps": 938, "loss": 5.522294998168945, "lr": 0.02, "adamw_lr": 0.0005, "elapsed_time": 516.9942569732666, "prnt": false}
{"event": "training_step", "timestamp": 1782394842.649236, "step": 493, "max_steps": 938, "loss": 5.434744834899902, "lr": 0.02, "adamw_lr": 0.0005, "elapsed_time": 517.8854248523712, "prnt": false}
{"event": "training_step", "timestamp": 1782394843.50557, "step": 494, "max_steps": 938, "loss": 5.432254314422607, "lr": 0.02, "adamw_lr": 0.0005, "elapsed_time": 518.741758108139, "prnt": false}
{"event": "training_step", "timestamp": 1782394844.3732522, "step": 495, "max_steps": 938, "loss": 5.448910713195801, "lr": 0.02, "adamw_lr": 0.0005, "elapsed_time": 519.6094400882721, "prnt": false}
{"event": "training_step", "timestamp": 1782394845.266019, "step": 496, "max_steps": 938, "loss": 5.459767818450928, "lr": 0.02, "adamw_lr": 0.0005, "elapsed_time": 520.5022079944611, "prnt": false}
{"event": "training_step", "timestamp": 1782394846.1230779, "step": 497, "max_steps": 938, "loss": 5.421483993530273, "lr": 0.02, "adamw_lr": 0.0005, "elapsed_time": 521.3592672348022, "prnt": false}
{"event": "training_step", "timestamp": 1782394846.9972649, "step": 498, "max_steps": 938, "loss": 5.576565742492676, "lr": 0.02, "adamw_lr": 0.0005, "elapsed_time": 522.2334530353546, "prnt": false}
{"event": "training_step", "timestamp": 1782394847.856991, "step": 499, "max_steps": 938, "loss": 5.485003471374512, "lr": 0.02, "adamw_lr": 0.0005, "elapsed_time": 523.093178987503, "prnt": false}
{"event": "training_step", "timestamp": 1782394848.7062972, "step": 500, "max_steps": 938, "loss": 5.4531168937683105, "lr": 0.02, "adamw_lr": 0.0005, "elapsed_time": 523.9424850940704, "prnt": false}
{"event": "training_step", "timestamp": 1782394849.5574899, "step": 501, "max_steps": 938, "loss": 5.507092475891113, "lr": 0.02, "adamw_lr": 0.0005, "elapsed_time": 524.7936792373657, "prnt": false}
{"event": "training_step", "timestamp": 1782394850.456608, "step": 502, "max_steps": 938, "loss": 5.459547996520996, "lr": 0.02, "adamw_lr": 0.0005, "elapsed_time": 525.6927950382233, "prnt": false}
{"event": "training_step", "timestamp": 1782394851.4614599, "step": 503, "max_steps": 938, "loss": 5.491064548492432, "lr": 0.02, "adamw_lr": 0.0005, "elapsed_time": 526.6976480484009, "prnt": false}
{"event": "training_step", "timestamp": 1782394852.408524, "step": 504, "max_steps": 938, "loss": 5.45452880859375, "lr": 0.02, "adamw_lr": 0.0005, "elapsed_time": 527.6447110176086, "prnt": false}
{"event": "training_step", "timestamp": 1782394853.3549361, "step": 505, "max_steps": 938, "loss": 5.522502899169922, "lr": 0.02, "adamw_lr": 0.0005, "elapsed_time": 528.5911250114441, "prnt": false}
{"event": "training_step", "timestamp": 1782394854.393045, "step": 506, "max_steps": 938, "loss": 5.430960655212402, "lr": 0.02, "adamw_lr": 0.0005, "elapsed_time": 529.6292340755463, "prnt": false}
{"event": "training_step", "timestamp": 1782394855.336094, "step": 507, "max_steps": 938, "loss": 5.456188201904297, "lr": 0.02, "adamw_lr": 0.0005, "elapsed_time": 530.5722830295563, "prnt": false}
{"event": "training_step", "timestamp": 1782394856.2368908, "step": 508, "max_steps": 938, "loss": 5.460065841674805, "lr": 0.02, "adamw_lr": 0.0005, "elapsed_time": 531.4730780124664, "prnt": false}
{"event": "training_step", "timestamp": 1782394857.22635, "step": 509, "max_steps": 938, "loss": 5.47124719619751, "lr": 0.02, "adamw_lr": 0.0005, "elapsed_time": 532.4625380039215, "prnt": false}
{"event": "training_step", "timestamp": 1782394858.146605, "step": 510, "max_steps": 938, "loss": 5.4234232902526855, "lr": 0.02, "adamw_lr": 0.0005, "elapsed_time": 533.3827929496765, "prnt": false}
{"event": "training_step", "timestamp": 1782394859.064519, "step": 511, "max_steps": 938, "loss": 5.483848571777344, "lr": 0.02, "adamw_lr": 0.0005, "elapsed_time": 534.3007080554962, "prnt": false}
{"event": "training_step", "timestamp": 1782394860.113533, "step": 512, "max_steps": 938, "loss": 5.453279495239258, "lr": 0.02, "adamw_lr": 0.0005, "elapsed_time": 535.3497211933136, "prnt": false}
{"event": "training_step", "timestamp": 1782394861.051905, "step": 513, "max_steps": 938, "loss": 5.448439598083496, "lr": 0.02, "adamw_lr": 0.0005, "elapsed_time": 536.2880930900574, "prnt": false}
{"event": "training_step", "timestamp": 1782394861.96268, "step": 514, "max_steps": 938, "loss": 5.438383102416992, "lr": 0.02, "adamw_lr": 0.0005, "elapsed_time": 537.1988689899445, "prnt": false}
{"event": "training_step", "timestamp": 1782394862.875802, "step": 515, "max_steps": 938, "loss": 5.352115631103516, "lr": 0.02, "adamw_lr": 0.0005, "elapsed_time": 538.1119890213013, "prnt": false}
{"event": "training_step", "timestamp": 1782394863.8384151, "step": 516, "max_steps": 938, "loss": 5.508051872253418, "lr": 0.02, "adamw_lr": 0.0005, "elapsed_time": 539.0746021270752, "prnt": false}
{"event": "training_step", "timestamp": 1782394864.8119512, "step": 517, "max_steps": 938, "loss": 5.4737548828125, "lr": 0.02, "adamw_lr": 0.0005, "elapsed_time": 540.0481390953064, "prnt": false}
{"event": "training_step", "timestamp": 1782394865.7102249, "step": 518, "max_steps": 938, "loss": 5.420234680175781, "lr": 0.02, "adamw_lr": 0.0005, "elapsed_time": 540.946414232254, "prnt": false}
{"event": "training_step", "timestamp": 1782394866.627477, "step": 519, "max_steps": 938, "loss": 5.438436031341553, "lr": 0.02, "adamw_lr": 0.0005, "elapsed_time": 541.8636648654938, "prnt": false}
{"event": "training_step", "timestamp": 1782394867.6222038, "step": 520, "max_steps": 938, "loss": 5.478891372680664, "lr": 0.02, "adamw_lr": 0.0005, "elapsed_time": 542.8583931922913, "prnt": false}
{"event": "training_step", "timestamp": 1782394868.4921842, "step": 521, "max_steps": 938, "loss": 5.423967361450195, "lr": 0.02, "adamw_lr": 0.0005, "elapsed_time": 543.7283720970154, "prnt": false}
{"event": "training_step", "timestamp": 1782394869.401494, "step": 522, "max_steps": 938, "loss": 5.461991310119629, "lr": 0.02, "adamw_lr": 0.0005, "elapsed_time": 544.6376819610596, "prnt": false}
{"event": "training_step", "timestamp": 1782394870.386732, "step": 523, "max_steps": 938, "loss": 5.41343879699707, "lr": 0.02, "adamw_lr": 0.0005, "elapsed_time": 545.6229200363159, "prnt": false}
{"event": "training_step", "timestamp": 1782394871.338919, "step": 524, "max_steps": 938, "loss": 5.4109601974487305, "lr": 0.02, "adamw_lr": 0.0005, "elapsed_time": 546.5751080513, "prnt": false}
{"event": "training_step", "timestamp": 1782394872.2830431, "step": 525, "max_steps": 938, "loss": 5.366891860961914, "lr": 0.02, "adamw_lr": 0.0005, "elapsed_time": 547.5192320346832, "prnt": false}
{"event": "training_step", "timestamp": 1782394873.305689, "step": 526, "max_steps": 938, "loss": 5.433665752410889, "lr": 0.02, "adamw_lr": 0.0005, "elapsed_time": 548.5418779850006, "prnt": false}
{"event": "training_step", "timestamp": 1782394874.303067, "step": 527, "max_steps": 938, "loss": 5.421802043914795, "lr": 0.02, "adamw_lr": 0.0005, "elapsed_time": 549.5392560958862, "prnt": false}
{"event": "training_step", "timestamp": 1782394875.325621, "step": 528, "max_steps": 938, "loss": 5.404544830322266, "lr": 0.02, "adamw_lr": 0.0005, "elapsed_time": 550.5618090629578, "prnt": false}
{"event": "validation_step", "timestamp": 1782394879.28637, "step": 528, "max_steps": 938, "loss": 1.2112612619078644, "ema": true, "elapsed_time": 550.5618090629578}
{"event": "training_step", "timestamp": 1782394880.0660129, "step": 529, "max_steps": 938, "loss": 5.471712589263916, "lr": 0.02, "adamw_lr": 0.0005, "elapsed_time": 555.3021981716156, "prnt": false}
{"event": "training_step", "timestamp": 1782394881.009689, "step": 530, "max_steps": 938, "loss": 5.422147274017334, "lr": 0.02, "adamw_lr": 0.0005, "elapsed_time": 556.2458770275116, "prnt": false}
{"event": "training_step", "timestamp": 1782394881.975635, "step": 531, "max_steps": 938, "loss": 5.443713188171387, "lr": 0.02, "adamw_lr": 0.0005, "elapsed_time": 557.2118239402771, "prnt": false}
{"event": "training_step", "timestamp": 1782394882.8997052, "step": 532, "max_steps": 938, "loss": 5.492349624633789, "lr": 0.02, "adamw_lr": 0.0005, "elapsed_time": 558.1358931064606, "prnt": false}
{"event": "training_step", "timestamp": 1782394883.814763, "step": 533, "max_steps": 938, "loss": 5.407698631286621, "lr": 0.02, "adamw_lr": 0.0005, "elapsed_time": 559.0509510040283, "prnt": false}
{"event": "training_step", "timestamp": 1782394884.847209, "step": 534, "max_steps": 938, "loss": 5.4567036628723145, "lr": 0.02, "adamw_lr": 0.0005, "elapsed_time": 560.0833978652954, "prnt": false}
{"event": "training_step", "timestamp": 1782394885.728441, "step": 535, "max_steps": 938, "loss": 5.4101362228393555, "lr": 0.02, "adamw_lr": 0.0005, "elapsed_time": 560.9646279811859, "prnt": false}
{"event": "training_step", "timestamp": 1782394886.6126459, "step": 536, "max_steps": 938, "loss": 5.411552429199219, "lr": 0.02, "adamw_lr": 0.0005, "elapsed_time": 561.8488340377808, "prnt": false}
{"event": "training_step", "timestamp": 1782394887.595883, "step": 537, "max_steps": 938, "loss": 5.439659595489502, "lr": 0.02, "adamw_lr": 0.0005, "elapsed_time": 562.832072019577, "prnt": false}
{"event": "training_step", "timestamp": 1782394888.495293, "step": 538, "max_steps": 938, "loss": 5.372010231018066, "lr": 0.02, "adamw_lr": 0.0005, "elapsed_time": 563.7314820289612, "prnt": false}
{"event": "training_step", "timestamp": 1782394889.3886452, "step": 539, "max_steps": 938, "loss": 5.364246368408203, "lr": 0.02, "adamw_lr": 0.0005, "elapsed_time": 564.624834060669, "prnt": false}
{"event": "training_step", "timestamp": 1782394890.4603782, "step": 540, "max_steps": 938, "loss": 5.43079137802124, "lr": 0.02, "adamw_lr": 0.0005, "elapsed_time": 565.6965670585632, "prnt": false}
{"event": "training_step", "timestamp": 1782394891.372682, "step": 541, "max_steps": 938, "loss": 5.388293266296387, "lr": 0.02, "adamw_lr": 0.0005, "elapsed_time": 566.6088709831238, "prnt": false}
{"event": "training_step", "timestamp": 1782394892.269571, "step": 542, "max_steps": 938, "loss": 5.415972709655762, "lr": 0.02, "adamw_lr": 0.0005, "elapsed_time": 567.5057590007782, "prnt": false}
{"event": "training_step", "timestamp": 1782394893.249991, "step": 543, "max_steps": 938, "loss": 5.384772777557373, "lr": 0.02, "adamw_lr": 0.0005, "elapsed_time": 568.4861791133881, "prnt": false}
{"event": "training_step", "timestamp": 1782394894.1598022, "step": 544, "max_steps": 938, "loss": 5.470983028411865, "lr": 0.02, "adamw_lr": 0.0005, "elapsed_time": 569.3959901332855, "prnt": false}
{"event": "training_step", "timestamp": 1782394895.062048, "step": 545, "max_steps": 938, "loss": 5.389690399169922, "lr": 0.02, "adamw_lr": 0.0005, "elapsed_time": 570.2982349395752, "prnt": false}
{"event": "training_step", "timestamp": 1782394896.086336, "step": 546, "max_steps": 938, "loss": 5.393451690673828, "lr": 0.02, "adamw_lr": 0.0005, "elapsed_time": 571.3225250244141, "prnt": false}
{"event": "training_step", "timestamp": 1782394896.958694, "step": 547, "max_steps": 938, "loss": 5.3559889793396, "lr": 0.02, "adamw_lr": 0.0005, "elapsed_time": 572.194883108139, "prnt": false}
{"event": "training_step", "timestamp": 1782394897.8248808, "step": 548, "max_steps": 938, "loss": 5.384444236755371, "lr": 0.02, "adamw_lr": 0.0005, "elapsed_time": 573.0610690116882, "prnt": false}
{"event": "training_step", "timestamp": 1782394898.837101, "step": 549, "max_steps": 938, "loss": 5.3555450439453125, "lr": 0.02, "adamw_lr": 0.0005, "elapsed_time": 574.0732889175415, "prnt": false}
{"event": "training_step", "timestamp": 1782394899.711369, "step": 550, "max_steps": 938, "loss": 5.369226455688477, "lr": 0.02, "adamw_lr": 0.0005, "elapsed_time": 574.9475569725037, "prnt": false}
{"event": "training_step", "timestamp": 1782394900.5997372, "step": 551, "max_steps": 938, "loss": 5.356424331665039, "lr": 0.02, "adamw_lr": 0.0005, "elapsed_time": 575.835921049118, "prnt": false}
{"event": "training_step", "timestamp": 1782394901.5780668, "step": 552, "max_steps": 938, "loss": 5.406260013580322, "lr": 0.02, "adamw_lr": 0.0005, "elapsed_time": 576.8142540454865, "prnt": false}
{"event": "training_step", "timestamp": 1782394902.530943, "step": 553, "max_steps": 938, "loss": 5.381669044494629, "lr": 0.02, "adamw_lr": 0.0005, "elapsed_time": 577.7671320438385, "prnt": false}
{"event": "training_step", "timestamp": 1782394903.433532, "step": 554, "max_steps": 938, "loss": 5.404323577880859, "lr": 0.02, "adamw_lr": 0.0005, "elapsed_time": 578.6697201728821, "prnt": false}
{"event": "training_step", "timestamp": 1782394904.464273, "step": 555, "max_steps": 938, "loss": 5.37744140625, "lr": 0.02, "adamw_lr": 0.0005, "elapsed_time": 579.7004601955414, "prnt": false}
{"event": "training_step", "timestamp": 1782394905.417238, "step": 556, "max_steps": 938, "loss": 5.395394802093506, "lr": 0.02, "adamw_lr": 0.0005, "elapsed_time": 580.6534259319305, "prnt": false}
{"event": "training_step", "timestamp": 1782394906.297578, "step": 557, "max_steps": 938, "loss": 5.306997299194336, "lr": 0.02, "adamw_lr": 0.0005, "elapsed_time": 581.5337660312653, "prnt": false}
{"event": "training_step", "timestamp": 1782394907.287319, "step": 558, "max_steps": 938, "loss": 5.367861270904541, "lr": 0.02, "adamw_lr": 0.0005, "elapsed_time": 582.5235071182251, "prnt": false}
{"event": "training_step", "timestamp": 1782394908.1971269, "step": 559, "max_steps": 938, "loss": 5.386831283569336, "lr": 0.02, "adamw_lr": 0.0005, "elapsed_time": 583.433315038681, "prnt": false}
{"event": "training_step", "timestamp": 1782394909.08285, "step": 560, "max_steps": 938, "loss": 5.368635177612305, "lr": 0.02, "adamw_lr": 0.0005, "elapsed_time": 584.319039106369, "prnt": false}
{"event": "training_step", "timestamp": 1782394910.060433, "step": 561, "max_steps": 938, "loss": 5.327015399932861, "lr": 0.02, "adamw_lr": 0.0005, "elapsed_time": 585.2966210842133, "prnt": false}
{"event": "training_step", "timestamp": 1782394910.96324, "step": 562, "max_steps": 938, "loss": 5.361584663391113, "lr": 0.02, "adamw_lr": 0.0005, "elapsed_time": 586.1994280815125, "prnt": false}
{"event": "training_step", "timestamp": 1782394911.956513, "step": 563, "max_steps": 938, "loss": 5.295651435852051, "lr": 0.02, "adamw_lr": 0.0005, "elapsed_time": 587.1927011013031, "prnt": false}
{"event": "training_step", "timestamp": 1782394912.979773, "step": 564, "max_steps": 938, "loss": 5.347691059112549, "lr": 0.02, "adamw_lr": 0.0005, "elapsed_time": 588.215961933136, "prnt": false}
{"event": "training_step", "timestamp": 1782394913.8904169, "step": 565, "max_steps": 938, "loss": 5.298982620239258, "lr": 0.02, "adamw_lr": 0.0005, "elapsed_time": 589.1266050338745, "prnt": false}
{"event": "training_step", "timestamp": 1782394914.763267, "step": 566, "max_steps": 938, "loss": 5.373172760009766, "lr": 0.02, "adamw_lr": 0.0005, "elapsed_time": 589.9994549751282, "prnt": false}
{"event": "training_step", "timestamp": 1782394915.6428459, "step": 567, "max_steps": 938, "loss": 5.352345943450928, "lr": 0.02, "adamw_lr": 0.0005, "elapsed_time": 590.8790338039398, "prnt": false}
{"event": "training_step", "timestamp": 1782394916.519819, "step": 568, "max_steps": 938, "loss": 5.380210876464844, "lr": 0.02, "adamw_lr": 0.0005, "elapsed_time": 591.7560069561005, "prnt": false}
{"event": "training_step", "timestamp": 1782394917.356559, "step": 569, "max_steps": 938, "loss": 5.341835021972656, "lr": 0.02, "adamw_lr": 0.0005, "elapsed_time": 592.5927481651306, "prnt": false}
{"event": "training_step", "timestamp": 1782394918.206202, "step": 570, "max_steps": 938, "loss": 5.272457122802734, "lr": 0.02, "adamw_lr": 0.0005, "elapsed_time": 593.4423911571503, "prnt": false}
{"event": "training_step", "timestamp": 1782394919.0656939, "step": 571, "max_steps": 938, "loss": 5.308874130249023, "lr": 0.02, "adamw_lr": 0.0005, "elapsed_time": 594.3018820285797, "prnt": false}
{"event": "training_step", "timestamp": 1782394919.9142451, "step": 572, "max_steps": 938, "loss": 5.384437561035156, "lr": 0.02, "adamw_lr": 0.0005, "elapsed_time": 595.1504330635071, "prnt": false}
{"event": "validation_step", "timestamp": 1782394923.686177, "step": 572, "max_steps": 938, "loss": 1.2029623756833956, "ema": true, "elapsed_time": 595.1504330635071}
{"event": "training_step", "timestamp": 1782394924.4896178, "step": 573, "max_steps": 938, "loss": 5.336923122406006, "lr": 0.02, "adamw_lr": 0.0005, "elapsed_time": 599.7258050441742, "prnt": false}
{"event": "training_step", "timestamp": 1782394925.492317, "step": 574, "max_steps": 938, "loss": 5.3897552490234375, "lr": 0.02, "adamw_lr": 0.0005, "elapsed_time": 600.7285051345825, "prnt": false}
{"event": "training_step", "timestamp": 1782394926.414885, "step": 575, "max_steps": 938, "loss": 5.368860244750977, "lr": 0.02, "adamw_lr": 0.0005, "elapsed_time": 601.6510729789734, "prnt": false}
{"event": "training_step", "timestamp": 1782394927.2772028, "step": 576, "max_steps": 938, "loss": 5.32292366027832, "lr": 0.02, "adamw_lr": 0.0005, "elapsed_time": 602.5133919715881, "prnt": false}
{"event": "training_step", "timestamp": 1782394928.214933, "step": 577, "max_steps": 938, "loss": 5.383945465087891, "lr": 0.02, "adamw_lr": 0.0005, "elapsed_time": 603.4511208534241, "prnt": false}
{"event": "training_step", "timestamp": 1782394929.1747892, "step": 578, "max_steps": 938, "loss": 5.282562255859375, "lr": 0.02, "adamw_lr": 0.0005, "elapsed_time": 604.4109771251678, "prnt": false}
{"event": "training_step", "timestamp": 1782394930.024321, "step": 579, "max_steps": 938, "loss": 5.3372483253479, "lr": 0.02, "adamw_lr": 0.0005, "elapsed_time": 605.260509967804, "prnt": false}
{"event": "training_step", "timestamp": 1782394930.906244, "step": 580, "max_steps": 938, "loss": 5.2994771003723145, "lr": 0.02, "adamw_lr": 0.0005, "elapsed_time": 606.142431974411, "prnt": false}
{"event": "training_step", "timestamp": 1782394931.864071, "step": 581, "max_steps": 938, "loss": 5.321654319763184, "lr": 0.02, "adamw_lr": 0.0005, "elapsed_time": 607.100259065628, "prnt": false}
{"event": "training_step", "timestamp": 1782394932.762256, "step": 582, "max_steps": 938, "loss": 5.273265361785889, "lr": 0.02, "adamw_lr": 0.0005, "elapsed_time": 607.9984450340271, "prnt": false}
{"event": "training_step", "timestamp": 1782394933.71584, "step": 583, "max_steps": 938, "loss": 5.319994926452637, "lr": 0.02, "adamw_lr": 0.0005, "elapsed_time": 608.9520268440247, "prnt": false}
{"event": "training_step", "timestamp": 1782394934.743903, "step": 584, "max_steps": 938, "loss": 5.346800327301025, "lr": 0.02, "adamw_lr": 0.0005, "elapsed_time": 609.980092048645, "prnt": false}
{"event": "training_step", "timestamp": 1782394935.679253, "step": 585, "max_steps": 938, "loss": 5.288605690002441, "lr": 0.02, "adamw_lr": 0.0005, "elapsed_time": 610.9154419898987, "prnt": false}
{"event": "training_step", "timestamp": 1782394936.5661728, "step": 586, "max_steps": 938, "loss": 5.404855251312256, "lr": 0.02, "adamw_lr": 0.0005, "elapsed_time": 611.8023619651794, "prnt": false}
{"event": "training_step", "timestamp": 1782394937.43553, "step": 587, "max_steps": 938, "loss": 5.382909774780273, "lr": 0.02, "adamw_lr": 0.0005, "elapsed_time": 612.6717178821564, "prnt": false}
{"event": "training_step", "timestamp": 1782394938.279891, "step": 588, "max_steps": 938, "loss": 5.287135124206543, "lr": 0.02, "adamw_lr": 0.0005, "elapsed_time": 613.5160789489746, "prnt": false}
{"event": "training_step", "timestamp": 1782394939.140521, "step": 589, "max_steps": 938, "loss": 5.311345100402832, "lr": 0.02, "adamw_lr": 0.0005, "elapsed_time": 614.376708984375, "prnt": false}
{"event": "training_step", "timestamp": 1782394939.992765, "step": 590, "max_steps": 938, "loss": 5.300174236297607, "lr": 0.02, "adamw_lr": 0.0005, "elapsed_time": 615.2289538383484, "prnt": false}
{"event": "training_step", "timestamp": 1782394940.846436, "step": 591, "max_steps": 938, "loss": 5.299290657043457, "lr": 0.02, "adamw_lr": 0.0005, "elapsed_time": 616.0826239585876, "prnt": false}
{"event": "training_step", "timestamp": 1782394941.808383, "step": 592, "max_steps": 938, "loss": 5.3052754402160645, "lr": 0.02, "adamw_lr": 0.0005, "elapsed_time": 617.0445709228516, "prnt": false}
{"event": "training_step", "timestamp": 1782394942.791442, "step": 593, "max_steps": 938, "loss": 5.312667369842529, "lr": 0.02, "adamw_lr": 0.0005, "elapsed_time": 618.0276300907135, "prnt": false}
{"event": "training_step", "timestamp": 1782394943.778325, "step": 594, "max_steps": 938, "loss": 5.272942066192627, "lr": 0.02, "adamw_lr": 0.0005, "elapsed_time": 619.0145130157471, "prnt": false}
{"event": "training_step", "timestamp": 1782394944.803617, "step": 595, "max_steps": 938, "loss": 5.256141662597656, "lr": 0.02, "adamw_lr": 0.0005, "elapsed_time": 620.0398061275482, "prnt": false}
{"event": "training_step", "timestamp": 1782394945.811807, "step": 596, "max_steps": 938, "loss": 5.371878623962402, "lr": 0.02, "adamw_lr": 0.0005, "elapsed_time": 621.047994852066, "prnt": false}
{"event": "training_step", "timestamp": 1782394946.728828, "step": 597, "max_steps": 938, "loss": 5.361434459686279, "lr": 0.02, "adamw_lr": 0.0005, "elapsed_time": 621.9650161266327, "prnt": false}
{"event": "training_step", "timestamp": 1782394947.700098, "step": 598, "max_steps": 938, "loss": 5.391584873199463, "lr": 0.02, "adamw_lr": 0.0005, "elapsed_time": 622.9362859725952, "prnt": false}
{"event": "training_step", "timestamp": 1782394948.593746, "step": 599, "max_steps": 938, "loss": 5.373933792114258, "lr": 0.02, "adamw_lr": 0.0005, "elapsed_time": 623.829934835434, "prnt": false}
{"event": "training_step", "timestamp": 1782394949.480326, "step": 600, "max_steps": 938, "loss": 5.287822723388672, "lr": 0.02, "adamw_lr": 0.0005, "elapsed_time": 624.7165141105652, "prnt": false}
{"event": "training_step", "timestamp": 1782394950.482579, "step": 601, "max_steps": 938, "loss": 5.293773174285889, "lr": 0.02, "adamw_lr": 0.0005, "elapsed_time": 625.7187678813934, "prnt": false}
{"event": "training_step", "timestamp": 1782394951.338898, "step": 602, "max_steps": 938, "loss": 5.24586296081543, "lr": 0.02, "adamw_lr": 0.0005, "elapsed_time": 626.5750861167908, "prnt": false}
{"event": "training_step", "timestamp": 1782394952.199637, "step": 603, "max_steps": 938, "loss": 5.300250053405762, "lr": 0.02, "adamw_lr": 0.0005, "elapsed_time": 627.4358260631561, "prnt": false}
{"event": "training_step", "timestamp": 1782394953.09987, "step": 604, "max_steps": 938, "loss": 5.217288017272949, "lr": 0.02, "adamw_lr": 0.0005, "elapsed_time": 628.3360579013824, "prnt": false}
{"event": "training_step", "timestamp": 1782394954.081654, "step": 605, "max_steps": 938, "loss": 5.319642066955566, "lr": 0.02, "adamw_lr": 0.0005, "elapsed_time": 629.3178429603577, "prnt": false}
{"event": "training_step", "timestamp": 1782394954.969221, "step": 606, "max_steps": 938, "loss": 5.283700942993164, "lr": 0.02, "adamw_lr": 0.0005, "elapsed_time": 630.2054090499878, "prnt": false}
{"event": "training_step", "timestamp": 1782394955.868972, "step": 607, "max_steps": 938, "loss": 5.315832138061523, "lr": 0.02, "adamw_lr": 0.0005, "elapsed_time": 631.1051599979401, "prnt": false}
{"event": "training_step", "timestamp": 1782394956.797813, "step": 608, "max_steps": 938, "loss": 5.292031764984131, "lr": 0.02, "adamw_lr": 0.0005, "elapsed_time": 632.0340008735657, "prnt": false}
{"event": "training_step", "timestamp": 1782394957.744548, "step": 609, "max_steps": 938, "loss": 5.2238688468933105, "lr": 0.02, "adamw_lr": 0.0005, "elapsed_time": 632.9807360172272, "prnt": false}
{"event": "training_step", "timestamp": 1782394958.6158562, "step": 610, "max_steps": 938, "loss": 5.256165027618408, "lr": 0.02, "adamw_lr": 0.0005, "elapsed_time": 633.8520441055298, "prnt": false}
{"event": "training_step", "timestamp": 1782394959.554513, "step": 611, "max_steps": 938, "loss": 5.340972900390625, "lr": 0.02, "adamw_lr": 0.0005, "elapsed_time": 634.7907021045685, "prnt": false}
{"event": "training_step", "timestamp": 1782394960.4823549, "step": 612, "max_steps": 938, "loss": 5.3041582107543945, "lr": 0.02, "adamw_lr": 0.0005, "elapsed_time": 635.7185440063477, "prnt": false}
{"event": "training_step", "timestamp": 1782394961.379498, "step": 613, "max_steps": 938, "loss": 5.26937198638916, "lr": 0.02, "adamw_lr": 0.0005, "elapsed_time": 636.6156859397888, "prnt": false}
{"event": "training_step", "timestamp": 1782394962.350828, "step": 614, "max_steps": 938, "loss": 5.3267107009887695, "lr": 0.02, "adamw_lr": 0.0005, "elapsed_time": 637.5870161056519, "prnt": false}
{"event": "training_step", "timestamp": 1782394963.31892, "step": 615, "max_steps": 938, "loss": 5.313058376312256, "lr": 0.02, "adamw_lr": 0.0005, "elapsed_time": 638.5551090240479, "prnt": false}
{"event": "training_step", "timestamp": 1782394964.213999, "step": 616, "max_steps": 938, "loss": 5.263907432556152, "lr": 0.02, "adamw_lr": 0.0005, "elapsed_time": 639.4501881599426, "prnt": false}
{"event": "validation_step", "timestamp": 1782394968.110695, "step": 616, "max_steps": 938, "loss": 1.1959036747280478, "ema": true, "elapsed_time": 639.4501881599426}
{"event": "training_step", "timestamp": 1782394968.885649, "step": 617, "max_steps": 938, "loss": 5.30778694152832, "lr": 0.02, "adamw_lr": 0.0005, "elapsed_time": 644.121838092804, "prnt": false}
{"event": "training_step", "timestamp": 1782394969.739397, "step": 618, "max_steps": 938, "loss": 5.229354381561279, "lr": 0.02, "adamw_lr": 0.0005, "elapsed_time": 644.9755849838257, "prnt": false}
{"event": "training_step", "timestamp": 1782394970.586078, "step": 619, "max_steps": 938, "loss": 5.296182632446289, "lr": 0.02, "adamw_lr": 0.0005, "elapsed_time": 645.8222658634186, "prnt": false}
{"event": "training_step", "timestamp": 1782394971.564495, "step": 620, "max_steps": 938, "loss": 5.234928131103516, "lr": 0.02, "adamw_lr": 0.0005, "elapsed_time": 646.8006830215454, "prnt": false}
{"event": "training_step", "timestamp": 1782394972.457222, "step": 621, "max_steps": 938, "loss": 5.291295051574707, "lr": 0.02, "adamw_lr": 0.0005, "elapsed_time": 647.6934101581573, "prnt": false}
{"event": "training_step", "timestamp": 1782394973.3604941, "step": 622, "max_steps": 938, "loss": 5.303060531616211, "lr": 0.02, "adamw_lr": 0.0005, "elapsed_time": 648.596676826477, "prnt": false}
{"event": "training_step", "timestamp": 1782394974.349983, "step": 623, "max_steps": 938, "loss": 5.2832441329956055, "lr": 0.02, "adamw_lr": 0.0005, "elapsed_time": 649.5861718654633, "prnt": false}
{"event": "training_step", "timestamp": 1782394975.2577238, "step": 624, "max_steps": 938, "loss": 5.225568771362305, "lr": 0.02, "adamw_lr": 0.0005, "elapsed_time": 650.4939122200012, "prnt": false}
{"event": "training_step", "timestamp": 1782394976.1769118, "step": 625, "max_steps": 938, "loss": 5.239107608795166, "lr": 0.02, "adamw_lr": 0.0005, "elapsed_time": 651.4131011962891, "prnt": false}
{"event": "training_step", "timestamp": 1782394977.2054038, "step": 626, "max_steps": 938, "loss": 5.300152778625488, "lr": 0.02, "adamw_lr": 0.0005, "elapsed_time": 652.4415922164917, "prnt": false}
{"event": "training_step", "timestamp": 1782394978.082693, "step": 627, "max_steps": 938, "loss": 5.212710857391357, "lr": 0.02, "adamw_lr": 0.0005, "elapsed_time": 653.3188810348511, "prnt": false}
{"event": "training_step", "timestamp": 1782394978.947524, "step": 628, "max_steps": 938, "loss": 5.219488143920898, "lr": 0.02, "adamw_lr": 0.0005, "elapsed_time": 654.1837131977081, "prnt": false}
{"event": "training_step", "timestamp": 1782394979.896836, "step": 629, "max_steps": 938, "loss": 5.239203453063965, "lr": 0.02, "adamw_lr": 0.0005, "elapsed_time": 655.1330239772797, "prnt": false}
{"event": "training_step", "timestamp": 1782394980.798452, "step": 630, "max_steps": 938, "loss": 5.242486000061035, "lr": 0.02, "adamw_lr": 0.0005, "elapsed_time": 656.0346410274506, "prnt": false}
{"event": "training_step", "timestamp": 1782394981.688679, "step": 631, "max_steps": 938, "loss": 5.21538782119751, "lr": 0.02, "adamw_lr": 0.0005, "elapsed_time": 656.9248671531677, "prnt": false}
{"event": "training_step", "timestamp": 1782394982.677207, "step": 632, "max_steps": 938, "loss": 5.373785495758057, "lr": 0.02, "adamw_lr": 0.0005, "elapsed_time": 657.9133939743042, "prnt": false}
{"event": "training_step", "timestamp": 1782394983.613214, "step": 633, "max_steps": 938, "loss": 5.280592441558838, "lr": 0.02, "adamw_lr": 0.0005, "elapsed_time": 658.8494019508362, "prnt": false}
{"event": "training_step", "timestamp": 1782394984.516232, "step": 634, "max_steps": 938, "loss": 5.254950523376465, "lr": 0.02, "adamw_lr": 0.0005, "elapsed_time": 659.7524209022522, "prnt": false}
{"event": "training_step", "timestamp": 1782394985.471609, "step": 635, "max_steps": 938, "loss": 5.302725791931152, "lr": 0.02, "adamw_lr": 0.0005, "elapsed_time": 660.7077970504761, "prnt": false}
{"event": "training_step", "timestamp": 1782394986.418783, "step": 636, "max_steps": 938, "loss": 5.248961448669434, "lr": 0.02, "adamw_lr": 0.0005, "elapsed_time": 661.6549708843231, "prnt": false}
{"event": "training_step", "timestamp": 1782394987.2914839, "step": 637, "max_steps": 938, "loss": 5.285367012023926, "lr": 0.02, "adamw_lr": 0.0005, "elapsed_time": 662.5276732444763, "prnt": false}
{"event": "training_step", "timestamp": 1782394988.2420979, "step": 638, "max_steps": 938, "loss": 5.237292289733887, "lr": 0.02, "adamw_lr": 0.0005, "elapsed_time": 663.4782860279083, "prnt": false}
{"event": "training_step", "timestamp": 1782394989.162861, "step": 639, "max_steps": 938, "loss": 5.30769157409668, "lr": 0.02, "adamw_lr": 0.0005, "elapsed_time": 664.3990490436554, "prnt": false}
{"event": "training_step", "timestamp": 1782394990.0530272, "step": 640, "max_steps": 938, "loss": 5.224076747894287, "lr": 0.02, "adamw_lr": 0.0005, "elapsed_time": 665.2892150878906, "prnt": false}
{"event": "training_step", "timestamp": 1782394990.936255, "step": 641, "max_steps": 938, "loss": 5.243793964385986, "lr": 0.02, "adamw_lr": 0.0005, "elapsed_time": 666.1724419593811, "prnt": false}
{"event": "training_step", "timestamp": 1782394991.926857, "step": 642, "max_steps": 938, "loss": 5.261029243469238, "lr": 0.02, "adamw_lr": 0.0005, "elapsed_time": 667.1630449295044, "prnt": false}
{"event": "training_step", "timestamp": 1782394992.824708, "step": 643, "max_steps": 938, "loss": 5.279050350189209, "lr": 0.02, "adamw_lr": 0.0005, "elapsed_time": 668.0608961582184, "prnt": false}
{"event": "training_step", "timestamp": 1782394993.831991, "step": 644, "max_steps": 938, "loss": 5.219271659851074, "lr": 0.02, "adamw_lr": 0.0005, "elapsed_time": 669.0681788921356, "prnt": false}
{"event": "training_step", "timestamp": 1782394994.720157, "step": 645, "max_steps": 938, "loss": 5.279874324798584, "lr": 0.02, "adamw_lr": 0.0005, "elapsed_time": 669.9563457965851, "prnt": false}
{"event": "training_step", "timestamp": 1782394995.6281888, "step": 646, "max_steps": 938, "loss": 5.237246513366699, "lr": 0.02, "adamw_lr": 0.0005, "elapsed_time": 670.8643779754639, "prnt": false}
{"event": "training_step", "timestamp": 1782394996.66898, "step": 647, "max_steps": 938, "loss": 5.243875503540039, "lr": 0.02, "adamw_lr": 0.0005, "elapsed_time": 671.9051678180695, "prnt": false}
{"event": "training_step", "timestamp": 1782394997.541728, "step": 648, "max_steps": 938, "loss": 5.225131034851074, "lr": 0.02, "adamw_lr": 0.0005, "elapsed_time": 672.7779159545898, "prnt": false}
{"event": "training_step", "timestamp": 1782394998.399521, "step": 649, "max_steps": 938, "loss": 5.146425724029541, "lr": 0.02, "adamw_lr": 0.0005, "elapsed_time": 673.6357090473175, "prnt": false}
{"event": "training_step", "timestamp": 1782394999.382263, "step": 650, "max_steps": 938, "loss": 5.301297664642334, "lr": 0.02, "adamw_lr": 0.0005, "elapsed_time": 674.6184511184692, "prnt": false}
{"event": "training_step", "timestamp": 1782395000.2888849, "step": 651, "max_steps": 938, "loss": 5.274998664855957, "lr": 0.02, "adamw_lr": 0.0005, "elapsed_time": 675.525074005127, "prnt": false}
{"event": "training_step", "timestamp": 1782395001.170387, "step": 652, "max_steps": 938, "loss": 5.21788215637207, "lr": 0.02, "adamw_lr": 0.0005, "elapsed_time": 676.4065749645233, "prnt": false}
{"event": "training_step", "timestamp": 1782395002.1618161, "step": 653, "max_steps": 938, "loss": 5.24090576171875, "lr": 0.02, "adamw_lr": 0.0005, "elapsed_time": 677.3980040550232, "prnt": false}
{"event": "training_step", "timestamp": 1782395003.115912, "step": 654, "max_steps": 938, "loss": 5.27571439743042, "lr": 0.02, "adamw_lr": 0.0005, "elapsed_time": 678.3520970344543, "prnt": false}
{"event": "training_step", "timestamp": 1782395004.07492, "step": 655, "max_steps": 938, "loss": 5.224538326263428, "lr": 0.02, "adamw_lr": 0.0005, "elapsed_time": 679.3111081123352, "prnt": false}
{"event": "training_step", "timestamp": 1782395005.048983, "step": 656, "max_steps": 938, "loss": 5.267000675201416, "lr": 0.02, "adamw_lr": 0.0005, "elapsed_time": 680.2851710319519, "prnt": false}
{"event": "training_step", "timestamp": 1782395006.070622, "step": 657, "max_steps": 938, "loss": 5.218452453613281, "lr": 0.02, "adamw_lr": 0.0005, "elapsed_time": 681.3068099021912, "prnt": false}
{"event": "training_step", "timestamp": 1782395006.998768, "step": 658, "max_steps": 938, "loss": 5.213950157165527, "lr": 0.02, "adamw_lr": 0.0005, "elapsed_time": 682.2349572181702, "prnt": false}
{"event": "training_step", "timestamp": 1782395007.839102, "step": 659, "max_steps": 938, "loss": 5.177657127380371, "lr": 0.02, "adamw_lr": 0.0005, "elapsed_time": 683.0752899646759, "prnt": false}
{"event": "training_step", "timestamp": 1782395008.7688289, "step": 660, "max_steps": 938, "loss": 5.250892639160156, "lr": 0.02, "adamw_lr": 0.0005, "elapsed_time": 684.00501704216, "prnt": false}
{"event": "validation_step", "timestamp": 1782395012.675508, "step": 660, "max_steps": 938, "loss": 1.1895441521394314, "ema": true, "elapsed_time": 684.00501704216}
{"event": "training_step", "timestamp": 1782395013.485235, "step": 661, "max_steps": 938, "loss": 5.229188919067383, "lr": 0.02, "adamw_lr": 0.0005, "elapsed_time": 688.7214231491089, "prnt": false}
{"event": "training_step", "timestamp": 1782395014.3788118, "step": 662, "max_steps": 938, "loss": 5.216790676116943, "lr": 0.02, "adamw_lr": 0.0005, "elapsed_time": 689.6150000095367, "prnt": false}
{"event": "training_step", "timestamp": 1782395015.323484, "step": 663, "max_steps": 938, "loss": 5.277647972106934, "lr": 0.02, "adamw_lr": 0.0005, "elapsed_time": 690.5596721172333, "prnt": false}
{"event": "training_step", "timestamp": 1782395016.290548, "step": 664, "max_steps": 938, "loss": 5.212283611297607, "lr": 0.02, "adamw_lr": 0.0005, "elapsed_time": 691.5267331600189, "prnt": false}
{"event": "training_step", "timestamp": 1782395017.212537, "step": 665, "max_steps": 938, "loss": 5.250290870666504, "lr": 0.02, "adamw_lr": 0.0005, "elapsed_time": 692.4487249851227, "prnt": false}
{"event": "training_step", "timestamp": 1782395018.192391, "step": 666, "max_steps": 938, "loss": 5.28579568862915, "lr": 0.02, "adamw_lr": 0.0005, "elapsed_time": 693.4285790920258, "prnt": false}
{"event": "training_step", "timestamp": 1782395019.096183, "step": 667, "max_steps": 938, "loss": 5.200168609619141, "lr": 0.02, "adamw_lr": 0.0005, "elapsed_time": 694.3323700428009, "prnt": false}
{"event": "training_step", "timestamp": 1782395019.9726698, "step": 668, "max_steps": 938, "loss": 5.257608413696289, "lr": 0.02, "adamw_lr": 0.0005, "elapsed_time": 695.2088580131531, "prnt": false}
{"event": "training_step", "timestamp": 1782395020.853461, "step": 669, "max_steps": 938, "loss": 5.216037750244141, "lr": 0.02, "adamw_lr": 0.0005, "elapsed_time": 696.0896499156952, "prnt": false}
{"event": "training_step", "timestamp": 1782395021.8679528, "step": 670, "max_steps": 938, "loss": 5.215785980224609, "lr": 0.02, "adamw_lr": 0.0005, "elapsed_time": 697.1041421890259, "prnt": false}
{"event": "training_step", "timestamp": 1782395022.763444, "step": 671, "max_steps": 938, "loss": 5.229677200317383, "lr": 0.02, "adamw_lr": 0.0005, "elapsed_time": 697.9996328353882, "prnt": false}
{"event": "training_step", "timestamp": 1782395023.7616909, "step": 672, "max_steps": 938, "loss": 5.193497657775879, "lr": 0.02, "adamw_lr": 0.0005, "elapsed_time": 698.9978790283203, "prnt": false}
{"event": "training_step", "timestamp": 1782395024.620626, "step": 673, "max_steps": 938, "loss": 5.176791191101074, "lr": 0.02, "adamw_lr": 0.0005, "elapsed_time": 699.8568148612976, "prnt": false}
{"event": "training_step", "timestamp": 1782395025.684212, "step": 674, "max_steps": 938, "loss": 5.2238054275512695, "lr": 0.02, "adamw_lr": 0.0005, "elapsed_time": 700.9204008579254, "prnt": false}
{"event": "training_step", "timestamp": 1782395026.7534878, "step": 675, "max_steps": 938, "loss": 5.186909198760986, "lr": 0.02, "adamw_lr": 0.0005, "elapsed_time": 701.9896759986877, "prnt": false}
{"event": "training_step", "timestamp": 1782395027.609973, "step": 676, "max_steps": 938, "loss": 5.208513259887695, "lr": 0.02, "adamw_lr": 0.0005, "elapsed_time": 702.8461608886719, "prnt": false}
{"event": "training_step", "timestamp": 1782395028.470198, "step": 677, "max_steps": 938, "loss": 5.193291664123535, "lr": 0.02, "adamw_lr": 0.0005, "elapsed_time": 703.706386089325, "prnt": false}
{"event": "training_step", "timestamp": 1782395029.4714172, "step": 678, "max_steps": 938, "loss": 5.270792007446289, "lr": 0.02, "adamw_lr": 0.0005, "elapsed_time": 704.7076070308685, "prnt": false}
{"event": "training_step", "timestamp": 1782395030.3337998, "step": 679, "max_steps": 938, "loss": 5.1920166015625, "lr": 0.02, "adamw_lr": 0.0005, "elapsed_time": 705.5699889659882, "prnt": false}
{"event": "training_step", "timestamp": 1782395031.187974, "step": 680, "max_steps": 938, "loss": 5.1861677169799805, "lr": 0.02, "adamw_lr": 0.0005, "elapsed_time": 706.4241631031036, "prnt": false}
{"event": "training_step", "timestamp": 1782395032.140239, "step": 681, "max_steps": 938, "loss": 5.165952682495117, "lr": 0.02, "adamw_lr": 0.0005, "elapsed_time": 707.3764271736145, "prnt": false}
{"event": "training_step", "timestamp": 1782395033.053729, "step": 682, "max_steps": 938, "loss": 5.195840835571289, "lr": 0.02, "adamw_lr": 0.0005, "elapsed_time": 708.2899179458618, "prnt": false}
{"event": "training_step", "timestamp": 1782395033.901796, "step": 683, "max_steps": 938, "loss": 5.15089225769043, "lr": 0.02, "adamw_lr": 0.0005, "elapsed_time": 709.1379840373993, "prnt": false}
{"event": "training_step", "timestamp": 1782395034.85305, "step": 684, "max_steps": 938, "loss": 5.164994239807129, "lr": 0.02, "adamw_lr": 0.0005, "elapsed_time": 710.0892381668091, "prnt": false}
{"event": "training_step", "timestamp": 1782395035.764976, "step": 685, "max_steps": 938, "loss": 5.157731056213379, "lr": 0.02, "adamw_lr": 0.0005, "elapsed_time": 711.0011641979218, "prnt": false}
{"event": "training_step", "timestamp": 1782395036.6696708, "step": 686, "max_steps": 938, "loss": 5.217363357543945, "lr": 0.02, "adamw_lr": 0.0005, "elapsed_time": 711.9058601856232, "prnt": false}
{"event": "training_step", "timestamp": 1782395037.631247, "step": 687, "max_steps": 938, "loss": 5.191430568695068, "lr": 0.02, "adamw_lr": 0.0005, "elapsed_time": 712.867436170578, "prnt": false}
{"event": "training_step", "timestamp": 1782395038.582884, "step": 688, "max_steps": 938, "loss": 5.206692218780518, "lr": 0.02, "adamw_lr": 0.0005, "elapsed_time": 713.8190732002258, "prnt": false}
{"event": "training_step", "timestamp": 1782395039.456048, "step": 689, "max_steps": 938, "loss": 5.179302215576172, "lr": 0.02, "adamw_lr": 0.0005, "elapsed_time": 714.6922361850739, "prnt": false}
{"event": "training_step", "timestamp": 1782395040.392755, "step": 690, "max_steps": 938, "loss": 5.199739456176758, "lr": 0.02, "adamw_lr": 0.0005, "elapsed_time": 715.6289439201355, "prnt": false}
{"event": "training_step", "timestamp": 1782395041.301177, "step": 691, "max_steps": 938, "loss": 5.12238073348999, "lr": 0.02, "adamw_lr": 0.0005, "elapsed_time": 716.5373649597168, "prnt": false}
{"event": "training_step", "timestamp": 1782395042.203302, "step": 692, "max_steps": 938, "loss": 5.182910919189453, "lr": 0.02, "adamw_lr": 0.0005, "elapsed_time": 717.4394910335541, "prnt": false}
{"event": "training_step", "timestamp": 1782395043.1507142, "step": 693, "max_steps": 938, "loss": 5.198217391967773, "lr": 0.02, "adamw_lr": 0.0005, "elapsed_time": 718.3868989944458, "prnt": false}
{"event": "training_step", "timestamp": 1782395044.1683578, "step": 694, "max_steps": 938, "loss": 5.1814165115356445, "lr": 0.02, "adamw_lr": 0.0005, "elapsed_time": 719.404547214508, "prnt": false}
{"event": "training_step", "timestamp": 1782395045.0854762, "step": 695, "max_steps": 938, "loss": 5.146092414855957, "lr": 0.02, "adamw_lr": 0.0005, "elapsed_time": 720.3216640949249, "prnt": false}
{"event": "training_step", "timestamp": 1782395045.9915671, "step": 696, "max_steps": 938, "loss": 5.1610107421875, "lr": 0.02, "adamw_lr": 0.0005, "elapsed_time": 721.227756023407, "prnt": false}
{"event": "training_step", "timestamp": 1782395046.9571042, "step": 697, "max_steps": 938, "loss": 5.0877532958984375, "lr": 0.02, "adamw_lr": 0.0005, "elapsed_time": 722.193293094635, "prnt": false}
{"event": "training_step", "timestamp": 1782395047.7981088, "step": 698, "max_steps": 938, "loss": 5.146185874938965, "lr": 0.02, "adamw_lr": 0.0005, "elapsed_time": 723.0342979431152, "prnt": false}
{"event": "training_step", "timestamp": 1782395048.646333, "step": 699, "max_steps": 938, "loss": 5.1282572746276855, "lr": 0.02, "adamw_lr": 0.0005, "elapsed_time": 723.8825218677521, "prnt": false}
{"event": "training_step", "timestamp": 1782395049.6282701, "step": 700, "max_steps": 938, "loss": 5.192134380340576, "lr": 0.02, "adamw_lr": 0.0005, "elapsed_time": 724.8644590377808, "prnt": false}
{"event": "training_step", "timestamp": 1782395050.488217, "step": 701, "max_steps": 938, "loss": 5.161056995391846, "lr": 0.02, "adamw_lr": 0.0005, "elapsed_time": 725.7244050502777, "prnt": false}
{"event": "training_step", "timestamp": 1782395051.332156, "step": 702, "max_steps": 938, "loss": 5.193329811096191, "lr": 0.02, "adamw_lr": 0.0005, "elapsed_time": 726.5683450698853, "prnt": false}
{"event": "training_step", "timestamp": 1782395052.332416, "step": 703, "max_steps": 938, "loss": 5.152074813842773, "lr": 0.02, "adamw_lr": 0.0005, "elapsed_time": 727.5686049461365, "prnt": false}
{"event": "training_step", "timestamp": 1782395053.2272582, "step": 704, "max_steps": 938, "loss": 5.093691825866699, "lr": 0.02, "adamw_lr": 0.0005, "elapsed_time": 728.4634461402893, "prnt": false}
{"event": "validation_step", "timestamp": 1782395057.0122082, "step": 704, "max_steps": 938, "loss": 1.1841391584882612, "ema": true, "elapsed_time": 728.4634461402893}
{"event": "training_step", "timestamp": 1782395057.880735, "step": 705, "max_steps": 938, "loss": 5.124789237976074, "lr": 0.02, "adamw_lr": 0.0005, "elapsed_time": 733.1169228553772, "prnt": false}
{"event": "training_step", "timestamp": 1782395058.780376, "step": 706, "max_steps": 938, "loss": 5.200567245483398, "lr": 0.02, "adamw_lr": 0.0005, "elapsed_time": 734.0165650844574, "prnt": false}
{"event": "training_step", "timestamp": 1782395059.656425, "step": 707, "max_steps": 938, "loss": 5.154640197753906, "lr": 0.02, "adamw_lr": 0.0005, "elapsed_time": 734.8926129341125, "prnt": false}
{"event": "training_step", "timestamp": 1782395060.60349, "step": 708, "max_steps": 938, "loss": 5.205632209777832, "lr": 0.02, "adamw_lr": 0.0005, "elapsed_time": 735.8396790027618, "prnt": false}
{"event": "training_step", "timestamp": 1782395061.543339, "step": 709, "max_steps": 938, "loss": 5.180761814117432, "lr": 0.02, "adamw_lr": 0.0005, "elapsed_time": 736.7795279026031, "prnt": false}
{"event": "training_step", "timestamp": 1782395062.39589, "step": 710, "max_steps": 938, "loss": 5.145913124084473, "lr": 0.02, "adamw_lr": 0.0005, "elapsed_time": 737.6320781707764, "prnt": false}
{"event": "training_step", "timestamp": 1782395063.351638, "step": 711, "max_steps": 938, "loss": 5.191761016845703, "lr": 0.02, "adamw_lr": 0.0005, "elapsed_time": 738.5878260135651, "prnt": false}
{"event": "training_step", "timestamp": 1782395064.2959402, "step": 712, "max_steps": 938, "loss": 5.100981712341309, "lr": 0.02, "adamw_lr": 0.0005, "elapsed_time": 739.5321290493011, "prnt": false}
{"event": "training_step", "timestamp": 1782395065.259255, "step": 713, "max_steps": 938, "loss": 5.1491007804870605, "lr": 0.02, "adamw_lr": 0.0005, "elapsed_time": 740.495444059372, "prnt": false}
{"event": "training_step", "timestamp": 1782395066.240314, "step": 714, "max_steps": 938, "loss": 5.121315956115723, "lr": 0.02, "adamw_lr": 0.0005, "elapsed_time": 741.4765021800995, "prnt": false}
{"event": "training_step", "timestamp": 1782395067.206513, "step": 715, "max_steps": 938, "loss": 5.137057781219482, "lr": 0.02, "adamw_lr": 0.0005, "elapsed_time": 742.4427011013031, "prnt": false}
{"event": "training_step", "timestamp": 1782395068.080011, "step": 716, "max_steps": 938, "loss": 5.104452133178711, "lr": 0.02, "adamw_lr": 0.0005, "elapsed_time": 743.3162000179291, "prnt": false}
{"event": "training_step", "timestamp": 1782395068.959664, "step": 717, "max_steps": 938, "loss": 5.142609596252441, "lr": 0.02, "adamw_lr": 0.0005, "elapsed_time": 744.1958532333374, "prnt": false}
{"event": "training_step", "timestamp": 1782395069.786317, "step": 718, "max_steps": 938, "loss": 5.161527633666992, "lr": 0.02, "adamw_lr": 0.0005, "elapsed_time": 745.0225050449371, "prnt": false}
{"event": "training_step", "timestamp": 1782395070.628535, "step": 719, "max_steps": 938, "loss": 5.100610733032227, "lr": 0.02, "adamw_lr": 0.0005, "elapsed_time": 745.8647239208221, "prnt": false}
{"event": "training_step", "timestamp": 1782395071.452209, "step": 720, "max_steps": 938, "loss": 5.221604347229004, "lr": 0.02, "adamw_lr": 0.0005, "elapsed_time": 746.6883981227875, "prnt": false}
{"event": "training_step", "timestamp": 1782395072.2765, "step": 721, "max_steps": 938, "loss": 5.193523406982422, "lr": 0.02, "adamw_lr": 0.0005, "elapsed_time": 747.512687921524, "prnt": false}
{"event": "training_step", "timestamp": 1782395073.170632, "step": 722, "max_steps": 938, "loss": 5.112700939178467, "lr": 0.02, "adamw_lr": 0.0005, "elapsed_time": 748.406821012497, "prnt": false}
{"event": "training_step", "timestamp": 1782395074.086111, "step": 723, "max_steps": 938, "loss": 5.124860763549805, "lr": 0.02, "adamw_lr": 0.0005, "elapsed_time": 749.3222990036011, "prnt": false}
{"event": "training_step", "timestamp": 1782395075.012326, "step": 724, "max_steps": 938, "loss": 5.114459037780762, "lr": 0.02, "adamw_lr": 0.0005, "elapsed_time": 750.2485151290894, "prnt": false}
{"event": "training_step", "timestamp": 1782395075.968259, "step": 725, "max_steps": 938, "loss": 5.116385459899902, "lr": 0.02, "adamw_lr": 0.0005, "elapsed_time": 751.2044479846954, "prnt": false}
{"event": "training_step", "timestamp": 1782395076.939462, "step": 726, "max_steps": 938, "loss": 5.11458683013916, "lr": 0.02, "adamw_lr": 0.0005, "elapsed_time": 752.1756501197815, "prnt": false}
{"event": "training_step", "timestamp": 1782395077.864128, "step": 727, "max_steps": 938, "loss": 5.128837585449219, "lr": 0.02, "adamw_lr": 0.0005, "elapsed_time": 753.1003170013428, "prnt": false}
{"event": "training_step", "timestamp": 1782395078.75164, "step": 728, "max_steps": 938, "loss": 5.096935272216797, "lr": 0.02, "adamw_lr": 0.0005, "elapsed_time": 753.9878280162811, "prnt": false}
{"event": "training_step", "timestamp": 1782395079.740334, "step": 729, "max_steps": 938, "loss": 5.081357002258301, "lr": 0.02, "adamw_lr": 0.0005, "elapsed_time": 754.9765231609344, "prnt": false}
{"event": "training_step", "timestamp": 1782395080.594325, "step": 730, "max_steps": 938, "loss": 5.1809234619140625, "lr": 0.02, "adamw_lr": 0.0005, "elapsed_time": 755.8305139541626, "prnt": false}
{"event": "training_step", "timestamp": 1782395081.446906, "step": 731, "max_steps": 938, "loss": 5.175214767456055, "lr": 0.02, "adamw_lr": 0.0005, "elapsed_time": 756.6830952167511, "prnt": false}
{"event": "training_step", "timestamp": 1782395082.417952, "step": 732, "max_steps": 938, "loss": 5.196287155151367, "lr": 0.02, "adamw_lr": 0.0005, "elapsed_time": 757.654139995575, "prnt": false}
{"event": "training_step", "timestamp": 1782395083.3469288, "step": 733, "max_steps": 938, "loss": 5.196658134460449, "lr": 0.02, "adamw_lr": 0.0005, "elapsed_time": 758.5831170082092, "prnt": false}
{"event": "training_step", "timestamp": 1782395084.327307, "step": 734, "max_steps": 938, "loss": 5.114487648010254, "lr": 0.02, "adamw_lr": 0.0005, "elapsed_time": 759.5634949207306, "prnt": false}
{"event": "training_step", "timestamp": 1782395085.2945359, "step": 735, "max_steps": 938, "loss": 5.112308502197266, "lr": 0.02, "adamw_lr": 0.0005, "elapsed_time": 760.5307250022888, "prnt": false}
{"event": "training_step", "timestamp": 1782395086.2573938, "step": 736, "max_steps": 938, "loss": 5.065701484680176, "lr": 0.02, "adamw_lr": 0.0005, "elapsed_time": 761.4935822486877, "prnt": false}
{"event": "training_step", "timestamp": 1782395087.232738, "step": 737, "max_steps": 938, "loss": 5.111522197723389, "lr": 0.02, "adamw_lr": 0.0005, "elapsed_time": 762.4689271450043, "prnt": false}
{"event": "training_step", "timestamp": 1782395088.099854, "step": 738, "max_steps": 938, "loss": 5.0457634925842285, "lr": 0.02, "adamw_lr": 0.0005, "elapsed_time": 763.3360419273376, "prnt": false}
{"event": "training_step", "timestamp": 1782395088.981784, "step": 739, "max_steps": 938, "loss": 5.140466690063477, "lr": 0.02, "adamw_lr": 0.0005, "elapsed_time": 764.2179720401764, "prnt": false}
{"event": "training_step", "timestamp": 1782395089.927367, "step": 740, "max_steps": 938, "loss": 5.097414970397949, "lr": 0.02, "adamw_lr": 0.0005, "elapsed_time": 765.1635551452637, "prnt": false}
{"event": "training_step", "timestamp": 1782395090.804411, "step": 741, "max_steps": 938, "loss": 5.140920639038086, "lr": 0.02, "adamw_lr": 0.0005, "elapsed_time": 766.0406000614166, "prnt": false}
{"event": "training_step", "timestamp": 1782395091.699109, "step": 742, "max_steps": 938, "loss": 5.103137969970703, "lr": 0.02, "adamw_lr": 0.0005, "elapsed_time": 766.9352970123291, "prnt": false}
{"event": "training_step", "timestamp": 1782395092.639861, "step": 743, "max_steps": 938, "loss": 5.052918434143066, "lr": 0.02, "adamw_lr": 0.0005, "elapsed_time": 767.8760478496552, "prnt": false}
{"event": "training_step", "timestamp": 1782395093.580823, "step": 744, "max_steps": 938, "loss": 5.086028099060059, "lr": 0.02, "adamw_lr": 0.0005, "elapsed_time": 768.8170120716095, "prnt": false}
{"event": "training_step", "timestamp": 1782395094.4933481, "step": 745, "max_steps": 938, "loss": 5.165853500366211, "lr": 0.02, "adamw_lr": 0.0005, "elapsed_time": 769.7295339107513, "prnt": false}
{"event": "training_step", "timestamp": 1782395095.495372, "step": 746, "max_steps": 938, "loss": 5.121620178222656, "lr": 0.02, "adamw_lr": 0.0005, "elapsed_time": 770.7315599918365, "prnt": false}
{"event": "training_step", "timestamp": 1782395096.420405, "step": 747, "max_steps": 938, "loss": 5.091989994049072, "lr": 0.02, "adamw_lr": 0.0005, "elapsed_time": 771.6565928459167, "prnt": false}
{"event": "training_step", "timestamp": 1782395097.3041751, "step": 748, "max_steps": 938, "loss": 5.163428783416748, "lr": 0.02, "adamw_lr": 0.0005, "elapsed_time": 772.540363073349, "prnt": false}
{"event": "validation_step", "timestamp": 1782395101.0953112, "step": 748, "max_steps": 938, "loss": 1.1798121139494269, "ema": true, "elapsed_time": 772.540363073349}
{"event": "training_step", "timestamp": 1782395101.930867, "step": 749, "max_steps": 938, "loss": 5.143507480621338, "lr": 0.02, "adamw_lr": 0.0005, "elapsed_time": 777.1670551300049, "prnt": false}
{"event": "training_step", "timestamp": 1782395102.829299, "step": 750, "max_steps": 938, "loss": 5.092552185058594, "lr": 0.02, "adamw_lr": 0.0005, "elapsed_time": 778.0654871463776, "prnt": false}
{"event": "training_step", "timestamp": 1782395103.685716, "step": 751, "max_steps": 938, "loss": 5.134483337402344, "lr": 0.019893048128342247, "adamw_lr": 0.0004973262032085562, "elapsed_time": 778.921905040741, "prnt": false}
{"event": "training_step", "timestamp": 1782395104.574167, "step": 752, "max_steps": 938, "loss": 5.062355041503906, "lr": 0.019786096256684493, "adamw_lr": 0.0004946524064171123, "elapsed_time": 779.8103561401367, "prnt": false}
{"event": "training_step", "timestamp": 1782395105.517492, "step": 753, "max_steps": 938, "loss": 5.120211601257324, "lr": 0.01967914438502674, "adamw_lr": 0.0004919786096256685, "elapsed_time": 780.7536809444427, "prnt": false}
{"event": "training_step", "timestamp": 1782395106.361853, "step": 754, "max_steps": 938, "loss": 5.05299711227417, "lr": 0.019572192513368985, "adamw_lr": 0.0004893048128342246, "elapsed_time": 781.5980410575867, "prnt": false}
{"event": "training_step", "timestamp": 1782395107.259849, "step": 755, "max_steps": 938, "loss": 5.120965957641602, "lr": 0.01946524064171123, "adamw_lr": 0.0004866310160427808, "elapsed_time": 782.4960370063782, "prnt": false}
{"event": "training_step", "timestamp": 1782395108.2126231, "step": 756, "max_steps": 938, "loss": 5.119142532348633, "lr": 0.019358288770053477, "adamw_lr": 0.0004839572192513369, "elapsed_time": 783.448812007904, "prnt": false}
{"event": "training_step", "timestamp": 1782395109.0976262, "step": 757, "max_steps": 938, "loss": 5.112526893615723, "lr": 0.019251336898395723, "adamw_lr": 0.000481283422459893, "elapsed_time": 784.3338150978088, "prnt": false}
{"event": "training_step", "timestamp": 1782395109.9520278, "step": 758, "max_steps": 938, "loss": 5.051355361938477, "lr": 0.01914438502673797, "adamw_lr": 0.00047860962566844924, "elapsed_time": 785.1882171630859, "prnt": false}
{"event": "training_step", "timestamp": 1782395110.9356658, "step": 759, "max_steps": 938, "loss": 5.080088138580322, "lr": 0.019037433155080215, "adamw_lr": 0.00047593582887700537, "elapsed_time": 786.1718552112579, "prnt": false}
{"event": "training_step", "timestamp": 1782395111.826139, "step": 760, "max_steps": 938, "loss": 5.1077775955200195, "lr": 0.01893048128342246, "adamw_lr": 0.0004732620320855615, "elapsed_time": 787.0623281002045, "prnt": false}
{"event": "training_step", "timestamp": 1782395112.6725252, "step": 761, "max_steps": 938, "loss": 5.047170162200928, "lr": 0.018823529411764708, "adamw_lr": 0.00047058823529411766, "elapsed_time": 787.908714056015, "prnt": false}
{"event": "training_step", "timestamp": 1782395113.673024, "step": 762, "max_steps": 938, "loss": 5.057050704956055, "lr": 0.01871657754010695, "adamw_lr": 0.0004679144385026738, "elapsed_time": 788.9092130661011, "prnt": false}
{"event": "training_step", "timestamp": 1782395114.6142201, "step": 763, "max_steps": 938, "loss": 5.074127674102783, "lr": 0.018609625668449196, "adamw_lr": 0.00046524064171122996, "elapsed_time": 789.8504090309143, "prnt": false}
{"event": "training_step", "timestamp": 1782395115.5321321, "step": 764, "max_steps": 938, "loss": 5.072214126586914, "lr": 0.018502673796791446, "adamw_lr": 0.00046256684491978613, "elapsed_time": 790.7683200836182, "prnt": false}
{"event": "training_step", "timestamp": 1782395116.547595, "step": 765, "max_steps": 938, "loss": 5.038252830505371, "lr": 0.018395721925133692, "adamw_lr": 0.00045989304812834225, "elapsed_time": 791.7837829589844, "prnt": false}
{"event": "training_step", "timestamp": 1782395117.4557598, "step": 766, "max_steps": 938, "loss": 5.19577169418335, "lr": 0.018288770053475935, "adamw_lr": 0.0004572192513368984, "elapsed_time": 792.6919491291046, "prnt": false}
{"event": "training_step", "timestamp": 1782395118.328295, "step": 767, "max_steps": 938, "loss": 5.092543125152588, "lr": 0.01818181818181818, "adamw_lr": 0.00045454545454545455, "elapsed_time": 793.564483165741, "prnt": false}
{"event": "training_step", "timestamp": 1782395119.2914612, "step": 768, "max_steps": 938, "loss": 5.0802130699157715, "lr": 0.01807486631016043, "adamw_lr": 0.0004518716577540107, "elapsed_time": 794.5276501178741, "prnt": false}
{"event": "training_step", "timestamp": 1782395120.164651, "step": 769, "max_steps": 938, "loss": 5.126445770263672, "lr": 0.017967914438502677, "adamw_lr": 0.0004491978609625669, "elapsed_time": 795.4008400440216, "prnt": false}
{"event": "training_step", "timestamp": 1782395121.022576, "step": 770, "max_steps": 938, "loss": 5.07206392288208, "lr": 0.01786096256684492, "adamw_lr": 0.000446524064171123, "elapsed_time": 796.2587652206421, "prnt": false}
{"event": "training_step", "timestamp": 1782395121.923859, "step": 771, "max_steps": 938, "loss": 5.108938694000244, "lr": 0.017754010695187165, "adamw_lr": 0.00044385026737967914, "elapsed_time": 797.1600468158722, "prnt": false}
{"event": "training_step", "timestamp": 1782395122.8999958, "step": 772, "max_steps": 938, "loss": 5.062629222869873, "lr": 0.01764705882352941, "adamw_lr": 0.0004411764705882353, "elapsed_time": 798.13618516922, "prnt": false}
{"event": "training_step", "timestamp": 1782395123.774899, "step": 773, "max_steps": 938, "loss": 5.132756233215332, "lr": 0.017540106951871658, "adamw_lr": 0.00043850267379679143, "elapsed_time": 799.011087179184, "prnt": false}
{"event": "training_step", "timestamp": 1782395124.65412, "step": 774, "max_steps": 938, "loss": 5.045599460601807, "lr": 0.017433155080213904, "adamw_lr": 0.00043582887700534755, "elapsed_time": 799.8903088569641, "prnt": false}
{"event": "training_step", "timestamp": 1782395125.4931562, "step": 775, "max_steps": 938, "loss": 5.061620235443115, "lr": 0.01732620320855615, "adamw_lr": 0.0004331550802139038, "elapsed_time": 800.7293441295624, "prnt": false}
{"event": "training_step", "timestamp": 1782395126.335291, "step": 776, "max_steps": 938, "loss": 5.090009689331055, "lr": 0.017219251336898396, "adamw_lr": 0.0004304812834224599, "elapsed_time": 801.5714800357819, "prnt": false}
{"event": "training_step", "timestamp": 1782395127.184056, "step": 777, "max_steps": 938, "loss": 5.096997261047363, "lr": 0.017112299465240642, "adamw_lr": 0.000427807486631016, "elapsed_time": 802.4202408790588, "prnt": false}
{"event": "training_step", "timestamp": 1782395128.037389, "step": 778, "max_steps": 938, "loss": 5.036654472351074, "lr": 0.017005347593582888, "adamw_lr": 0.00042513368983957225, "elapsed_time": 803.2735779285431, "prnt": false}
{"event": "training_step", "timestamp": 1782395128.868994, "step": 779, "max_steps": 938, "loss": 5.097316741943359, "lr": 0.016898395721925134, "adamw_lr": 0.00042245989304812837, "elapsed_time": 804.1051831245422, "prnt": false}
{"event": "training_step", "timestamp": 1782395129.6935601, "step": 780, "max_steps": 938, "loss": 5.055802822113037, "lr": 0.01679144385026738, "adamw_lr": 0.0004197860962566845, "elapsed_time": 804.9297499656677, "prnt": false}
{"event": "training_step", "timestamp": 1782395130.5307689, "step": 781, "max_steps": 938, "loss": 5.06373929977417, "lr": 0.016684491978609627, "adamw_lr": 0.00041711229946524066, "elapsed_time": 805.7669582366943, "prnt": false}
{"event": "training_step", "timestamp": 1782395131.365479, "step": 782, "max_steps": 938, "loss": 5.048205375671387, "lr": 0.016577540106951873, "adamw_lr": 0.0004144385026737968, "elapsed_time": 806.6016681194305, "prnt": false}
{"event": "training_step", "timestamp": 1782395132.198477, "step": 783, "max_steps": 938, "loss": 4.9719648361206055, "lr": 0.01647058823529412, "adamw_lr": 0.0004117647058823529, "elapsed_time": 807.4346661567688, "prnt": false}
{"event": "training_step", "timestamp": 1782395133.0443509, "step": 784, "max_steps": 938, "loss": 5.12138557434082, "lr": 0.01636363636363636, "adamw_lr": 0.0004090909090909091, "elapsed_time": 808.2805399894714, "prnt": false}
{"event": "training_step", "timestamp": 1782395133.867863, "step": 785, "max_steps": 938, "loss": 5.097208023071289, "lr": 0.01625668449197861, "adamw_lr": 0.00040641711229946525, "elapsed_time": 809.104052066803, "prnt": false}
{"event": "training_step", "timestamp": 1782395134.687447, "step": 786, "max_steps": 938, "loss": 5.034119606018066, "lr": 0.016149732620320857, "adamw_lr": 0.00040374331550802143, "elapsed_time": 809.9236359596252, "prnt": false}
{"event": "training_step", "timestamp": 1782395135.530087, "step": 787, "max_steps": 938, "loss": 5.066339492797852, "lr": 0.016042780748663103, "adamw_lr": 0.00040106951871657755, "elapsed_time": 810.7662751674652, "prnt": false}
{"event": "training_step", "timestamp": 1782395136.368463, "step": 788, "max_steps": 938, "loss": 5.095702171325684, "lr": 0.015935828877005346, "adamw_lr": 0.00039839572192513367, "elapsed_time": 811.6046521663666, "prnt": false}
{"event": "training_step", "timestamp": 1782395137.240213, "step": 789, "max_steps": 938, "loss": 5.029270172119141, "lr": 0.015828877005347596, "adamw_lr": 0.0003957219251336899, "elapsed_time": 812.4764008522034, "prnt": false}
{"event": "training_step", "timestamp": 1782395138.102667, "step": 790, "max_steps": 938, "loss": 5.075355529785156, "lr": 0.01572192513368984, "adamw_lr": 0.000393048128342246, "elapsed_time": 813.3388550281525, "prnt": false}
{"event": "training_step", "timestamp": 1782395138.9349918, "step": 791, "max_steps": 938, "loss": 5.02754020690918, "lr": 0.015614973262032086, "adamw_lr": 0.00039037433155080214, "elapsed_time": 814.1711812019348, "prnt": false}
{"event": "training_step", "timestamp": 1782395139.790133, "step": 792, "max_steps": 938, "loss": 5.017322063446045, "lr": 0.015508021390374332, "adamw_lr": 0.0003877005347593583, "elapsed_time": 815.0263209342957, "prnt": false}
{"event": "validation_step", "timestamp": 1782395143.3141692, "step": 792, "max_steps": 938, "loss": 1.1760653903112497, "ema": true, "elapsed_time": 815.0263209342957}
{"event": "training_step", "timestamp": 1782395144.071538, "step": 793, "max_steps": 938, "loss": 4.988169193267822, "lr": 0.015401069518716577, "adamw_lr": 0.00038502673796791443, "elapsed_time": 819.307727098465, "prnt": false}
{"event": "training_step", "timestamp": 1782395144.951987, "step": 794, "max_steps": 938, "loss": 5.041556358337402, "lr": 0.015294117647058823, "adamw_lr": 0.00038235294117647055, "elapsed_time": 820.1881742477417, "prnt": false}
{"event": "training_step", "timestamp": 1782395145.8240159, "step": 795, "max_steps": 938, "loss": 5.039590358734131, "lr": 0.01518716577540107, "adamw_lr": 0.0003796791443850268, "elapsed_time": 821.0602040290833, "prnt": false}
{"event": "training_step", "timestamp": 1782395146.7114382, "step": 796, "max_steps": 938, "loss": 5.014086723327637, "lr": 0.015080213903743317, "adamw_lr": 0.0003770053475935829, "elapsed_time": 821.9476261138916, "prnt": false}
{"event": "training_step", "timestamp": 1782395147.596361, "step": 797, "max_steps": 938, "loss": 5.088513374328613, "lr": 0.014973262032085561, "adamw_lr": 0.000374331550802139, "elapsed_time": 822.8325488567352, "prnt": false}
{"event": "training_step", "timestamp": 1782395148.474626, "step": 798, "max_steps": 938, "loss": 5.0137128829956055, "lr": 0.014866310160427807, "adamw_lr": 0.0003716577540106952, "elapsed_time": 823.710813999176, "prnt": false}
{"event": "training_step", "timestamp": 1782395149.306473, "step": 799, "max_steps": 938, "loss": 5.04376745223999, "lr": 0.014759358288770055, "adamw_lr": 0.0003689839572192514, "elapsed_time": 824.5426609516144, "prnt": false}
{"event": "training_step", "timestamp": 1782395150.14491, "step": 800, "max_steps": 938, "loss": 5.085484027862549, "lr": 0.014652406417112301, "adamw_lr": 0.0003663101604278075, "elapsed_time": 825.3811001777649, "prnt": false}
{"event": "training_step", "timestamp": 1782395150.990627, "step": 801, "max_steps": 938, "loss": 5.000576972961426, "lr": 0.014545454545454545, "adamw_lr": 0.00036363636363636367, "elapsed_time": 826.2268149852753, "prnt": false}
{"event": "training_step", "timestamp": 1782395151.832526, "step": 802, "max_steps": 938, "loss": 5.057072162628174, "lr": 0.014438502673796792, "adamw_lr": 0.0003609625668449198, "elapsed_time": 827.06871509552, "prnt": false}
{"event": "training_step", "timestamp": 1782395152.6843772, "step": 803, "max_steps": 938, "loss": 5.023830413818359, "lr": 0.014331550802139038, "adamw_lr": 0.0003582887700534759, "elapsed_time": 827.9205660820007, "prnt": false}
{"event": "training_step", "timestamp": 1782395153.5266619, "step": 804, "max_steps": 938, "loss": 5.013258934020996, "lr": 0.014224598930481282, "adamw_lr": 0.0003556149732620321, "elapsed_time": 828.7628512382507, "prnt": false}
{"event": "training_step", "timestamp": 1782395154.372444, "step": 805, "max_steps": 938, "loss": 5.033376216888428, "lr": 0.014117647058823528, "adamw_lr": 0.0003529411764705882, "elapsed_time": 829.6086320877075, "prnt": false}
{"event": "training_step", "timestamp": 1782395155.250346, "step": 806, "max_steps": 938, "loss": 4.979327201843262, "lr": 0.014010695187165776, "adamw_lr": 0.0003502673796791444, "elapsed_time": 830.4865350723267, "prnt": false}
{"event": "training_step", "timestamp": 1782395156.1318378, "step": 807, "max_steps": 938, "loss": 4.972155570983887, "lr": 0.013903743315508022, "adamw_lr": 0.00034759358288770055, "elapsed_time": 831.3680260181427, "prnt": false}
{"event": "training_step", "timestamp": 1782395157.02807, "step": 808, "max_steps": 938, "loss": 5.016523361206055, "lr": 0.013796791443850267, "adamw_lr": 0.0003449197860962567, "elapsed_time": 832.264258146286, "prnt": false}
{"event": "training_step", "timestamp": 1782395157.925348, "step": 809, "max_steps": 938, "loss": 4.976787567138672, "lr": 0.013689839572192514, "adamw_lr": 0.0003422459893048129, "elapsed_time": 833.1615371704102, "prnt": false}
{"event": "training_step", "timestamp": 1782395158.784807, "step": 810, "max_steps": 938, "loss": 4.997565746307373, "lr": 0.01358288770053476, "adamw_lr": 0.000339572192513369, "elapsed_time": 834.0209951400757, "prnt": false}
{"event": "training_step", "timestamp": 1782395159.615411, "step": 811, "max_steps": 938, "loss": 4.97836971282959, "lr": 0.013475935828877007, "adamw_lr": 0.00033689839572192514, "elapsed_time": 834.8515992164612, "prnt": false}
{"event": "training_step", "timestamp": 1782395160.455942, "step": 812, "max_steps": 938, "loss": 5.049336910247803, "lr": 0.013368983957219251, "adamw_lr": 0.0003342245989304813, "elapsed_time": 835.6921300888062, "prnt": false}
{"event": "training_step", "timestamp": 1782395161.3057358, "step": 813, "max_steps": 938, "loss": 4.977145195007324, "lr": 0.013262032085561497, "adamw_lr": 0.00033155080213903744, "elapsed_time": 836.541924238205, "prnt": false}
{"event": "training_step", "timestamp": 1782395162.1556711, "step": 814, "max_steps": 938, "loss": 4.972011089324951, "lr": 0.013155080213903743, "adamw_lr": 0.00032887700534759356, "elapsed_time": 837.3918600082397, "prnt": false}
{"event": "training_step", "timestamp": 1782395163.0415528, "step": 815, "max_steps": 938, "loss": 4.962527275085449, "lr": 0.013048128342245988, "adamw_lr": 0.00032620320855614973, "elapsed_time": 838.2777421474457, "prnt": false}
{"event": "training_step", "timestamp": 1782395163.907426, "step": 816, "max_steps": 938, "loss": 4.9713521003723145, "lr": 0.012941176470588234, "adamw_lr": 0.00032352941176470585, "elapsed_time": 839.1436150074005, "prnt": false}
{"event": "training_step", "timestamp": 1782395164.770417, "step": 817, "max_steps": 938, "loss": 4.937130451202393, "lr": 0.012834224598930482, "adamw_lr": 0.00032085561497326203, "elapsed_time": 840.0066051483154, "prnt": false}
{"event": "training_step", "timestamp": 1782395165.62039, "step": 818, "max_steps": 938, "loss": 4.943943023681641, "lr": 0.012727272727272728, "adamw_lr": 0.0003181818181818182, "elapsed_time": 840.8565781116486, "prnt": false}
{"event": "training_step", "timestamp": 1782395166.478339, "step": 819, "max_steps": 938, "loss": 4.932645320892334, "lr": 0.012620320855614976, "adamw_lr": 0.0003155080213903744, "elapsed_time": 841.714527130127, "prnt": false}
{"event": "training_step", "timestamp": 1782395167.400269, "step": 820, "max_steps": 938, "loss": 4.981261730194092, "lr": 0.01251336898395722, "adamw_lr": 0.0003128342245989305, "elapsed_time": 842.6364569664001, "prnt": false}
{"event": "training_step", "timestamp": 1782395168.281659, "step": 821, "max_steps": 938, "loss": 4.968263626098633, "lr": 0.012406417112299466, "adamw_lr": 0.00031016042780748667, "elapsed_time": 843.5178470611572, "prnt": false}
{"event": "training_step", "timestamp": 1782395169.1331651, "step": 822, "max_steps": 938, "loss": 4.978637218475342, "lr": 0.012299465240641712, "adamw_lr": 0.0003074866310160428, "elapsed_time": 844.3693540096283, "prnt": false}
{"event": "training_step", "timestamp": 1782395169.9682891, "step": 823, "max_steps": 938, "loss": 4.956192493438721, "lr": 0.012192513368983957, "adamw_lr": 0.0003048128342245989, "elapsed_time": 845.2044770717621, "prnt": false}
{"event": "training_step", "timestamp": 1782395170.7835698, "step": 824, "max_steps": 938, "loss": 4.9579758644104, "lr": 0.012085561497326203, "adamw_lr": 0.0003021390374331551, "elapsed_time": 846.0197582244873, "prnt": false}
{"event": "training_step", "timestamp": 1782395171.59679, "step": 825, "max_steps": 938, "loss": 4.887275695800781, "lr": 0.011978609625668449, "adamw_lr": 0.0002994652406417112, "elapsed_time": 846.8329789638519, "prnt": false}
{"event": "training_step", "timestamp": 1782395172.429031, "step": 826, "max_steps": 938, "loss": 4.940779209136963, "lr": 0.011871657754010695, "adamw_lr": 0.00029679144385026733, "elapsed_time": 847.6652202606201, "prnt": false}
{"event": "training_step", "timestamp": 1782395173.264638, "step": 827, "max_steps": 938, "loss": 4.950559139251709, "lr": 0.011764705882352941, "adamw_lr": 0.00029411764705882356, "elapsed_time": 848.500825881958, "prnt": false}
{"event": "training_step", "timestamp": 1782395174.131459, "step": 828, "max_steps": 938, "loss": 4.943648338317871, "lr": 0.011657754010695187, "adamw_lr": 0.0002914438502673797, "elapsed_time": 849.3676481246948, "prnt": false}
{"event": "training_step", "timestamp": 1782395175.007225, "step": 829, "max_steps": 938, "loss": 4.902895927429199, "lr": 0.011550802139037433, "adamw_lr": 0.0002887700534759358, "elapsed_time": 850.2434141635895, "prnt": false}
{"event": "training_step", "timestamp": 1782395175.8619058, "step": 830, "max_steps": 938, "loss": 4.909605026245117, "lr": 0.011443850267379681, "adamw_lr": 0.00028609625668449203, "elapsed_time": 851.0980949401855, "prnt": false}
{"event": "training_step", "timestamp": 1782395176.710868, "step": 831, "max_steps": 938, "loss": 4.865289688110352, "lr": 0.011336898395721925, "adamw_lr": 0.00028342245989304815, "elapsed_time": 851.9470558166504, "prnt": false}
{"event": "training_step", "timestamp": 1782395177.565824, "step": 832, "max_steps": 938, "loss": 4.900675296783447, "lr": 0.011229946524064172, "adamw_lr": 0.0002807486631016043, "elapsed_time": 852.8020129203796, "prnt": false}
{"event": "training_step", "timestamp": 1782395178.4089441, "step": 833, "max_steps": 938, "loss": 4.874191761016846, "lr": 0.011122994652406418, "adamw_lr": 0.00027807486631016044, "elapsed_time": 853.6451330184937, "prnt": false}
{"event": "training_step", "timestamp": 1782395179.244619, "step": 834, "max_steps": 938, "loss": 4.927239418029785, "lr": 0.011016042780748662, "adamw_lr": 0.00027540106951871656, "elapsed_time": 854.4808070659637, "prnt": false}
{"event": "training_step", "timestamp": 1782395180.093884, "step": 835, "max_steps": 938, "loss": 4.904977798461914, "lr": 0.010909090909090908, "adamw_lr": 0.00027272727272727274, "elapsed_time": 855.3300731182098, "prnt": false}
{"event": "training_step", "timestamp": 1782395180.941123, "step": 836, "max_steps": 938, "loss": 4.932445049285889, "lr": 0.010802139037433154, "adamw_lr": 0.00027005347593582886, "elapsed_time": 856.1773121356964, "prnt": false}
{"event": "validation_step", "timestamp": 1782395184.443661, "step": 836, "max_steps": 938, "loss": 1.1728043644631454, "ema": true, "elapsed_time": 856.1773121356964}
{"event": "training_step", "timestamp": 1782395185.2289522, "step": 837, "max_steps": 938, "loss": 4.894116401672363, "lr": 0.0106951871657754, "adamw_lr": 0.000267379679144385, "elapsed_time": 860.4651410579681, "prnt": false}
{"event": "training_step", "timestamp": 1782395186.107987, "step": 838, "max_steps": 938, "loss": 4.834712028503418, "lr": 0.010588235294117647, "adamw_lr": 0.0002647058823529412, "elapsed_time": 861.3441758155823, "prnt": false}
{"event": "training_step", "timestamp": 1782395186.975771, "step": 839, "max_steps": 938, "loss": 4.8534016609191895, "lr": 0.010481283422459893, "adamw_lr": 0.00026203208556149733, "elapsed_time": 862.2119591236115, "prnt": false}
{"event": "training_step", "timestamp": 1782395187.8055732, "step": 840, "max_steps": 938, "loss": 4.929305076599121, "lr": 0.01037433155080214, "adamw_lr": 0.0002593582887700535, "elapsed_time": 863.0417621135712, "prnt": false}
{"event": "training_step", "timestamp": 1782395188.647541, "step": 841, "max_steps": 938, "loss": 4.880425453186035, "lr": 0.010267379679144387, "adamw_lr": 0.0002566844919786097, "elapsed_time": 863.8837289810181, "prnt": false}
{"event": "training_step", "timestamp": 1782395189.48621, "step": 842, "max_steps": 938, "loss": 4.931859016418457, "lr": 0.010160427807486631, "adamw_lr": 0.0002540106951871658, "elapsed_time": 864.7223980426788, "prnt": false}
{"event": "training_step", "timestamp": 1782395190.310112, "step": 843, "max_steps": 938, "loss": 4.903835296630859, "lr": 0.010053475935828877, "adamw_lr": 0.0002513368983957219, "elapsed_time": 865.5462999343872, "prnt": false}
{"event": "training_step", "timestamp": 1782395191.1498392, "step": 844, "max_steps": 938, "loss": 4.874108791351318, "lr": 0.009946524064171123, "adamw_lr": 0.0002486631016042781, "elapsed_time": 866.3860290050507, "prnt": false}
{"event": "training_step", "timestamp": 1782395192.001232, "step": 845, "max_steps": 938, "loss": 4.909095764160156, "lr": 0.00983957219251337, "adamw_lr": 0.0002459893048128342, "elapsed_time": 867.2374210357666, "prnt": false}
{"event": "training_step", "timestamp": 1782395192.837198, "step": 846, "max_steps": 938, "loss": 4.830542087554932, "lr": 0.009732620320855614, "adamw_lr": 0.00024331550802139036, "elapsed_time": 868.0733859539032, "prnt": false}
{"event": "training_step", "timestamp": 1782395193.6982021, "step": 847, "max_steps": 938, "loss": 4.856779098510742, "lr": 0.009625668449197862, "adamw_lr": 0.00024064171122994654, "elapsed_time": 868.9343910217285, "prnt": false}
{"event": "training_step", "timestamp": 1782395194.588879, "step": 848, "max_steps": 938, "loss": 4.85011100769043, "lr": 0.009518716577540108, "adamw_lr": 0.00023796791443850268, "elapsed_time": 869.8250670433044, "prnt": false}
{"event": "training_step", "timestamp": 1782395195.480387, "step": 849, "max_steps": 938, "loss": 4.866877555847168, "lr": 0.009411764705882354, "adamw_lr": 0.00023529411764705883, "elapsed_time": 870.7165760993958, "prnt": false}
{"event": "training_step", "timestamp": 1782395196.393376, "step": 850, "max_steps": 938, "loss": 4.813117980957031, "lr": 0.009304812834224598, "adamw_lr": 0.00023262032085561498, "elapsed_time": 871.6295640468597, "prnt": false}
{"event": "training_step", "timestamp": 1782395197.302119, "step": 851, "max_steps": 938, "loss": 4.863615036010742, "lr": 0.009197860962566844, "adamw_lr": 0.0002299465240641711, "elapsed_time": 872.5383081436157, "prnt": false}
{"event": "training_step", "timestamp": 1782395198.183388, "step": 852, "max_steps": 938, "loss": 4.864765644073486, "lr": 0.009090909090909092, "adamw_lr": 0.0002272727272727273, "elapsed_time": 873.4195761680603, "prnt": false}
{"event": "training_step", "timestamp": 1782395199.028678, "step": 853, "max_steps": 938, "loss": 4.820334434509277, "lr": 0.008983957219251338, "adamw_lr": 0.00022459893048128345, "elapsed_time": 874.264867067337, "prnt": false}
{"event": "training_step", "timestamp": 1782395199.8823948, "step": 854, "max_steps": 938, "loss": 4.927489280700684, "lr": 0.008877005347593583, "adamw_lr": 0.00022192513368983957, "elapsed_time": 875.1185841560364, "prnt": false}
{"event": "training_step", "timestamp": 1782395200.729352, "step": 855, "max_steps": 938, "loss": 4.892441749572754, "lr": 0.008770053475935829, "adamw_lr": 0.00021925133689839572, "elapsed_time": 875.9655408859253, "prnt": false}
{"event": "training_step", "timestamp": 1782395201.621135, "step": 856, "max_steps": 938, "loss": 4.821632385253906, "lr": 0.008663101604278075, "adamw_lr": 0.00021657754010695186, "elapsed_time": 876.8573231697083, "prnt": false}
{"event": "training_step", "timestamp": 1782395202.461332, "step": 857, "max_steps": 938, "loss": 4.819794654846191, "lr": 0.008556149732620323, "adamw_lr": 0.00021390374331550804, "elapsed_time": 877.6975209712982, "prnt": false}
{"event": "training_step", "timestamp": 1782395203.401621, "step": 858, "max_steps": 938, "loss": 4.807979583740234, "lr": 0.008449197860962567, "adamw_lr": 0.00021122994652406418, "elapsed_time": 878.6378090381622, "prnt": false}
{"event": "training_step", "timestamp": 1782395204.295371, "step": 859, "max_steps": 938, "loss": 4.810239315032959, "lr": 0.008342245989304813, "adamw_lr": 0.00020855614973262033, "elapsed_time": 879.5315589904785, "prnt": false}
{"event": "training_step", "timestamp": 1782395205.206848, "step": 860, "max_steps": 938, "loss": 4.814852714538574, "lr": 0.00823529411764706, "adamw_lr": 0.00020588235294117645, "elapsed_time": 880.443037033081, "prnt": false}
{"event": "training_step", "timestamp": 1782395206.115065, "step": 861, "max_steps": 938, "loss": 4.821388244628906, "lr": 0.008128342245989304, "adamw_lr": 0.0002032085561497326, "elapsed_time": 881.3512530326843, "prnt": false}
{"event": "training_step", "timestamp": 1782395207.0087621, "step": 862, "max_steps": 938, "loss": 4.787858486175537, "lr": 0.008021390374331552, "adamw_lr": 0.0002005347593582888, "elapsed_time": 882.244950056076, "prnt": false}
{"event": "training_step", "timestamp": 1782395207.9039931, "step": 863, "max_steps": 938, "loss": 4.759466648101807, "lr": 0.007914438502673798, "adamw_lr": 0.00019786096256684495, "elapsed_time": 883.14018201828, "prnt": false}
{"event": "training_step", "timestamp": 1782395208.745059, "step": 864, "max_steps": 938, "loss": 4.858016014099121, "lr": 0.007807486631016043, "adamw_lr": 0.00019518716577540107, "elapsed_time": 883.9812481403351, "prnt": false}
{"event": "training_step", "timestamp": 1782395209.602226, "step": 865, "max_steps": 938, "loss": 4.854653358459473, "lr": 0.007700534759358288, "adamw_lr": 0.00019251336898395722, "elapsed_time": 884.8384141921997, "prnt": false}
{"event": "training_step", "timestamp": 1782395210.4281442, "step": 866, "max_steps": 938, "loss": 4.857372760772705, "lr": 0.007593582887700534, "adamw_lr": 0.00018983957219251336, "elapsed_time": 885.664332151413, "prnt": false}
{"event": "training_step", "timestamp": 1782395211.2633102, "step": 867, "max_steps": 938, "loss": 4.860891819000244, "lr": 0.007486631016042782, "adamw_lr": 0.00018716577540106954, "elapsed_time": 886.499498128891, "prnt": false}
{"event": "training_step", "timestamp": 1782395212.10377, "step": 868, "max_steps": 938, "loss": 4.782926559448242, "lr": 0.0073796791443850275, "adamw_lr": 0.0001844919786096257, "elapsed_time": 887.339958190918, "prnt": false}
{"event": "training_step", "timestamp": 1782395212.9442492, "step": 869, "max_steps": 938, "loss": 4.782177925109863, "lr": 0.007272727272727273, "adamw_lr": 0.00018181818181818183, "elapsed_time": 888.180438041687, "prnt": false}
{"event": "training_step", "timestamp": 1782395213.7877991, "step": 870, "max_steps": 938, "loss": 4.737873554229736, "lr": 0.007165775401069519, "adamw_lr": 0.00017914438502673795, "elapsed_time": 889.0239880084991, "prnt": false}
{"event": "training_step", "timestamp": 1782395214.655026, "step": 871, "max_steps": 938, "loss": 4.778576850891113, "lr": 0.007058823529411764, "adamw_lr": 0.0001764705882352941, "elapsed_time": 889.8912131786346, "prnt": false}
{"event": "training_step", "timestamp": 1782395215.517171, "step": 872, "max_steps": 938, "loss": 4.705263614654541, "lr": 0.006951871657754009, "adamw_lr": 0.00017379679144385025, "elapsed_time": 890.7533600330353, "prnt": false}
{"event": "training_step", "timestamp": 1782395216.364285, "step": 873, "max_steps": 938, "loss": 4.800839424133301, "lr": 0.006844919786096257, "adamw_lr": 0.00017112299465240645, "elapsed_time": 891.6004738807678, "prnt": false}
{"event": "training_step", "timestamp": 1782395217.262762, "step": 874, "max_steps": 938, "loss": 4.760153770446777, "lr": 0.006737967914438503, "adamw_lr": 0.00016844919786096257, "elapsed_time": 892.498950958252, "prnt": false}
{"event": "training_step", "timestamp": 1782395218.150253, "step": 875, "max_steps": 938, "loss": 4.788914680480957, "lr": 0.0066310160427807486, "adamw_lr": 0.00016577540106951872, "elapsed_time": 893.3864409923553, "prnt": false}
{"event": "training_step", "timestamp": 1782395219.016002, "step": 876, "max_steps": 938, "loss": 4.766860008239746, "lr": 0.006524064171122994, "adamw_lr": 0.00016310160427807487, "elapsed_time": 894.2521901130676, "prnt": false}
{"event": "training_step", "timestamp": 1782395219.8604832, "step": 877, "max_steps": 938, "loss": 4.706568717956543, "lr": 0.00641711229946524, "adamw_lr": 0.000160427807486631, "elapsed_time": 895.0966720581055, "prnt": false}
{"event": "training_step", "timestamp": 1782395220.686524, "step": 878, "max_steps": 938, "loss": 4.732974052429199, "lr": 0.006310160427807488, "adamw_lr": 0.0001577540106951872, "elapsed_time": 895.9227130413055, "prnt": false}
{"event": "training_step", "timestamp": 1782395221.518772, "step": 879, "max_steps": 938, "loss": 4.814013481140137, "lr": 0.006203208556149733, "adamw_lr": 0.00015508021390374334, "elapsed_time": 896.754959821701, "prnt": false}
{"event": "training_step", "timestamp": 1782395222.3580952, "step": 880, "max_steps": 938, "loss": 4.766488075256348, "lr": 0.006096256684491978, "adamw_lr": 0.00015240641711229946, "elapsed_time": 897.5942840576172, "prnt": false}
{"event": "validation_step", "timestamp": 1782395226.071483, "step": 880, "max_steps": 938, "loss": 1.1703293622484372, "ema": true, "elapsed_time": 897.5942840576172}
{"event": "training_step", "timestamp": 1782395226.896043, "step": 881, "max_steps": 938, "loss": 4.725303649902344, "lr": 0.005989304812834224, "adamw_lr": 0.0001497326203208556, "elapsed_time": 902.1322319507599, "prnt": false}
{"event": "training_step", "timestamp": 1782395227.794084, "step": 882, "max_steps": 938, "loss": 4.79611873626709, "lr": 0.00588235294117647, "adamw_lr": 0.00014705882352941175, "elapsed_time": 903.0302720069885, "prnt": false}
{"event": "training_step", "timestamp": 1782395228.6628768, "step": 883, "max_steps": 938, "loss": 4.763740062713623, "lr": 0.0057754010695187175, "adamw_lr": 0.00014438502673796793, "elapsed_time": 903.8990652561188, "prnt": false}
{"event": "training_step", "timestamp": 1782395229.493533, "step": 884, "max_steps": 938, "loss": 4.743956565856934, "lr": 0.005668449197860963, "adamw_lr": 0.00014171122994652407, "elapsed_time": 904.7297201156616, "prnt": false}
{"event": "training_step", "timestamp": 1782395230.3289258, "step": 885, "max_steps": 938, "loss": 4.769427299499512, "lr": 0.005561497326203209, "adamw_lr": 0.00013903743315508022, "elapsed_time": 905.5651149749756, "prnt": false}
{"event": "training_step", "timestamp": 1782395231.16225, "step": 886, "max_steps": 938, "loss": 4.691234588623047, "lr": 0.005454545454545454, "adamw_lr": 0.00013636363636363637, "elapsed_time": 906.3984379768372, "prnt": false}
{"event": "training_step", "timestamp": 1782395232.016726, "step": 887, "max_steps": 938, "loss": 4.7450175285339355, "lr": 0.0053475935828877, "adamw_lr": 0.0001336898395721925, "elapsed_time": 907.2529139518738, "prnt": false}
{"event": "training_step", "timestamp": 1782395232.859236, "step": 888, "max_steps": 938, "loss": 4.691978454589844, "lr": 0.005240641711229947, "adamw_lr": 0.0001310160427807487, "elapsed_time": 908.0954241752625, "prnt": false}
{"event": "training_step", "timestamp": 1782395233.688003, "step": 889, "max_steps": 938, "loss": 4.760547637939453, "lr": 0.005133689839572193, "adamw_lr": 0.00012834224598930484, "elapsed_time": 908.9241909980774, "prnt": false}
{"event": "training_step", "timestamp": 1782395234.541184, "step": 890, "max_steps": 938, "loss": 4.7527923583984375, "lr": 0.005026737967914439, "adamw_lr": 0.00012566844919786096, "elapsed_time": 909.7773730754852, "prnt": false}
{"event": "training_step", "timestamp": 1782395235.390204, "step": 891, "max_steps": 938, "loss": 4.7156805992126465, "lr": 0.004919786096256685, "adamw_lr": 0.0001229946524064171, "elapsed_time": 910.6263921260834, "prnt": false}
{"event": "training_step", "timestamp": 1782395236.2305448, "step": 892, "max_steps": 938, "loss": 4.683588027954102, "lr": 0.00481283422459893, "adamw_lr": 0.00012032085561497324, "elapsed_time": 911.4667341709137, "prnt": false}
{"event": "training_step", "timestamp": 1782395237.109513, "step": 893, "max_steps": 938, "loss": 4.702372074127197, "lr": 0.004705882352941178, "adamw_lr": 0.00011764705882352944, "elapsed_time": 912.3457019329071, "prnt": false}
{"event": "training_step", "timestamp": 1782395237.983326, "step": 894, "max_steps": 938, "loss": 4.730036735534668, "lr": 0.004598930481283423, "adamw_lr": 0.00011497326203208558, "elapsed_time": 913.2195148468018, "prnt": false}
{"event": "training_step", "timestamp": 1782395238.8053482, "step": 895, "max_steps": 938, "loss": 4.661167621612549, "lr": 0.004491978609625669, "adamw_lr": 0.00011229946524064172, "elapsed_time": 914.0415370464325, "prnt": false}
{"event": "training_step", "timestamp": 1782395239.65454, "step": 896, "max_steps": 938, "loss": 4.66458797454834, "lr": 0.004385026737967914, "adamw_lr": 0.00010962566844919786, "elapsed_time": 914.8907289505005, "prnt": false}
{"event": "training_step", "timestamp": 1782395240.485078, "step": 897, "max_steps": 938, "loss": 4.693696975708008, "lr": 0.00427807486631016, "adamw_lr": 0.00010695187165775399, "elapsed_time": 915.7212669849396, "prnt": false}
{"event": "training_step", "timestamp": 1782395241.3164642, "step": 898, "max_steps": 938, "loss": 4.673516273498535, "lr": 0.004171122994652406, "adamw_lr": 0.00010427807486631014, "elapsed_time": 916.5526530742645, "prnt": false}
{"event": "training_step", "timestamp": 1782395242.155392, "step": 899, "max_steps": 938, "loss": 4.645599365234375, "lr": 0.004064171122994653, "adamw_lr": 0.00010160427807486633, "elapsed_time": 917.3915798664093, "prnt": false}
{"event": "training_step", "timestamp": 1782395242.9928808, "step": 900, "max_steps": 938, "loss": 4.791712284088135, "lr": 0.003957219251336899, "adamw_lr": 9.893048128342247e-05, "elapsed_time": 918.229070186615, "prnt": false}
{"event": "training_step", "timestamp": 1782395243.8452291, "step": 901, "max_steps": 938, "loss": 4.703557014465332, "lr": 0.003850267379679144, "adamw_lr": 9.625668449197861e-05, "elapsed_time": 919.0814180374146, "prnt": false}
{"event": "training_step", "timestamp": 1782395244.7029262, "step": 902, "max_steps": 938, "loss": 4.683337211608887, "lr": 0.00374331550802139, "adamw_lr": 9.358288770053474e-05, "elapsed_time": 919.9391150474548, "prnt": false}
{"event": "training_step", "timestamp": 1782395245.568021, "step": 903, "max_steps": 938, "loss": 4.7377777099609375, "lr": 0.0036363636363636355, "adamw_lr": 9.090909090909089e-05, "elapsed_time": 920.8042089939117, "prnt": false}
{"event": "training_step", "timestamp": 1782395246.428697, "step": 904, "max_steps": 938, "loss": 4.686115264892578, "lr": 0.0035294117647058833, "adamw_lr": 8.823529411764708e-05, "elapsed_time": 921.6648850440979, "prnt": false}
{"event": "training_step", "timestamp": 1782395247.2724328, "step": 905, "max_steps": 938, "loss": 4.716141223907471, "lr": 0.0034224598930481286, "adamw_lr": 8.556149732620323e-05, "elapsed_time": 922.5086212158203, "prnt": false}
{"event": "training_step", "timestamp": 1782395248.128383, "step": 906, "max_steps": 938, "loss": 4.6720805168151855, "lr": 0.0033155080213903743, "adamw_lr": 8.288770053475936e-05, "elapsed_time": 923.3645708560944, "prnt": false}
{"event": "training_step", "timestamp": 1782395248.981738, "step": 907, "max_steps": 938, "loss": 4.737184524536133, "lr": 0.00320855614973262, "adamw_lr": 8.02139037433155e-05, "elapsed_time": 924.2179269790649, "prnt": false}
{"event": "training_step", "timestamp": 1782395249.8050182, "step": 908, "max_steps": 938, "loss": 4.6549973487854, "lr": 0.0031016042780748656, "adamw_lr": 7.754010695187164e-05, "elapsed_time": 925.0412061214447, "prnt": false}
{"event": "training_step", "timestamp": 1782395250.644454, "step": 909, "max_steps": 938, "loss": 4.675058364868164, "lr": 0.002994652406417113, "adamw_lr": 7.486631016042783e-05, "elapsed_time": 925.8806431293488, "prnt": false}
{"event": "training_step", "timestamp": 1782395251.4779038, "step": 910, "max_steps": 938, "loss": 4.695979118347168, "lr": 0.0028877005347593587, "adamw_lr": 7.219251336898396e-05, "elapsed_time": 926.7140920162201, "prnt": false}
{"event": "training_step", "timestamp": 1782395252.2906518, "step": 911, "max_steps": 938, "loss": 4.716006755828857, "lr": 0.0027807486631016044, "adamw_lr": 6.951871657754011e-05, "elapsed_time": 927.5268411636353, "prnt": false}
{"event": "training_step", "timestamp": 1782395253.135044, "step": 912, "max_steps": 938, "loss": 4.642858505249023, "lr": 0.00267379679144385, "adamw_lr": 6.684491978609624e-05, "elapsed_time": 928.3712320327759, "prnt": false}
{"event": "training_step", "timestamp": 1782395253.979449, "step": 913, "max_steps": 938, "loss": 4.684593200683594, "lr": 0.0025668449197860954, "adamw_lr": 6.417112299465239e-05, "elapsed_time": 929.2156381607056, "prnt": false}
{"event": "training_step", "timestamp": 1782395254.8212302, "step": 914, "max_steps": 938, "loss": 4.648379325866699, "lr": 0.002459893048128343, "adamw_lr": 6.149732620320858e-05, "elapsed_time": 930.0574181079865, "prnt": false}
{"event": "training_step", "timestamp": 1782395255.645578, "step": 915, "max_steps": 938, "loss": 4.670225620269775, "lr": 0.002352941176470589, "adamw_lr": 5.882352941176472e-05, "elapsed_time": 930.8817658424377, "prnt": false}
{"event": "training_step", "timestamp": 1782395256.471762, "step": 916, "max_steps": 938, "loss": 4.631836414337158, "lr": 0.0022459893048128346, "adamw_lr": 5.614973262032086e-05, "elapsed_time": 931.7079491615295, "prnt": false}
{"event": "training_step", "timestamp": 1782395257.303173, "step": 917, "max_steps": 938, "loss": 4.580943584442139, "lr": 0.00213903743315508, "adamw_lr": 5.3475935828876996e-05, "elapsed_time": 932.539361000061, "prnt": false}
{"event": "training_step", "timestamp": 1782395258.161387, "step": 918, "max_steps": 938, "loss": 4.719283580780029, "lr": 0.0020320855614973255, "adamw_lr": 5.0802139037433136e-05, "elapsed_time": 933.3975760936737, "prnt": false}
{"event": "training_step", "timestamp": 1782395259.0209332, "step": 919, "max_steps": 938, "loss": 4.68485164642334, "lr": 0.0019251336898395734, "adamw_lr": 4.812834224598933e-05, "elapsed_time": 934.2571220397949, "prnt": false}
{"event": "training_step", "timestamp": 1782395259.94549, "step": 920, "max_steps": 938, "loss": 4.6443586349487305, "lr": 0.0018181818181818188, "adamw_lr": 4.545454545454547e-05, "elapsed_time": 935.1816771030426, "prnt": false}
{"event": "training_step", "timestamp": 1782395260.9705348, "step": 921, "max_steps": 938, "loss": 4.664520263671875, "lr": 0.0017112299465240643, "adamw_lr": 4.278074866310161e-05, "elapsed_time": 936.2067241668701, "prnt": false}
{"event": "training_step", "timestamp": 1782395261.9282508, "step": 922, "max_steps": 938, "loss": 4.698676109313965, "lr": 0.00160427807486631, "adamw_lr": 4.010695187165775e-05, "elapsed_time": 937.1644401550293, "prnt": false}
{"event": "training_step", "timestamp": 1782395262.952681, "step": 923, "max_steps": 938, "loss": 4.633533477783203, "lr": 0.0014973262032085554, "adamw_lr": 3.743315508021389e-05, "elapsed_time": 938.1888689994812, "prnt": false}
{"event": "training_step", "timestamp": 1782395263.9459689, "step": 924, "max_steps": 938, "loss": 4.663277626037598, "lr": 0.0013903743315508011, "adamw_lr": 3.475935828877003e-05, "elapsed_time": 939.182156085968, "prnt": false}
{"event": "validation_step", "timestamp": 1782395268.5038238, "step": 924, "max_steps": 938, "loss": 1.1689971098645209, "ema": true, "elapsed_time": 939.182156085968}
{"event": "training_step", "timestamp": 1782395269.537472, "step": 925, "max_steps": 938, "loss": 4.627455234527588, "lr": 0.0012834224598930488, "adamw_lr": 3.208556149732622e-05, "elapsed_time": 944.7736599445343, "prnt": false}
{"event": "training_step", "timestamp": 1782395270.6180658, "step": 926, "max_steps": 938, "loss": 4.604879379272461, "lr": 0.0011764705882352944, "adamw_lr": 2.941176470588236e-05, "elapsed_time": 945.8542530536652, "prnt": false}
{"event": "training_step", "timestamp": 1782395271.688321, "step": 927, "max_steps": 938, "loss": 4.5872578620910645, "lr": 0.00106951871657754, "adamw_lr": 2.6737967914438498e-05, "elapsed_time": 946.9245090484619, "prnt": false}
{"event": "training_step", "timestamp": 1782395272.7326531, "step": 928, "max_steps": 938, "loss": 4.6322736740112305, "lr": 0.0009625668449197855, "adamw_lr": 2.406417112299464e-05, "elapsed_time": 947.9688398838043, "prnt": false}
{"event": "training_step", "timestamp": 1782395273.786291, "step": 929, "max_steps": 938, "loss": 4.641057968139648, "lr": 0.0008556149732620311, "adamw_lr": 2.1390374331550776e-05, "elapsed_time": 949.0224800109863, "prnt": false}
{"event": "training_step", "timestamp": 1782395274.830086, "step": 930, "max_steps": 938, "loss": 4.597926139831543, "lr": 0.0007486631016042789, "adamw_lr": 1.871657754010697e-05, "elapsed_time": 950.0662751197815, "prnt": false}
{"event": "training_step", "timestamp": 1782395275.865592, "step": 931, "max_steps": 938, "loss": 4.682310104370117, "lr": 0.0006417112299465244, "adamw_lr": 1.604278074866311e-05, "elapsed_time": 951.1017799377441, "prnt": false}
{"event": "training_step", "timestamp": 1782395276.90682, "step": 932, "max_steps": 938, "loss": 4.601042747497559, "lr": 0.00053475935828877, "adamw_lr": 1.3368983957219249e-05, "elapsed_time": 952.1430079936981, "prnt": false}
{"event": "training_step", "timestamp": 1782395277.935571, "step": 933, "max_steps": 938, "loss": 4.6430840492248535, "lr": 0.00042780748663101553, "adamw_lr": 1.0695187165775388e-05, "elapsed_time": 953.171758890152, "prnt": false}
{"event": "training_step", "timestamp": 1782395278.942066, "step": 934, "max_steps": 938, "loss": 4.667569160461426, "lr": 0.0003208556149732611, "adamw_lr": 8.021390374331527e-06, "elapsed_time": 954.1782541275024, "prnt": false}
{"event": "training_step", "timestamp": 1782395280.0159721, "step": 935, "max_steps": 938, "loss": 4.6033406257629395, "lr": 0.00021390374331550888, "adamw_lr": 5.347593582887722e-06, "elapsed_time": 955.2521600723267, "prnt": false}
{"event": "training_step", "timestamp": 1782395281.1022809, "step": 936, "max_steps": 938, "loss": 4.642672538757324, "lr": 0.00010695187165775444, "adamw_lr": 2.673796791443861e-06, "elapsed_time": 956.3384690284729, "prnt": false}
{"event": "training_step", "timestamp": 1782395282.15144, "step": 937, "max_steps": 938, "loss": 4.612279891967773, "lr": 0.0, "adamw_lr": 0.0, "elapsed_time": 957.3876280784607, "prnt": false}
{"event": "training_step", "timestamp": 1782395283.2031412, "step": 938, "max_steps": 938, "loss": 4.598780155181885, "lr": 0.0, "adamw_lr": 0.0, "elapsed_time": 958.4393291473389, "prnt": false}
{"event": "validation_step", "timestamp": 1782395287.644754, "step": 938, "max_steps": 938, "loss": 1.1688248474663738, "ema": true, "elapsed_time": 958.4393291473389}
