{"event": "hyperparameters_configured", "timestamp": 1782390326.55406, "block_size": 128, "batch_size": 64, "vocab_size": 16000, "n_layer": 12, "n_head": 12, "d_model": 384, "dropout": 0.1, "qk_norm": true, "lr": 0.0005, "weight_decay": 0.1, "beta1": 0.9, "beta2": 0.95, "evals_per_epoch": 3, "gradient_accumulation_steps": 1, "epochs": 7, "seed": 1337, "num_titles": 100000, "val_frac": 0.1, "log_file": "./logs/mainrun.log", "onecycle_pct_start": 0.1, "onecycle_div_factor": 25.0, "onecycle_final_div_factor": 1000.0}
{"event": "device_info", "timestamp": 1782390326.560606, "device": "mps"}
{"event": "dataset_info", "timestamp": 1782390335.028638, "titles_count": 90000, "epochs": 7, "batches_per_epoch": 134, "opt_steps_per_epoch": 134, "tokens_per_epoch": 1102455, "vocab_size": 16000}
{"event": "model_info", "timestamp": 1782390335.432961, "parameters_count": 27388032}
{"event": "training_step", "timestamp": 1782390337.165146, "step": 1, "max_steps": 938, "loss": 9.751447677612305, "lr": 2.0137512938209635e-05, "elapsed_time": 1.2162671089172363, "prnt": false}
{"event": "validation_step", "timestamp": 1782390340.836145, "step": 1, "max_steps": 938, "loss": 2.08926549440253, "elapsed_time": 1.2162671089172363}
{"event": "training_step", "timestamp": 1782390341.588237, "step": 2, "max_steps": 938, "loss": 9.72442626953125, "lr": 2.0549894171103665e-05, "elapsed_time": 5.639357089996338, "prnt": false}
{"event": "training_step", "timestamp": 1782390342.377886, "step": 3, "max_steps": 938, "loss": 9.698680877685547, "lr": 2.1236671134057235e-05, "elapsed_time": 6.4290080070495605, "prnt": false}
{"event": "training_step", "timestamp": 1782390343.28758, "step": 4, "max_steps": 938, "loss": 9.660746574401855, "lr": 2.219705682108636e-05, "elapsed_time": 7.338702201843262, "prnt": false}
{"event": "training_step", "timestamp": 1782390344.0831628, "step": 5, "max_steps": 938, "loss": 9.616997718811035, "lr": 2.3429950686710665e-05, "elapsed_time": 8.134286165237427, "prnt": false}
{"event": "training_step", "timestamp": 1782390344.8898182, "step": 6, "max_steps": 938, "loss": 9.593324661254883, "lr": 2.4933939907113986e-05, "elapsed_time": 8.94094204902649, "prnt": false}
{"event": "training_step", "timestamp": 1782390345.752167, "step": 7, "max_steps": 938, "loss": 9.538867950439453, "lr": 2.6707300999156643e-05, "elapsed_time": 9.803290128707886, "prnt": false}
{"event": "training_step", "timestamp": 1782390346.5661728, "step": 8, "max_steps": 938, "loss": 9.47984504699707, "lr": 2.8748001795386475e-05, "elapsed_time": 10.617295980453491, "prnt": false}
{"event": "training_step", "timestamp": 1782390347.378619, "step": 9, "max_steps": 938, "loss": 9.427413940429688, "lr": 3.105370377278269e-05, "elapsed_time": 11.429741144180298, "prnt": false}
{"event": "training_step", "timestamp": 1782390348.159658, "step": 10, "max_steps": 938, "loss": 9.369569778442383, "lr": 3.362176473256569e-05, "elapsed_time": 12.210779905319214, "prnt": false}
{"event": "training_step", "timestamp": 1782390349.073777, "step": 11, "max_steps": 938, "loss": 9.270459175109863, "lr": 3.64492418280015e-05, "elapsed_time": 13.124900102615356, "prnt": false}
{"event": "training_step", "timestamp": 1782390349.8518, "step": 12, "max_steps": 938, "loss": 9.237556457519531, "lr": 3.9532894936730734e-05, "elapsed_time": 13.902923107147217, "prnt": false}
{"event": "training_step", "timestamp": 1782390350.6442251, "step": 13, "max_steps": 938, "loss": 9.181684494018555, "lr": 4.2869190373758545e-05, "elapsed_time": 14.695348024368286, "prnt": false}
{"event": "training_step", "timestamp": 1782390351.514674, "step": 14, "max_steps": 938, "loss": 9.139358520507812, "lr": 4.645430494084918e-05, "elapsed_time": 15.565796136856079, "prnt": false}
{"event": "training_step", "timestamp": 1782390352.307369, "step": 15, "max_steps": 938, "loss": 9.11115837097168, "lr": 5.028413030768651e-05, "elapsed_time": 16.358491897583008, "prnt": false}
{"event": "training_step", "timestamp": 1782390353.129138, "step": 16, "max_steps": 938, "loss": 9.055526733398438, "lr": 5.43542777197786e-05, "elapsed_time": 17.18026113510132, "prnt": false}
{"event": "training_step", "timestamp": 1782390353.969392, "step": 17, "max_steps": 938, "loss": 9.040775299072266, "lr": 5.8660083027712293e-05, "elapsed_time": 18.020515203475952, "prnt": false}
{"event": "training_step", "timestamp": 1782390354.8899891, "step": 18, "max_steps": 938, "loss": 9.006866455078125, "lr": 6.319661203199383e-05, "elapsed_time": 18.94111204147339, "prnt": false}
{"event": "training_step", "timestamp": 1782390355.6959648, "step": 19, "max_steps": 938, "loss": 8.968135833740234, "lr": 6.795866613735113e-05, "elapsed_time": 19.747087240219116, "prnt": false}
{"event": "training_step", "timestamp": 1782390356.56847, "step": 20, "max_steps": 938, "loss": 8.980367660522461, "lr": 7.294078831001803e-05, "elapsed_time": 20.61959195137024, "prnt": false}
{"event": "training_step", "timestamp": 1782390357.342056, "step": 21, "max_steps": 938, "loss": 8.933443069458008, "lr": 7.813726933117378e-05, "elapsed_time": 21.3931782245636, "prnt": false}
{"event": "training_step", "timestamp": 1782390358.1696908, "step": 22, "max_steps": 938, "loss": 8.91038703918457, "lr": 8.354215433937194e-05, "elapsed_time": 22.220813035964966, "prnt": false}
{"event": "training_step", "timestamp": 1782390359.068545, "step": 23, "max_steps": 938, "loss": 8.892276763916016, "lr": 8.914924965446134e-05, "elapsed_time": 23.119667053222656, "prnt": false}
{"event": "training_step", "timestamp": 1782390359.968251, "step": 24, "max_steps": 938, "loss": 8.88711929321289, "lr": 9.495212987517841e-05, "elapsed_time": 24.019374132156372, "prnt": false}
{"event": "training_step", "timestamp": 1782390360.879154, "step": 25, "max_steps": 938, "loss": 8.82081413269043, "lr": 0.00010094414524227968, "elapsed_time": 24.9302761554718, "prnt": false}
{"event": "training_step", "timestamp": 1782390361.772563, "step": 26, "max_steps": 938, "loss": 8.832815170288086, "lr": 0.00010711842925877416, "elapsed_time": 25.82368493080139, "prnt": false}
{"event": "training_step", "timestamp": 1782390362.617172, "step": 27, "max_steps": 938, "loss": 8.799257278442383, "lr": 0.00011346790655852466, "elapsed_time": 26.668293952941895, "prnt": false}
{"event": "training_step", "timestamp": 1782390363.438092, "step": 28, "max_steps": 938, "loss": 8.777853012084961, "lr": 0.00011998530101420138, "elapsed_time": 27.489213943481445, "prnt": false}
{"event": "training_step", "timestamp": 1782390364.230044, "step": 29, "max_steps": 938, "loss": 8.725924491882324, "lr": 0.00012666314407529543, "elapsed_time": 28.28116726875305, "prnt": false}
{"event": "training_step", "timestamp": 1782390365.111512, "step": 30, "max_steps": 938, "loss": 8.715941429138184, "lr": 0.00013349378332663814, "elapsed_time": 29.162634134292603, "prnt": false}
{"event": "training_step", "timestamp": 1782390365.9098, "step": 31, "max_steps": 938, "loss": 8.671164512634277, "lr": 0.0001404693912576186, "elapsed_time": 29.960922241210938, "prnt": false}
{"event": "training_step", "timestamp": 1782390366.692124, "step": 32, "max_steps": 938, "loss": 8.660568237304688, "lr": 0.00014758197423205032, "elapsed_time": 30.743247270584106, "prnt": false}
{"event": "training_step", "timestamp": 1782390367.487147, "step": 33, "max_steps": 938, "loss": 8.616394996643066, "lr": 0.0001548233816484077, "elapsed_time": 31.538269996643066, "prnt": false}
{"event": "training_step", "timestamp": 1782390368.280941, "step": 34, "max_steps": 938, "loss": 8.563837051391602, "lr": 0.00016218531527993575, "elapsed_time": 32.332064151763916, "prnt": false}
{"event": "training_step", "timestamp": 1782390369.17854, "step": 35, "max_steps": 938, "loss": 8.516157150268555, "lr": 0.00016965933878392963, "elapsed_time": 33.22966194152832, "prnt": false}
{"event": "training_step", "timestamp": 1782390370.0328991, "step": 36, "max_steps": 938, "loss": 8.495298385620117, "lr": 0.00017723688736928704, "elapsed_time": 34.0840220451355, "prnt": false}
{"event": "training_step", "timestamp": 1782390370.864005, "step": 37, "max_steps": 938, "loss": 8.440448760986328, "lr": 0.0001849092776112547, "elapsed_time": 34.915128231048584, "prnt": false}
{"event": "training_step", "timestamp": 1782390371.706939, "step": 38, "max_steps": 938, "loss": 8.397298812866211, "lr": 0.0001926677174021219, "elapsed_time": 35.75806212425232, "prnt": false}
{"event": "training_step", "timestamp": 1782390372.6201348, "step": 39, "max_steps": 938, "loss": 8.355857849121094, "lr": 0.00020050331602645922, "elapsed_time": 36.671258211135864, "prnt": false}
{"event": "training_step", "timestamp": 1782390373.4263859, "step": 40, "max_steps": 938, "loss": 8.29899787902832, "lr": 0.0002084070943493542, "elapsed_time": 37.47750902175903, "prnt": false}
{"event": "training_step", "timestamp": 1782390374.222137, "step": 41, "max_steps": 938, "loss": 8.320237159729004, "lr": 0.00021636999510597245, "elapsed_time": 38.27325916290283, "prnt": false}
{"event": "training_step", "timestamp": 1782390375.115353, "step": 42, "max_steps": 938, "loss": 8.193267822265625, "lr": 0.00022438289328064967, "elapsed_time": 39.166476011276245, "prnt": false}
{"event": "training_step", "timestamp": 1782390375.909825, "step": 43, "max_steps": 938, "loss": 8.146537780761719, "lr": 0.00023243660656362282, "elapsed_time": 39.96094799041748, "prnt": false}
{"event": "training_step", "timestamp": 1782390376.696958, "step": 44, "max_steps": 938, "loss": 8.068902015686035, "lr": 0.00024052190587341642, "elapsed_time": 40.748080015182495, "prnt": false}
{"event": "validation_step", "timestamp": 1782390380.457292, "step": 44, "max_steps": 938, "loss": 1.7320897639941428, "elapsed_time": 40.748080015182495}
{"event": "training_step", "timestamp": 1782390381.291711, "step": 45, "max_steps": 938, "loss": 8.072749137878418, "lr": 0.00024862952593282734, "elapsed_time": 45.34283399581909, "prnt": false}
{"event": "training_step", "timestamp": 1782390382.1165462, "step": 46, "max_steps": 938, "loss": 7.972311019897461, "lr": 0.0002567501758863867, "elapsed_time": 46.16766905784607, "prnt": false}
{"event": "training_step", "timestamp": 1782390382.9438138, "step": 47, "max_steps": 938, "loss": 7.990933895111084, "lr": 0.00026487454994713374, "elapsed_time": 46.99493622779846, "prnt": false}
{"event": "training_step", "timestamp": 1782390383.8588579, "step": 48, "max_steps": 938, "loss": 7.939765453338623, "lr": 0.00027299333806050013, "elapsed_time": 47.90998101234436, "prnt": false}
{"event": "training_step", "timestamp": 1782390384.657402, "step": 49, "max_steps": 938, "loss": 7.892595291137695, "lr": 0.00028109723657308443, "elapsed_time": 48.70852518081665, "prnt": false}
{"event": "training_step", "timestamp": 1782390385.455416, "step": 50, "max_steps": 938, "loss": 7.878288745880127, "lr": 0.00028917695889409155, "elapsed_time": 49.50653910636902, "prnt": false}
{"event": "training_step", "timestamp": 1782390386.281285, "step": 51, "max_steps": 938, "loss": 7.87928581237793, "lr": 0.00029722324613721906, "elapsed_time": 50.332406997680664, "prnt": false}
{"event": "training_step", "timestamp": 1782390387.1496162, "step": 52, "max_steps": 938, "loss": 7.803889274597168, "lr": 0.00030522687773079627, "elapsed_time": 51.200738191604614, "prnt": false}
{"event": "training_step", "timestamp": 1782390387.943273, "step": 53, "max_steps": 938, "loss": 7.737946033477783, "lr": 0.0003131786819840169, "elapsed_time": 51.99439597129822, "prnt": false}
{"event": "training_step", "timestamp": 1782390388.788789, "step": 54, "max_steps": 938, "loss": 7.716651916503906, "lr": 0.00032106954659715626, "elapsed_time": 52.83991098403931, "prnt": false}
{"event": "training_step", "timestamp": 1782390389.699637, "step": 55, "max_steps": 938, "loss": 7.70257568359375, "lr": 0.0003288904291037315, "elapsed_time": 53.750760078430176, "prnt": false}
{"event": "training_step", "timestamp": 1782390390.476779, "step": 56, "max_steps": 938, "loss": 7.642498016357422, "lr": 0.0003366323672326351, "elapsed_time": 54.527902126312256, "prnt": false}
{"event": "training_step", "timestamp": 1782390391.301274, "step": 57, "max_steps": 938, "loss": 7.613461494445801, "lr": 0.00034428648917837117, "elapsed_time": 55.35239601135254, "prnt": false}
{"event": "training_step", "timestamp": 1782390392.229609, "step": 58, "max_steps": 938, "loss": 7.5640411376953125, "lr": 0.00035184402376762147, "elapsed_time": 56.280730962753296, "prnt": false}
{"event": "training_step", "timestamp": 1782390393.1066759, "step": 59, "max_steps": 938, "loss": 7.569665908813477, "lr": 0.00035929631051049443, "elapsed_time": 57.157798051834106, "prnt": false}
{"event": "training_step", "timestamp": 1782390393.9472141, "step": 60, "max_steps": 938, "loss": 7.57815408706665, "lr": 0.0003666348095249368, "elapsed_time": 57.99833607673645, "prnt": false}
{"event": "training_step", "timestamp": 1782390394.8008761, "step": 61, "max_steps": 938, "loss": 7.558499336242676, "lr": 0.0003738511113229358, "elapsed_time": 58.85199689865112, "prnt": false}
{"event": "training_step", "timestamp": 1782390395.5658062, "step": 62, "max_steps": 938, "loss": 7.561825752258301, "lr": 0.0003809369464472978, "elapsed_time": 59.616929054260254, "prnt": false}
{"event": "training_step", "timestamp": 1782390396.344532, "step": 63, "max_steps": 938, "loss": 7.5576910972595215, "lr": 0.00038788419494795916, "elapsed_time": 60.395654916763306, "prnt": false}
{"event": "training_step", "timestamp": 1782390397.113962, "step": 64, "max_steps": 938, "loss": 7.433403968811035, "lr": 0.00039468489568697166, "elapsed_time": 61.16508388519287, "prnt": false}
{"event": "training_step", "timestamp": 1782390397.997867, "step": 65, "max_steps": 938, "loss": 7.47906494140625, "lr": 0.00040133125546149787, "elapsed_time": 62.048989057540894, "prnt": false}
{"event": "training_step", "timestamp": 1782390398.902308, "step": 66, "max_steps": 938, "loss": 7.396169185638428, "lr": 0.00040781565793436255, "elapsed_time": 62.95343017578125, "prnt": false}
{"event": "training_step", "timestamp": 1782390399.785439, "step": 67, "max_steps": 938, "loss": 7.4040632247924805, "lr": 0.00041413067236192766, "elapsed_time": 63.83656096458435, "prnt": false}
{"event": "training_step", "timestamp": 1782390400.5726678, "step": 68, "max_steps": 938, "loss": 7.3827009201049805, "lr": 0.0004202690621092869, "elapsed_time": 64.62379002571106, "prnt": false}
{"event": "training_step", "timestamp": 1782390401.325323, "step": 69, "max_steps": 938, "loss": 7.408960342407227, "lr": 0.0004262237929430232, "elapsed_time": 65.37644505500793, "prnt": false}
{"event": "training_step", "timestamp": 1782390402.064964, "step": 70, "max_steps": 938, "loss": 7.388905048370361, "lr": 0.00043198804109202666, "elapsed_time": 66.11608600616455, "prnt": false}
{"event": "training_step", "timestamp": 1782390402.9285362, "step": 71, "max_steps": 938, "loss": 7.373258590698242, "lr": 0.0004375552010671344, "elapsed_time": 66.97965908050537, "prnt": false}
{"event": "training_step", "timestamp": 1782390403.8663838, "step": 72, "max_steps": 938, "loss": 7.410552024841309, "lr": 0.0004429188932306326, "elapsed_time": 67.91750717163086, "prnt": false}
{"event": "training_step", "timestamp": 1782390404.805675, "step": 73, "max_steps": 938, "loss": 7.292642593383789, "lr": 0.000448072971106946, "elapsed_time": 68.85679697990417, "prnt": false}
{"event": "training_step", "timestamp": 1782390405.742514, "step": 74, "max_steps": 938, "loss": 7.371382236480713, "lr": 0.0004530115284261365, "elapsed_time": 69.7936360836029, "prnt": false}
{"event": "training_step", "timestamp": 1782390406.674022, "step": 75, "max_steps": 938, "loss": 7.382350921630859, "lr": 0.00045772890589214197, "elapsed_time": 70.72514414787292, "prnt": false}
{"event": "training_step", "timestamp": 1782390407.590697, "step": 76, "max_steps": 938, "loss": 7.289435386657715, "lr": 0.00046221969766799574, "elapsed_time": 71.64181995391846, "prnt": false}
{"event": "training_step", "timestamp": 1782390408.5139542, "step": 77, "max_steps": 938, "loss": 7.287017345428467, "lr": 0.00046647875757059793, "elapsed_time": 72.56507706642151, "prnt": false}
{"event": "training_step", "timestamp": 1782390409.4966888, "step": 78, "max_steps": 938, "loss": 7.259843826293945, "lr": 0.00047050120496793847, "elapsed_time": 73.54781222343445, "prnt": false}
{"event": "training_step", "timestamp": 1782390410.4953868, "step": 79, "max_steps": 938, "loss": 7.274972438812256, "lr": 0.0004742824303720139, "elapsed_time": 74.54651021957397, "prnt": false}
{"event": "training_step", "timestamp": 1782390411.456152, "step": 80, "max_steps": 938, "loss": 7.246824264526367, "lr": 0.0004778181007210297, "elapsed_time": 75.50727415084839, "prnt": false}
{"event": "training_step", "timestamp": 1782390412.431901, "step": 81, "max_steps": 938, "loss": 7.2147216796875, "lr": 0.00048110416434483385, "elapsed_time": 76.4830231666565, "prnt": false}
{"event": "training_step", "timestamp": 1782390413.407267, "step": 82, "max_steps": 938, "loss": 7.208831787109375, "lr": 0.0004841368556078928, "elapsed_time": 77.4583899974823, "prnt": false}
{"event": "training_step", "timestamp": 1782390414.365301, "step": 83, "max_steps": 938, "loss": 7.240453720092773, "lr": 0.00048691269922448744, "elapsed_time": 78.41642308235168, "prnt": false}
{"event": "training_step", "timestamp": 1782390415.322759, "step": 84, "max_steps": 938, "loss": 7.204471588134766, "lr": 0.0004894285142411867, "elapsed_time": 79.37388110160828, "prnt": false}
{"event": "training_step", "timestamp": 1782390416.272819, "step": 85, "max_steps": 938, "loss": 7.1795244216918945, "lr": 0.000491681417682033, "elapsed_time": 80.32394194602966, "prnt": false}
{"event": "training_step", "timestamp": 1782390417.2227, "step": 86, "max_steps": 938, "loss": 7.204861640930176, "lr": 0.0004936688278522623, "elapsed_time": 81.27382302284241, "prnt": false}
{"event": "training_step", "timestamp": 1782390418.184932, "step": 87, "max_steps": 938, "loss": 7.187281131744385, "lr": 0.0004953884672967753, "elapsed_time": 82.23605513572693, "prnt": false}
{"event": "training_step", "timestamp": 1782390419.197881, "step": 88, "max_steps": 938, "loss": 7.097151756286621, "lr": 0.0004968383654099663, "elapsed_time": 83.24900412559509, "prnt": false}
{"event": "validation_step", "timestamp": 1782390423.557766, "step": 88, "max_steps": 938, "loss": 1.533710230170277, "elapsed_time": 83.24900412559509}
{"event": "training_step", "timestamp": 1782390424.486636, "step": 89, "max_steps": 938, "loss": 7.082820892333984, "lr": 0.0004980168606939215, "elapsed_time": 88.53775811195374, "prnt": false}
{"event": "training_step", "timestamp": 1782390425.429745, "step": 90, "max_steps": 938, "loss": 7.235515594482422, "lr": 0.000498922602662398, "elapsed_time": 89.48086810112, "prnt": false}
{"event": "training_step", "timestamp": 1782390426.357414, "step": 91, "max_steps": 938, "loss": 7.126745223999023, "lr": 0.0004995545533884011, "elapsed_time": 90.408536195755, "prnt": false}
{"event": "training_step", "timestamp": 1782390427.325462, "step": 92, "max_steps": 938, "loss": 7.126646518707275, "lr": 0.0004999119886935882, "elapsed_time": 91.37658405303955, "prnt": false}
{"event": "training_step", "timestamp": 1782390428.2496178, "step": 93, "max_steps": 938, "loss": 7.058778285980225, "lr": 0.0004999999307592662, "elapsed_time": 92.30074095726013, "prnt": false}
{"event": "training_step", "timestamp": 1782390429.203007, "step": 94, "max_steps": 938, "loss": 7.136242866516113, "lr": 0.0004999975073376098, "elapsed_time": 93.25412893295288, "prnt": false}
{"event": "training_step", "timestamp": 1782390430.065241, "step": 95, "max_steps": 938, "loss": 7.038135528564453, "lr": 0.0004999916219176184, "elapsed_time": 94.11636304855347, "prnt": false}
{"event": "training_step", "timestamp": 1782390430.892124, "step": 96, "max_steps": 938, "loss": 7.147885322570801, "lr": 0.0004999822745807968, "elapsed_time": 94.94324707984924, "prnt": false}
{"event": "training_step", "timestamp": 1782390431.784857, "step": 97, "max_steps": 938, "loss": 7.103006839752197, "lr": 0.0004999694654565939, "elapsed_time": 95.83598017692566, "prnt": false}
{"event": "training_step", "timestamp": 1782390432.73974, "step": 98, "max_steps": 938, "loss": 7.03178071975708, "lr": 0.0004999531947223987, "elapsed_time": 96.79086327552795, "prnt": false}
{"event": "training_step", "timestamp": 1782390433.636352, "step": 99, "max_steps": 938, "loss": 7.108221530914307, "lr": 0.0004999334626035398, "elapsed_time": 97.68747401237488, "prnt": false}
{"event": "training_step", "timestamp": 1782390434.427402, "step": 100, "max_steps": 938, "loss": 7.054433822631836, "lr": 0.0004999102693732811, "elapsed_time": 98.47852492332458, "prnt": false}
{"event": "training_step", "timestamp": 1782390435.351062, "step": 101, "max_steps": 938, "loss": 7.017409801483154, "lr": 0.0004998836153528182, "elapsed_time": 99.40218305587769, "prnt": false}
{"event": "training_step", "timestamp": 1782390436.159227, "step": 102, "max_steps": 938, "loss": 6.992802143096924, "lr": 0.0004998535009112743, "elapsed_time": 100.2103500366211, "prnt": false}
{"event": "training_step", "timestamp": 1782390436.981181, "step": 103, "max_steps": 938, "loss": 7.043678283691406, "lr": 0.0004998199264656949, "elapsed_time": 101.03230404853821, "prnt": false}
{"event": "training_step", "timestamp": 1782390437.829996, "step": 104, "max_steps": 938, "loss": 6.990689277648926, "lr": 0.0004997828924810418, "elapsed_time": 101.88111805915833, "prnt": false}
{"event": "training_step", "timestamp": 1782390438.705912, "step": 105, "max_steps": 938, "loss": 6.95123815536499, "lr": 0.0004997423994701871, "elapsed_time": 102.75703501701355, "prnt": false}
{"event": "training_step", "timestamp": 1782390439.5181382, "step": 106, "max_steps": 938, "loss": 6.957392692565918, "lr": 0.0004996984479939058, "elapsed_time": 103.56926107406616, "prnt": false}
{"event": "training_step", "timestamp": 1782390440.3724742, "step": 107, "max_steps": 938, "loss": 6.975584030151367, "lr": 0.0004996510386608678, "elapsed_time": 104.42359614372253, "prnt": false}
{"event": "training_step", "timestamp": 1782390441.313313, "step": 108, "max_steps": 938, "loss": 6.90409517288208, "lr": 0.0004996001721276305, "elapsed_time": 105.36443591117859, "prnt": false}
{"event": "training_step", "timestamp": 1782390442.220829, "step": 109, "max_steps": 938, "loss": 6.943798065185547, "lr": 0.0004995458490986282, "elapsed_time": 106.27195191383362, "prnt": false}
{"event": "training_step", "timestamp": 1782390443.1145852, "step": 110, "max_steps": 938, "loss": 6.963693618774414, "lr": 0.0004994880703261635, "elapsed_time": 107.16570806503296, "prnt": false}
{"event": "training_step", "timestamp": 1782390444.073039, "step": 111, "max_steps": 938, "loss": 6.916464805603027, "lr": 0.0004994268366103964, "elapsed_time": 108.12416219711304, "prnt": false}
{"event": "training_step", "timestamp": 1782390444.868845, "step": 112, "max_steps": 938, "loss": 6.887134552001953, "lr": 0.0004993621487993334, "elapsed_time": 108.91996812820435, "prnt": false}
{"event": "training_step", "timestamp": 1782390445.64428, "step": 113, "max_steps": 938, "loss": 6.821544647216797, "lr": 0.0004992940077888157, "elapsed_time": 109.69540214538574, "prnt": false}
{"event": "training_step", "timestamp": 1782390446.522758, "step": 114, "max_steps": 938, "loss": 6.945704460144043, "lr": 0.0004992224145225066, "elapsed_time": 110.57388019561768, "prnt": false}
{"event": "training_step", "timestamp": 1782390447.34636, "step": 115, "max_steps": 938, "loss": 6.903593063354492, "lr": 0.0004991473699918787, "elapsed_time": 111.39748406410217, "prnt": false}
{"event": "training_step", "timestamp": 1782390448.1667252, "step": 116, "max_steps": 938, "loss": 6.804174900054932, "lr": 0.0004990688752362003, "elapsed_time": 112.21784806251526, "prnt": false}
{"event": "training_step", "timestamp": 1782390449.063583, "step": 117, "max_steps": 938, "loss": 6.854242324829102, "lr": 0.0004989869313425204, "elapsed_time": 113.11470603942871, "prnt": false}
{"event": "training_step", "timestamp": 1782390450.08243, "step": 118, "max_steps": 938, "loss": 6.8641252517700195, "lr": 0.0004989015394456543, "elapsed_time": 114.13355302810669, "prnt": false}
{"event": "training_step", "timestamp": 1782390451.008959, "step": 119, "max_steps": 938, "loss": 6.824384689331055, "lr": 0.0004988127007281674, "elapsed_time": 115.06008100509644, "prnt": false}
{"event": "training_step", "timestamp": 1782390451.935648, "step": 120, "max_steps": 938, "loss": 6.848327159881592, "lr": 0.0004987204164203593, "elapsed_time": 115.98676991462708, "prnt": false}
{"event": "training_step", "timestamp": 1782390452.895871, "step": 121, "max_steps": 938, "loss": 6.808052062988281, "lr": 0.0004986246878002461, "elapsed_time": 116.94699287414551, "prnt": false}
{"event": "training_step", "timestamp": 1782390453.838557, "step": 122, "max_steps": 938, "loss": 6.823004722595215, "lr": 0.0004985255161935436, "elapsed_time": 117.88967990875244, "prnt": false}
{"event": "training_step", "timestamp": 1782390454.641336, "step": 123, "max_steps": 938, "loss": 6.751642227172852, "lr": 0.0004984229029736481, "elapsed_time": 118.692458152771, "prnt": false}
{"event": "training_step", "timestamp": 1782390455.5467541, "step": 124, "max_steps": 938, "loss": 6.843415260314941, "lr": 0.0004983168495616177, "elapsed_time": 119.59787702560425, "prnt": false}
{"event": "training_step", "timestamp": 1782390456.342795, "step": 125, "max_steps": 938, "loss": 6.787811279296875, "lr": 0.0004982073574261529, "elapsed_time": 120.39391803741455, "prnt": false}
{"event": "training_step", "timestamp": 1782390457.139267, "step": 126, "max_steps": 938, "loss": 6.814768314361572, "lr": 0.0004980944280835757, "elapsed_time": 121.19039011001587, "prnt": false}
{"event": "training_step", "timestamp": 1782390457.939311, "step": 127, "max_steps": 938, "loss": 6.793367385864258, "lr": 0.000497978063097809, "elapsed_time": 121.9904351234436, "prnt": false}
{"event": "training_step", "timestamp": 1782390458.738465, "step": 128, "max_steps": 938, "loss": 6.7917304039001465, "lr": 0.0004978582640803549, "elapsed_time": 122.78958797454834, "prnt": false}
{"event": "training_step", "timestamp": 1782390459.675458, "step": 129, "max_steps": 938, "loss": 6.817929267883301, "lr": 0.0004977350326902725, "elapsed_time": 123.72658109664917, "prnt": false}
{"event": "training_step", "timestamp": 1782390460.661261, "step": 130, "max_steps": 938, "loss": 6.8348541259765625, "lr": 0.0004976083706341543, "elapsed_time": 124.71238398551941, "prnt": false}
{"event": "training_step", "timestamp": 1782390461.559534, "step": 131, "max_steps": 938, "loss": 6.68955135345459, "lr": 0.0004974782796661034, "elapsed_time": 125.61065602302551, "prnt": false}
{"event": "training_step", "timestamp": 1782390462.404303, "step": 132, "max_steps": 938, "loss": 6.750675201416016, "lr": 0.0004973447615877086, "elapsed_time": 126.45542502403259, "prnt": false}
{"event": "validation_step", "timestamp": 1782390466.0622, "step": 132, "max_steps": 938, "loss": 1.4480166263644476, "elapsed_time": 126.45542502403259}
{"event": "training_step", "timestamp": 1782390466.850067, "step": 133, "max_steps": 938, "loss": 6.72495174407959, "lr": 0.0004972078182480198, "elapsed_time": 130.90119004249573, "prnt": false}
{"event": "training_step", "timestamp": 1782390467.705722, "step": 134, "max_steps": 938, "loss": 6.756482124328613, "lr": 0.0004970674515435224, "elapsed_time": 131.756844997406, "prnt": false}
{"event": "training_step", "timestamp": 1782390468.548395, "step": 135, "max_steps": 938, "loss": 6.749951362609863, "lr": 0.0004969236634181104, "elapsed_time": 132.5995168685913, "prnt": false}
{"event": "training_step", "timestamp": 1782390469.352371, "step": 136, "max_steps": 938, "loss": 6.70689058303833, "lr": 0.0004967764558630605, "elapsed_time": 133.4034938812256, "prnt": false}
{"event": "training_step", "timestamp": 1782390470.183358, "step": 137, "max_steps": 938, "loss": 6.6570940017700195, "lr": 0.0004966258309170038, "elapsed_time": 134.23448085784912, "prnt": false}
{"event": "training_step", "timestamp": 1782390471.1252701, "step": 138, "max_steps": 938, "loss": 6.736003398895264, "lr": 0.0004964717906658977, "elapsed_time": 135.17639303207397, "prnt": false}
{"event": "training_step", "timestamp": 1782390472.0648088, "step": 139, "max_steps": 938, "loss": 6.6803154945373535, "lr": 0.0004963143372429973, "elapsed_time": 136.11593198776245, "prnt": false}
{"event": "training_step", "timestamp": 1782390472.95928, "step": 140, "max_steps": 938, "loss": 6.706507682800293, "lr": 0.0004961534728288254, "elapsed_time": 137.01040315628052, "prnt": false}
{"event": "training_step", "timestamp": 1782390473.894678, "step": 141, "max_steps": 938, "loss": 6.6541948318481445, "lr": 0.0004959891996511428, "elapsed_time": 137.94580101966858, "prnt": false}
{"event": "training_step", "timestamp": 1782390474.724564, "step": 142, "max_steps": 938, "loss": 6.712660789489746, "lr": 0.0004958215199849169, "elapsed_time": 138.77568697929382, "prnt": false}
{"event": "training_step", "timestamp": 1782390475.5427809, "step": 143, "max_steps": 938, "loss": 6.66899299621582, "lr": 0.0004956504361522908, "elapsed_time": 139.5939040184021, "prnt": false}
{"event": "training_step", "timestamp": 1782390476.447211, "step": 144, "max_steps": 938, "loss": 6.707422733306885, "lr": 0.0004954759505225504, "elapsed_time": 140.49833393096924, "prnt": false}
{"event": "training_step", "timestamp": 1782390477.279644, "step": 145, "max_steps": 938, "loss": 6.616140842437744, "lr": 0.0004952980655120926, "elapsed_time": 141.3307671546936, "prnt": false}
{"event": "training_step", "timestamp": 1782390478.0919628, "step": 146, "max_steps": 938, "loss": 6.673286437988281, "lr": 0.0004951167835843907, "elapsed_time": 142.14308500289917, "prnt": false}
{"event": "training_step", "timestamp": 1782390478.9393642, "step": 147, "max_steps": 938, "loss": 6.636890411376953, "lr": 0.0004949321072499613, "elapsed_time": 142.99048709869385, "prnt": false}
{"event": "training_step", "timestamp": 1782390479.8617222, "step": 148, "max_steps": 938, "loss": 6.667631149291992, "lr": 0.0004947440390663286, "elapsed_time": 143.9128441810608, "prnt": false}
{"event": "training_step", "timestamp": 1782390480.7133708, "step": 149, "max_steps": 938, "loss": 6.63785457611084, "lr": 0.0004945525816379899, "elapsed_time": 144.76449418067932, "prnt": false}
{"event": "training_step", "timestamp": 1782390481.538635, "step": 150, "max_steps": 938, "loss": 6.636651992797852, "lr": 0.0004943577376163788, "elapsed_time": 145.58975791931152, "prnt": false}
{"event": "training_step", "timestamp": 1782390482.508309, "step": 151, "max_steps": 938, "loss": 6.624301910400391, "lr": 0.000494159509699829, "elapsed_time": 146.5594310760498, "prnt": false}
{"event": "training_step", "timestamp": 1782390483.307499, "step": 152, "max_steps": 938, "loss": 6.634213924407959, "lr": 0.0004939579006335362, "elapsed_time": 147.3586220741272, "prnt": false}
{"event": "training_step", "timestamp": 1782390484.221972, "step": 153, "max_steps": 938, "loss": 6.65415620803833, "lr": 0.0004937529132095213, "elapsed_time": 148.27309393882751, "prnt": false}
{"event": "training_step", "timestamp": 1782390485.0271392, "step": 154, "max_steps": 938, "loss": 6.651524543762207, "lr": 0.0004935445502665905, "elapsed_time": 149.07826209068298, "prnt": false}
{"event": "training_step", "timestamp": 1782390485.816718, "step": 155, "max_steps": 938, "loss": 6.578987121582031, "lr": 0.0004933328146902965, "elapsed_time": 149.86784100532532, "prnt": false}
{"event": "training_step", "timestamp": 1782390486.646695, "step": 156, "max_steps": 938, "loss": 6.607848644256592, "lr": 0.0004931177094128989, "elapsed_time": 150.69781827926636, "prnt": false}
{"event": "training_step", "timestamp": 1782390487.562701, "step": 157, "max_steps": 938, "loss": 6.588803768157959, "lr": 0.000492899237413323, "elapsed_time": 151.61382412910461, "prnt": false}
{"event": "training_step", "timestamp": 1782390488.3558888, "step": 158, "max_steps": 938, "loss": 6.5758867263793945, "lr": 0.0004926774017171186, "elapsed_time": 152.4070110321045, "prnt": false}
{"event": "training_step", "timestamp": 1782390489.14184, "step": 159, "max_steps": 938, "loss": 6.539873123168945, "lr": 0.0004924522053964185, "elapsed_time": 153.19296216964722, "prnt": false}
{"event": "training_step", "timestamp": 1782390490.093359, "step": 160, "max_steps": 938, "loss": 6.569604396820068, "lr": 0.0004922236515698958, "elapsed_time": 154.14448308944702, "prnt": false}
{"event": "training_step", "timestamp": 1782390491.0424058, "step": 161, "max_steps": 938, "loss": 6.512348175048828, "lr": 0.0004919917434027205, "elapsed_time": 155.09352922439575, "prnt": false}
{"event": "training_step", "timestamp": 1782390491.927875, "step": 162, "max_steps": 938, "loss": 6.540355682373047, "lr": 0.0004917564841065158, "elapsed_time": 155.9789981842041, "prnt": false}
{"event": "training_step", "timestamp": 1782390492.8988092, "step": 163, "max_steps": 938, "loss": 6.503218650817871, "lr": 0.0004915178769393137, "elapsed_time": 156.94993209838867, "prnt": false}
{"event": "training_step", "timestamp": 1782390493.77529, "step": 164, "max_steps": 938, "loss": 6.588523864746094, "lr": 0.0004912759252055098, "elapsed_time": 157.82641315460205, "prnt": false}
{"event": "training_step", "timestamp": 1782390494.639592, "step": 165, "max_steps": 938, "loss": 6.540652275085449, "lr": 0.0004910306322558175, "elapsed_time": 158.6907148361206, "prnt": false}
{"event": "training_step", "timestamp": 1782390495.562038, "step": 166, "max_steps": 938, "loss": 6.54469633102417, "lr": 0.0004907820014872217, "elapsed_time": 159.61316108703613, "prnt": false}
{"event": "training_step", "timestamp": 1782390496.419768, "step": 167, "max_steps": 938, "loss": 6.5426154136657715, "lr": 0.0004905300363429317, "elapsed_time": 160.47089004516602, "prnt": false}
{"event": "training_step", "timestamp": 1782390497.2334359, "step": 168, "max_steps": 938, "loss": 6.487237930297852, "lr": 0.0004902747403123334, "elapsed_time": 161.28455996513367, "prnt": false}
{"event": "training_step", "timestamp": 1782390498.2148428, "step": 169, "max_steps": 938, "loss": 6.474061012268066, "lr": 0.0004900161169309414, "elapsed_time": 162.2659661769867, "prnt": false}
{"event": "training_step", "timestamp": 1782390499.0656378, "step": 170, "max_steps": 938, "loss": 6.551707744598389, "lr": 0.0004897541697803494, "elapsed_time": 163.11676120758057, "prnt": false}
{"event": "training_step", "timestamp": 1782390499.9486022, "step": 171, "max_steps": 938, "loss": 6.512142658233643, "lr": 0.0004894889024881812, "elapsed_time": 163.99972414970398, "prnt": false}
{"event": "training_step", "timestamp": 1782390500.808501, "step": 172, "max_steps": 938, "loss": 6.544783115386963, "lr": 0.0004892203187280399, "elapsed_time": 164.85962390899658, "prnt": false}
{"event": "training_step", "timestamp": 1782390501.688757, "step": 173, "max_steps": 938, "loss": 6.5449090003967285, "lr": 0.0004889484222194576, "elapsed_time": 165.73987889289856, "prnt": false}
{"event": "training_step", "timestamp": 1782390502.538771, "step": 174, "max_steps": 938, "loss": 6.4636054039001465, "lr": 0.0004886732167278435, "elapsed_time": 166.5898950099945, "prnt": false}
{"event": "training_step", "timestamp": 1782390503.354383, "step": 175, "max_steps": 938, "loss": 6.571983337402344, "lr": 0.0004883947060644317, "elapsed_time": 167.4055061340332, "prnt": false}
{"event": "training_step", "timestamp": 1782390504.1815228, "step": 176, "max_steps": 938, "loss": 6.435572624206543, "lr": 0.00048811289408622895, "elapsed_time": 168.23264694213867, "prnt": false}
{"event": "validation_step", "timestamp": 1782390507.872065, "step": 176, "max_steps": 938, "loss": 1.3927923379536753, "elapsed_time": 168.23264694213867}
{"event": "training_step", "timestamp": 1782390508.648127, "step": 177, "max_steps": 938, "loss": 6.480905532836914, "lr": 0.0004878277846959606, "elapsed_time": 172.69924998283386, "prnt": false}
{"event": "training_step", "timestamp": 1782390509.468488, "step": 178, "max_steps": 938, "loss": 6.411871433258057, "lr": 0.0004875393818420169, "elapsed_time": 173.51961088180542, "prnt": false}
{"event": "training_step", "timestamp": 1782390510.305294, "step": 179, "max_steps": 938, "loss": 6.478029251098633, "lr": 0.00048724768951839817, "elapsed_time": 174.35641503334045, "prnt": false}
{"event": "training_step", "timestamp": 1782390511.2616189, "step": 180, "max_steps": 938, "loss": 6.406130790710449, "lr": 0.00048695271176465977, "elapsed_time": 175.3127419948578, "prnt": false}
{"event": "training_step", "timestamp": 1782390512.1515908, "step": 181, "max_steps": 938, "loss": 6.482892036437988, "lr": 0.00048665445266585564, "elapsed_time": 176.2027142047882, "prnt": false}
{"event": "training_step", "timestamp": 1782390513.054416, "step": 182, "max_steps": 938, "loss": 6.480888843536377, "lr": 0.0004863529163524823, "elapsed_time": 177.10553908348083, "prnt": false}
{"event": "training_step", "timestamp": 1782390514.05439, "step": 183, "max_steps": 938, "loss": 6.416081428527832, "lr": 0.00048604810700042127, "elapsed_time": 178.1055130958557, "prnt": false}
{"event": "training_step", "timestamp": 1782390514.90089, "step": 184, "max_steps": 938, "loss": 6.51192569732666, "lr": 0.00048574002883088133, "elapsed_time": 178.95201206207275, "prnt": false}
{"event": "training_step", "timestamp": 1782390515.7265909, "step": 185, "max_steps": 938, "loss": 6.514538764953613, "lr": 0.00048542868611034013, "elapsed_time": 179.77771306037903, "prnt": false}
{"event": "training_step", "timestamp": 1782390516.685809, "step": 186, "max_steps": 938, "loss": 6.427837371826172, "lr": 0.00048511408315048506, "elapsed_time": 180.73693108558655, "prnt": false}
{"event": "training_step", "timestamp": 1782390517.552331, "step": 187, "max_steps": 938, "loss": 6.438746452331543, "lr": 0.00048479622430815344, "elapsed_time": 181.6034541130066, "prnt": false}
{"event": "training_step", "timestamp": 1782390518.380426, "step": 188, "max_steps": 938, "loss": 6.425352573394775, "lr": 0.00048447511398527255, "elapsed_time": 182.43154907226562, "prnt": false}
{"event": "training_step", "timestamp": 1782390519.339062, "step": 189, "max_steps": 938, "loss": 6.430697917938232, "lr": 0.0004841507566287981, "elapsed_time": 183.39018511772156, "prnt": false}
{"event": "training_step", "timestamp": 1782390520.2696729, "step": 190, "max_steps": 938, "loss": 6.414746284484863, "lr": 0.0004838231567306531, "elapsed_time": 184.32079601287842, "prnt": false}
{"event": "training_step", "timestamp": 1782390521.141165, "step": 191, "max_steps": 938, "loss": 6.433287620544434, "lr": 0.0004834923188276654, "elapsed_time": 185.1922881603241, "prnt": false}
{"event": "training_step", "timestamp": 1782390522.004993, "step": 192, "max_steps": 938, "loss": 6.383377552032471, "lr": 0.0004831582475015051, "elapsed_time": 186.05611610412598, "prnt": false}
{"event": "training_step", "timestamp": 1782390522.833963, "step": 193, "max_steps": 938, "loss": 6.40358829498291, "lr": 0.00048282094737862093, "elapsed_time": 186.88508486747742, "prnt": false}
{"event": "training_step", "timestamp": 1782390523.6671329, "step": 194, "max_steps": 938, "loss": 6.4543938636779785, "lr": 0.000482480423130176, "elapsed_time": 187.7182559967041, "prnt": false}
{"event": "training_step", "timestamp": 1782390524.517188, "step": 195, "max_steps": 938, "loss": 6.456141948699951, "lr": 0.00048213667947198365, "elapsed_time": 188.56831121444702, "prnt": false}
{"event": "training_step", "timestamp": 1782390525.3511739, "step": 196, "max_steps": 938, "loss": 6.51136589050293, "lr": 0.0004817897211644416, "elapsed_time": 189.40229725837708, "prnt": false}
{"event": "training_step", "timestamp": 1782390526.176692, "step": 197, "max_steps": 938, "loss": 6.480799198150635, "lr": 0.00048143955301246623, "elapsed_time": 190.2278139591217, "prnt": false}
{"event": "training_step", "timestamp": 1782390527.132664, "step": 198, "max_steps": 938, "loss": 6.3884687423706055, "lr": 0.0004810861798654262, "elapsed_time": 191.18377494812012, "prnt": false}
{"event": "training_step", "timestamp": 1782390528.043832, "step": 199, "max_steps": 938, "loss": 6.410417556762695, "lr": 0.00048072960661707493, "elapsed_time": 192.09495496749878, "prnt": false}
{"event": "training_step", "timestamp": 1782390528.911915, "step": 200, "max_steps": 938, "loss": 6.340118408203125, "lr": 0.00048036983820548323, "elapsed_time": 192.96303701400757, "prnt": false}
{"event": "training_step", "timestamp": 1782390529.8628218, "step": 201, "max_steps": 938, "loss": 6.381051063537598, "lr": 0.0004800068796129706, "elapsed_time": 193.91394519805908, "prnt": false}
{"event": "training_step", "timestamp": 1782390530.84477, "step": 202, "max_steps": 938, "loss": 6.328462600708008, "lr": 0.0004796407358660365, "elapsed_time": 194.89589309692383, "prnt": false}
{"event": "training_step", "timestamp": 1782390531.799752, "step": 203, "max_steps": 938, "loss": 6.404567718505859, "lr": 0.00047927141203529025, "elapsed_time": 195.85087418556213, "prnt": false}
{"event": "training_step", "timestamp": 1782390532.793087, "step": 204, "max_steps": 938, "loss": 6.370034217834473, "lr": 0.0004788989132353816, "elapsed_time": 196.84420895576477, "prnt": false}
{"event": "training_step", "timestamp": 1782390533.741277, "step": 205, "max_steps": 938, "loss": 6.390382766723633, "lr": 0.0004785232446249291, "elapsed_time": 197.79239988327026, "prnt": false}
{"event": "training_step", "timestamp": 1782390534.7306728, "step": 206, "max_steps": 938, "loss": 6.39048957824707, "lr": 0.0004781444114064492, "elapsed_time": 198.78179502487183, "prnt": false}
{"event": "training_step", "timestamp": 1782390535.774679, "step": 207, "max_steps": 938, "loss": 6.27474308013916, "lr": 0.00047776241882628405, "elapsed_time": 199.8258020877838, "prnt": false}
{"event": "training_step", "timestamp": 1782390536.6028218, "step": 208, "max_steps": 938, "loss": 6.352799892425537, "lr": 0.00047737727217452843, "elapsed_time": 200.65394520759583, "prnt": false}
{"event": "training_step", "timestamp": 1782390537.4394188, "step": 209, "max_steps": 938, "loss": 6.417997360229492, "lr": 0.00047698897678495736, "elapsed_time": 201.49053812026978, "prnt": false}
{"event": "training_step", "timestamp": 1782390538.270249, "step": 210, "max_steps": 938, "loss": 6.360531330108643, "lr": 0.0004765975380349515, "elapsed_time": 202.32137203216553, "prnt": false}
{"event": "training_step", "timestamp": 1782390539.171585, "step": 211, "max_steps": 938, "loss": 6.349374771118164, "lr": 0.0004762029613454229, "elapsed_time": 203.22270798683167, "prnt": false}
{"event": "training_step", "timestamp": 1782390540.1599, "step": 212, "max_steps": 938, "loss": 6.338087558746338, "lr": 0.00047580525218073993, "elapsed_time": 204.2110230922699, "prnt": false}
{"event": "training_step", "timestamp": 1782390541.1540082, "step": 213, "max_steps": 938, "loss": 6.374608039855957, "lr": 0.0004754044160486518, "elapsed_time": 205.20513105392456, "prnt": false}
{"event": "training_step", "timestamp": 1782390542.24013, "step": 214, "max_steps": 938, "loss": 6.305868148803711, "lr": 0.0004750004585002119, "elapsed_time": 206.29125308990479, "prnt": false}
{"event": "training_step", "timestamp": 1782390543.2695029, "step": 215, "max_steps": 938, "loss": 6.3235297203063965, "lr": 0.00047459338512970123, "elapsed_time": 207.3206250667572, "prnt": false}
{"event": "training_step", "timestamp": 1782390544.227681, "step": 216, "max_steps": 938, "loss": 6.272098541259766, "lr": 0.0004741832015745509, "elapsed_time": 208.278804063797, "prnt": false}
{"event": "training_step", "timestamp": 1782390545.2461681, "step": 217, "max_steps": 938, "loss": 6.356698036193848, "lr": 0.0004737699135152638, "elapsed_time": 209.29729104042053, "prnt": false}
{"event": "training_step", "timestamp": 1782390546.115069, "step": 218, "max_steps": 938, "loss": 6.294565200805664, "lr": 0.0004733535266753363, "elapsed_time": 210.16619181632996, "prnt": false}
{"event": "training_step", "timestamp": 1782390546.991018, "step": 219, "max_steps": 938, "loss": 6.305764198303223, "lr": 0.0004729340468211787, "elapsed_time": 211.04214096069336, "prnt": false}
{"event": "training_step", "timestamp": 1782390547.948886, "step": 220, "max_steps": 938, "loss": 6.332436561584473, "lr": 0.0004725114797620356, "elapsed_time": 212.000009059906, "prnt": false}
{"event": "validation_step", "timestamp": 1782390552.234451, "step": 220, "max_steps": 938, "loss": 1.3598445781719308, "elapsed_time": 212.000009059906}
{"event": "training_step", "timestamp": 1782390553.1649458, "step": 221, "max_steps": 938, "loss": 6.319479465484619, "lr": 0.00047208583134990506, "elapsed_time": 217.216068983078, "prnt": false}
{"event": "training_step", "timestamp": 1782390554.088481, "step": 222, "max_steps": 938, "loss": 6.259988307952881, "lr": 0.0004716571074794582, "elapsed_time": 218.1396040916443, "prnt": false}
{"event": "training_step", "timestamp": 1782390554.999989, "step": 223, "max_steps": 938, "loss": 6.233169078826904, "lr": 0.000471225314087957, "elapsed_time": 219.0511119365692, "prnt": false}
{"event": "training_step", "timestamp": 1782390555.8488781, "step": 224, "max_steps": 938, "loss": 6.35377836227417, "lr": 0.0004707904571551722, "elapsed_time": 219.90000104904175, "prnt": false}
{"event": "training_step", "timestamp": 1782390556.834778, "step": 225, "max_steps": 938, "loss": 6.27008056640625, "lr": 0.0004703525427033007, "elapsed_time": 220.88590121269226, "prnt": false}
{"event": "training_step", "timestamp": 1782390557.681567, "step": 226, "max_steps": 938, "loss": 6.253657341003418, "lr": 0.00046991157679688195, "elapsed_time": 221.7326900959015, "prnt": false}
{"event": "training_step", "timestamp": 1782390558.557416, "step": 227, "max_steps": 938, "loss": 6.250971794128418, "lr": 0.00046946756554271395, "elapsed_time": 222.6085388660431, "prnt": false}
{"event": "training_step", "timestamp": 1782390559.544812, "step": 228, "max_steps": 938, "loss": 6.300699234008789, "lr": 0.000469020515089769, "elapsed_time": 223.59593510627747, "prnt": false}
{"event": "training_step", "timestamp": 1782390560.5583181, "step": 229, "max_steps": 938, "loss": 6.223746299743652, "lr": 0.00046857043162910813, "elapsed_time": 224.6094410419464, "prnt": false}
{"event": "training_step", "timestamp": 1782390561.451574, "step": 230, "max_steps": 938, "loss": 6.374603271484375, "lr": 0.0004681173213937955, "elapsed_time": 225.5026969909668, "prnt": false}
{"event": "training_step", "timestamp": 1782390562.4555368, "step": 231, "max_steps": 938, "loss": 6.293691158294678, "lr": 0.0004676611906588124, "elapsed_time": 226.5066590309143, "prnt": false}
{"event": "training_step", "timestamp": 1782390563.466932, "step": 232, "max_steps": 938, "loss": 6.243315696716309, "lr": 0.0004672020457409696, "elapsed_time": 227.5180549621582, "prnt": false}
{"event": "training_step", "timestamp": 1782390564.352237, "step": 233, "max_steps": 938, "loss": 6.32435417175293, "lr": 0.00046673989299882075, "elapsed_time": 228.4033601284027, "prnt": false}
{"event": "training_step", "timestamp": 1782390565.363565, "step": 234, "max_steps": 938, "loss": 6.283585548400879, "lr": 0.00046627473883257376, "elapsed_time": 229.41468811035156, "prnt": false}
{"event": "training_step", "timestamp": 1782390566.239948, "step": 235, "max_steps": 938, "loss": 6.269872665405273, "lr": 0.00046580658968400234, "elapsed_time": 230.29107093811035, "prnt": false}
{"event": "training_step", "timestamp": 1782390567.1234848, "step": 236, "max_steps": 938, "loss": 6.242746353149414, "lr": 0.00046533545203635663, "elapsed_time": 231.17460799217224, "prnt": false}
{"event": "training_step", "timestamp": 1782390568.13203, "step": 237, "max_steps": 938, "loss": 6.306090354919434, "lr": 0.0004648613324142739, "elapsed_time": 232.18315196037292, "prnt": false}
{"event": "training_step", "timestamp": 1782390569.0572522, "step": 238, "max_steps": 938, "loss": 6.230327606201172, "lr": 0.0004643842373836874, "elapsed_time": 233.10837602615356, "prnt": false}
{"event": "training_step", "timestamp": 1782390569.939039, "step": 239, "max_steps": 938, "loss": 6.230279445648193, "lr": 0.0004639041735517363, "elapsed_time": 233.99016094207764, "prnt": false}
{"event": "training_step", "timestamp": 1782390571.0303202, "step": 240, "max_steps": 938, "loss": 6.237652778625488, "lr": 0.00046342114756667334, "elapsed_time": 235.08144307136536, "prnt": false}
{"event": "training_step", "timestamp": 1782390572.0191848, "step": 241, "max_steps": 938, "loss": 6.275067329406738, "lr": 0.0004629351661177736, "elapsed_time": 236.07030820846558, "prnt": false}
{"event": "training_step", "timestamp": 1782390572.928295, "step": 242, "max_steps": 938, "loss": 6.2143473625183105, "lr": 0.00046244623593524116, "elapsed_time": 236.97941708564758, "prnt": false}
{"event": "training_step", "timestamp": 1782390573.9190779, "step": 243, "max_steps": 938, "loss": 6.26249361038208, "lr": 0.0004619543637901164, "elapsed_time": 237.970201253891, "prnt": false}
{"event": "training_step", "timestamp": 1782390574.856288, "step": 244, "max_steps": 938, "loss": 6.258920669555664, "lr": 0.00046145955649418174, "elapsed_time": 238.90741109848022, "prnt": false}
{"event": "training_step", "timestamp": 1782390575.737911, "step": 245, "max_steps": 938, "loss": 6.224575996398926, "lr": 0.0004609618208998679, "elapsed_time": 239.7890341281891, "prnt": false}
{"event": "training_step", "timestamp": 1782390576.6753862, "step": 246, "max_steps": 938, "loss": 6.22224235534668, "lr": 0.00046046116390015843, "elapsed_time": 240.72650909423828, "prnt": false}
{"event": "training_step", "timestamp": 1782390577.60958, "step": 247, "max_steps": 938, "loss": 6.128351211547852, "lr": 0.00045995759242849454, "elapsed_time": 241.66070294380188, "prnt": false}
{"event": "training_step", "timestamp": 1782390578.524417, "step": 248, "max_steps": 938, "loss": 6.287487030029297, "lr": 0.00045945111345867924, "elapsed_time": 242.57553911209106, "prnt": false}
{"event": "training_step", "timestamp": 1782390579.5082738, "step": 249, "max_steps": 938, "loss": 6.246737480163574, "lr": 0.0004589417340047803, "elapsed_time": 243.55939722061157, "prnt": false}
{"event": "training_step", "timestamp": 1782390580.4608572, "step": 250, "max_steps": 938, "loss": 6.173506736755371, "lr": 0.00045842946112103355, "elapsed_time": 244.51197814941406, "prnt": false}
{"event": "training_step", "timestamp": 1782390581.5452921, "step": 251, "max_steps": 938, "loss": 6.213929176330566, "lr": 0.0004579143019017451, "elapsed_time": 245.5964150428772, "prnt": false}
{"event": "training_step", "timestamp": 1782390582.604867, "step": 252, "max_steps": 938, "loss": 6.2289628982543945, "lr": 0.0004573962634811928, "elapsed_time": 246.65599012374878, "prnt": false}
{"event": "training_step", "timestamp": 1782390583.5528681, "step": 253, "max_steps": 938, "loss": 6.189284801483154, "lr": 0.0004568753530335276, "elapsed_time": 247.60399103164673, "prnt": false}
{"event": "training_step", "timestamp": 1782390584.585217, "step": 254, "max_steps": 938, "loss": 6.234035015106201, "lr": 0.00045635157777267467, "elapsed_time": 248.6363389492035, "prnt": false}
{"event": "training_step", "timestamp": 1782390585.552702, "step": 255, "max_steps": 938, "loss": 6.1857404708862305, "lr": 0.00045582494495223264, "elapsed_time": 249.6038248538971, "prnt": false}
{"event": "training_step", "timestamp": 1782390586.4448771, "step": 256, "max_steps": 938, "loss": 6.184717178344727, "lr": 0.00045529546186537373, "elapsed_time": 250.4960000514984, "prnt": false}
{"event": "training_step", "timestamp": 1782390587.445077, "step": 257, "max_steps": 938, "loss": 6.1256022453308105, "lr": 0.00045476313584474264, "elapsed_time": 251.49620008468628, "prnt": false}
{"event": "training_step", "timestamp": 1782390588.38746, "step": 258, "max_steps": 938, "loss": 6.212662696838379, "lr": 0.000454227974262355, "elapsed_time": 252.43858313560486, "prnt": false}
{"event": "training_step", "timestamp": 1782390589.296371, "step": 259, "max_steps": 938, "loss": 6.175997734069824, "lr": 0.0004536899845294951, "elapsed_time": 253.34749507904053, "prnt": false}
{"event": "training_step", "timestamp": 1782390590.157561, "step": 260, "max_steps": 938, "loss": 6.173166275024414, "lr": 0.0004531491740966136, "elapsed_time": 254.2086842060089, "prnt": false}
{"event": "training_step", "timestamp": 1782390591.1304598, "step": 261, "max_steps": 938, "loss": 6.2273406982421875, "lr": 0.00045260555045322393, "elapsed_time": 255.18158221244812, "prnt": false}
{"event": "training_step", "timestamp": 1782390592.153175, "step": 262, "max_steps": 938, "loss": 6.201735496520996, "lr": 0.00045205912112779897, "elapsed_time": 256.20429706573486, "prnt": false}
{"event": "training_step", "timestamp": 1782390593.219436, "step": 263, "max_steps": 938, "loss": 6.2155561447143555, "lr": 0.0004515098936876663, "elapsed_time": 257.2705590724945, "prnt": false}
{"event": "training_step", "timestamp": 1782390594.228935, "step": 264, "max_steps": 938, "loss": 6.248551368713379, "lr": 0.0004509578757389043, "elapsed_time": 258.28005814552307, "prnt": false}
{"event": "validation_step", "timestamp": 1782390598.514177, "step": 264, "max_steps": 938, "loss": 1.3355810228107903, "elapsed_time": 258.28005814552307}
{"event": "training_step", "timestamp": 1782390599.3412962, "step": 265, "max_steps": 938, "loss": 6.139525413513184, "lr": 0.00045040307492623556, "elapsed_time": 263.3924181461334, "prnt": false}
{"event": "training_step", "timestamp": 1782390600.2067041, "step": 266, "max_steps": 938, "loss": 6.194012641906738, "lr": 0.00044984549893292214, "elapsed_time": 264.257826089859, "prnt": false}
{"event": "training_step", "timestamp": 1782390601.3290749, "step": 267, "max_steps": 938, "loss": 6.152190208435059, "lr": 0.0004492851554806584, "elapsed_time": 265.3801980018616, "prnt": false}
{"event": "training_step", "timestamp": 1782390602.30113, "step": 268, "max_steps": 938, "loss": 6.184449195861816, "lr": 0.00044872205232946463, "elapsed_time": 266.35225200653076, "prnt": false}
{"event": "training_step", "timestamp": 1782390603.3708868, "step": 269, "max_steps": 938, "loss": 6.203463554382324, "lr": 0.0004481561972775792, "elapsed_time": 267.42201018333435, "prnt": false}
{"event": "training_step", "timestamp": 1782390604.394398, "step": 270, "max_steps": 938, "loss": 6.126514434814453, "lr": 0.00044758759816135063, "elapsed_time": 268.4455199241638, "prnt": false}
{"event": "training_step", "timestamp": 1782390605.415972, "step": 271, "max_steps": 938, "loss": 6.099971294403076, "lr": 0.00044701626285512916, "elapsed_time": 269.46709513664246, "prnt": false}
{"event": "training_step", "timestamp": 1782390606.343423, "step": 272, "max_steps": 938, "loss": 6.185080528259277, "lr": 0.00044644219927115775, "elapsed_time": 270.394544839859, "prnt": false}
{"event": "training_step", "timestamp": 1782390607.326443, "step": 273, "max_steps": 938, "loss": 6.139735221862793, "lr": 0.00044586541535946236, "elapsed_time": 271.377564907074, "prnt": false}
{"event": "training_step", "timestamp": 1782390608.2317271, "step": 274, "max_steps": 938, "loss": 6.149504661560059, "lr": 0.00044528591910774186, "elapsed_time": 272.28285002708435, "prnt": false}
{"event": "training_step", "timestamp": 1782390609.247405, "step": 275, "max_steps": 938, "loss": 6.119132995605469, "lr": 0.0004447037185412576, "elapsed_time": 273.2985279560089, "prnt": false}
{"event": "training_step", "timestamp": 1782390610.160846, "step": 276, "max_steps": 938, "loss": 6.207761764526367, "lr": 0.00044411882172272184, "elapsed_time": 274.2119691371918, "prnt": false}
{"event": "training_step", "timestamp": 1782390611.0614269, "step": 277, "max_steps": 938, "loss": 6.15334939956665, "lr": 0.00044353123675218686, "elapsed_time": 275.1125500202179, "prnt": false}
{"event": "training_step", "timestamp": 1782390612.027293, "step": 278, "max_steps": 938, "loss": 6.162637710571289, "lr": 0.00044294097176693185, "elapsed_time": 276.0784158706665, "prnt": false}
{"event": "training_step", "timestamp": 1782390613.1067562, "step": 279, "max_steps": 938, "loss": 6.103111743927002, "lr": 0.00044234803494135093, "elapsed_time": 277.157879114151, "prnt": false}
{"event": "training_step", "timestamp": 1782390614.185157, "step": 280, "max_steps": 938, "loss": 6.134059906005859, "lr": 0.0004417524344868397, "elapsed_time": 278.2362802028656, "prnt": false}
{"event": "training_step", "timestamp": 1782390615.204109, "step": 281, "max_steps": 938, "loss": 6.104788780212402, "lr": 0.0004411541786516814, "elapsed_time": 279.2552320957184, "prnt": false}
{"event": "training_step", "timestamp": 1782390616.0971498, "step": 282, "max_steps": 938, "loss": 6.1330461502075195, "lr": 0.00044055327572093295, "elapsed_time": 280.1482729911804, "prnt": false}
{"event": "training_step", "timestamp": 1782390616.9824, "step": 283, "max_steps": 938, "loss": 6.1092143058776855, "lr": 0.00043994973401630973, "elapsed_time": 281.03352308273315, "prnt": false}
{"event": "training_step", "timestamp": 1782390617.984273, "step": 284, "max_steps": 938, "loss": 6.1281585693359375, "lr": 0.00043934356189607126, "elapsed_time": 282.0353960990906, "prnt": false}
{"event": "training_step", "timestamp": 1782390618.874091, "step": 285, "max_steps": 938, "loss": 6.120666980743408, "lr": 0.00043873476775490417, "elapsed_time": 282.9252140522003, "prnt": false}
{"event": "training_step", "timestamp": 1782390619.701061, "step": 286, "max_steps": 938, "loss": 6.134860038757324, "lr": 0.00043812336002380727, "elapsed_time": 283.75218415260315, "prnt": false}
{"event": "training_step", "timestamp": 1782390620.7155142, "step": 287, "max_steps": 938, "loss": 6.147603511810303, "lr": 0.00043750934716997375, "elapsed_time": 284.7666370868683, "prnt": false}
{"event": "training_step", "timestamp": 1782390621.647764, "step": 288, "max_steps": 938, "loss": 6.156884670257568, "lr": 0.0004368927376966743, "elapsed_time": 285.6988868713379, "prnt": false}
{"event": "training_step", "timestamp": 1782390622.62841, "step": 289, "max_steps": 938, "loss": 6.080925464630127, "lr": 0.00043627354014313973, "elapsed_time": 286.6795320510864, "prnt": false}
{"event": "training_step", "timestamp": 1782390623.7258408, "step": 290, "max_steps": 938, "loss": 6.115005016326904, "lr": 0.00043565176308444205, "elapsed_time": 287.7769649028778, "prnt": false}
{"event": "training_step", "timestamp": 1782390624.619963, "step": 291, "max_steps": 938, "loss": 6.119776725769043, "lr": 0.00043502741513137605, "elapsed_time": 288.67108607292175, "prnt": false}
{"event": "training_step", "timestamp": 1782390625.499336, "step": 292, "max_steps": 938, "loss": 6.103461265563965, "lr": 0.00043440050493034015, "elapsed_time": 289.55045890808105, "prnt": false}
{"event": "training_step", "timestamp": 1782390626.4909298, "step": 293, "max_steps": 938, "loss": 6.0556559562683105, "lr": 0.0004337710411632165, "elapsed_time": 290.54205226898193, "prnt": false}
{"event": "training_step", "timestamp": 1782390627.35987, "step": 294, "max_steps": 938, "loss": 6.094852447509766, "lr": 0.00043313903254725073, "elapsed_time": 291.41099286079407, "prnt": false}
{"event": "training_step", "timestamp": 1782390628.25913, "step": 295, "max_steps": 938, "loss": 6.030402183532715, "lr": 0.0004325044878349313, "elapsed_time": 292.31025314331055, "prnt": false}
{"event": "training_step", "timestamp": 1782390629.330112, "step": 296, "max_steps": 938, "loss": 6.08820915222168, "lr": 0.0004318674158138683, "elapsed_time": 293.3812348842621, "prnt": false}
{"event": "training_step", "timestamp": 1782390630.243274, "step": 297, "max_steps": 938, "loss": 6.041818141937256, "lr": 0.00043122782530667175, "elapsed_time": 294.2943968772888, "prnt": false}
{"event": "training_step", "timestamp": 1782390631.1088278, "step": 298, "max_steps": 938, "loss": 6.114607810974121, "lr": 0.00043058572517082935, "elapsed_time": 295.15994906425476, "prnt": false}
{"event": "training_step", "timestamp": 1782390632.1107478, "step": 299, "max_steps": 938, "loss": 6.096501350402832, "lr": 0.0004299411242985837, "elapsed_time": 296.1618711948395, "prnt": false}
{"event": "training_step", "timestamp": 1782390633.077308, "step": 300, "max_steps": 938, "loss": 6.101024627685547, "lr": 0.00042929403161680963, "elapsed_time": 297.12843203544617, "prnt": false}
{"event": "training_step", "timestamp": 1782390634.037749, "step": 301, "max_steps": 938, "loss": 6.090951919555664, "lr": 0.0004286444560868901, "elapsed_time": 298.0888719558716, "prnt": false}
{"event": "training_step", "timestamp": 1782390635.090393, "step": 302, "max_steps": 938, "loss": 6.029496669769287, "lr": 0.0004279924067045922, "elapsed_time": 299.141517162323, "prnt": false}
{"event": "training_step", "timestamp": 1782390636.0237162, "step": 303, "max_steps": 938, "loss": 6.024058818817139, "lr": 0.0004273378924999426, "elapsed_time": 300.0748391151428, "prnt": false}
{"event": "training_step", "timestamp": 1782390636.886265, "step": 304, "max_steps": 938, "loss": 6.123766899108887, "lr": 0.0004266809225371026, "elapsed_time": 300.9373881816864, "prnt": false}
{"event": "training_step", "timestamp": 1782390637.888685, "step": 305, "max_steps": 938, "loss": 6.077045440673828, "lr": 0.0004260215059142427, "elapsed_time": 301.9398081302643, "prnt": false}
{"event": "training_step", "timestamp": 1782390638.738417, "step": 306, "max_steps": 938, "loss": 6.104053497314453, "lr": 0.00042535965176341607, "elapsed_time": 302.78954005241394, "prnt": false}
{"event": "training_step", "timestamp": 1782390639.6258602, "step": 307, "max_steps": 938, "loss": 6.095834732055664, "lr": 0.00042469536925043264, "elapsed_time": 303.67698311805725, "prnt": false}
{"event": "training_step", "timestamp": 1782390640.5838752, "step": 308, "max_steps": 938, "loss": 6.0336408615112305, "lr": 0.00042402866757473194, "elapsed_time": 304.6349971294403, "prnt": false}
{"event": "validation_step", "timestamp": 1782390644.804657, "step": 308, "max_steps": 938, "loss": 1.317142706356892, "elapsed_time": 304.6349971294403}
{"event": "training_step", "timestamp": 1782390645.610633, "step": 309, "max_steps": 938, "loss": 6.134919166564941, "lr": 0.00042335955596925566, "elapsed_time": 309.66175603866577, "prnt": false}
{"event": "training_step", "timestamp": 1782390646.673321, "step": 310, "max_steps": 938, "loss": 5.998748779296875, "lr": 0.00042268804370031995, "elapsed_time": 310.7244429588318, "prnt": false}
{"event": "training_step", "timestamp": 1782390647.535546, "step": 311, "max_steps": 938, "loss": 6.061621189117432, "lr": 0.000422014140067487, "elapsed_time": 311.5866701602936, "prnt": false}
{"event": "training_step", "timestamp": 1782390648.3808799, "step": 312, "max_steps": 938, "loss": 6.003335952758789, "lr": 0.000421337854403436, "elapsed_time": 312.43200302124023, "prnt": false}
{"event": "training_step", "timestamp": 1782390649.2164412, "step": 313, "max_steps": 938, "loss": 6.049205303192139, "lr": 0.0004206591960738345, "elapsed_time": 313.2675631046295, "prnt": false}
{"event": "training_step", "timestamp": 1782390650.065353, "step": 314, "max_steps": 938, "loss": 5.993043899536133, "lr": 0.00041997817447720823, "elapsed_time": 314.11647605895996, "prnt": false}
{"event": "training_step", "timestamp": 1782390650.947108, "step": 315, "max_steps": 938, "loss": 6.061915397644043, "lr": 0.00041929479904481085, "elapsed_time": 314.99823117256165, "prnt": false}
{"event": "training_step", "timestamp": 1782390651.926272, "step": 316, "max_steps": 938, "loss": 6.067714691162109, "lr": 0.0004186090792404938, "elapsed_time": 315.9773950576782, "prnt": false}
{"event": "training_step", "timestamp": 1782390652.8745909, "step": 317, "max_steps": 938, "loss": 6.003931999206543, "lr": 0.00041792102456057485, "elapsed_time": 316.925714969635, "prnt": false}
{"event": "training_step", "timestamp": 1782390653.8321412, "step": 318, "max_steps": 938, "loss": 6.10440731048584, "lr": 0.00041723064453370683, "elapsed_time": 317.8832640647888, "prnt": false}
{"event": "training_step", "timestamp": 1782390654.7888331, "step": 319, "max_steps": 938, "loss": 6.099374771118164, "lr": 0.0004165379487207455, "elapsed_time": 318.83995604515076, "prnt": false}
{"event": "training_step", "timestamp": 1782390655.734381, "step": 320, "max_steps": 938, "loss": 6.015748023986816, "lr": 0.00041584294671461716, "elapsed_time": 319.7855041027069, "prnt": false}
{"event": "training_step", "timestamp": 1782390656.6086369, "step": 321, "max_steps": 938, "loss": 6.029274940490723, "lr": 0.00041514564814018606, "elapsed_time": 320.65975999832153, "prnt": false}
{"event": "training_step", "timestamp": 1782390657.461785, "step": 322, "max_steps": 938, "loss": 6.025962829589844, "lr": 0.00041444606265412067, "elapsed_time": 321.51290798187256, "prnt": false}
{"event": "training_step", "timestamp": 1782390658.28624, "step": 323, "max_steps": 938, "loss": 6.024654388427734, "lr": 0.0004137441999447603, "elapsed_time": 322.33736300468445, "prnt": false}
{"event": "training_step", "timestamp": 1782390659.1662028, "step": 324, "max_steps": 938, "loss": 6.014522552490234, "lr": 0.0004130400697319808, "elapsed_time": 323.2173271179199, "prnt": false}
{"event": "training_step", "timestamp": 1782390660.0665312, "step": 325, "max_steps": 938, "loss": 6.033871173858643, "lr": 0.0004123336817670599, "elapsed_time": 324.117653131485, "prnt": false}
{"event": "training_step", "timestamp": 1782390660.935621, "step": 326, "max_steps": 938, "loss": 5.98881196975708, "lr": 0.00041162504583254234, "elapsed_time": 324.9867420196533, "prnt": false}
{"event": "training_step", "timestamp": 1782390661.908854, "step": 327, "max_steps": 938, "loss": 5.9932661056518555, "lr": 0.0004109141717421041, "elapsed_time": 325.9599769115448, "prnt": false}
{"event": "training_step", "timestamp": 1782390662.961523, "step": 328, "max_steps": 938, "loss": 6.0799736976623535, "lr": 0.000410201069340417, "elapsed_time": 327.0126459598541, "prnt": false}
{"event": "training_step", "timestamp": 1782390663.948607, "step": 329, "max_steps": 938, "loss": 6.084413051605225, "lr": 0.0004094857485030116, "elapsed_time": 327.9997298717499, "prnt": false}
{"event": "training_step", "timestamp": 1782390664.8849049, "step": 330, "max_steps": 938, "loss": 6.125365257263184, "lr": 0.0004087682191361413, "elapsed_time": 328.9360280036926, "prnt": false}
{"event": "training_step", "timestamp": 1782390665.8177211, "step": 331, "max_steps": 938, "loss": 6.094388961791992, "lr": 0.00040804849117664444, "elapsed_time": 329.8688452243805, "prnt": false}
{"event": "training_step", "timestamp": 1782390666.693342, "step": 332, "max_steps": 938, "loss": 6.007875442504883, "lr": 0.00040732657459180714, "elapsed_time": 330.7444648742676, "prnt": false}
{"event": "training_step", "timestamp": 1782390667.576661, "step": 333, "max_steps": 938, "loss": 6.027597904205322, "lr": 0.00040660247937922495, "elapsed_time": 331.62778401374817, "prnt": false}
{"event": "training_step", "timestamp": 1782390668.41336, "step": 334, "max_steps": 938, "loss": 5.943069934844971, "lr": 0.00040587621556666483, "elapsed_time": 332.4644830226898, "prnt": false}
{"event": "training_step", "timestamp": 1782390669.272109, "step": 335, "max_steps": 938, "loss": 6.0031843185424805, "lr": 0.00040514779321192563, "elapsed_time": 333.3232321739197, "prnt": false}
{"event": "training_step", "timestamp": 1782390670.1097212, "step": 336, "max_steps": 938, "loss": 5.955743789672852, "lr": 0.00040441722240269946, "elapsed_time": 334.1608440876007, "prnt": false}
{"event": "training_step", "timestamp": 1782390670.9920251, "step": 337, "max_steps": 938, "loss": 6.041872978210449, "lr": 0.00040368451325643157, "elapsed_time": 335.0431480407715, "prnt": false}
{"event": "training_step", "timestamp": 1782390671.863929, "step": 338, "max_steps": 938, "loss": 6.000363349914551, "lr": 0.00040294967592018033, "elapsed_time": 335.91505217552185, "prnt": false}
{"event": "training_step", "timestamp": 1782390672.722798, "step": 339, "max_steps": 938, "loss": 6.015807151794434, "lr": 0.0004022127205704769, "elapsed_time": 336.7739200592041, "prnt": false}
{"event": "training_step", "timestamp": 1782390673.614409, "step": 340, "max_steps": 938, "loss": 6.007011413574219, "lr": 0.00040147365741318407, "elapsed_time": 337.6655309200287, "prnt": false}
{"event": "training_step", "timestamp": 1782390674.596046, "step": 341, "max_steps": 938, "loss": 5.902386665344238, "lr": 0.00040073249668335487, "elapsed_time": 338.6471691131592, "prnt": false}
{"event": "training_step", "timestamp": 1782390675.540318, "step": 342, "max_steps": 938, "loss": 5.974710941314697, "lr": 0.00039998924864509107, "elapsed_time": 339.5914409160614, "prnt": false}
{"event": "training_step", "timestamp": 1782390676.42416, "step": 343, "max_steps": 938, "loss": 6.056678295135498, "lr": 0.00039924392359140103, "elapsed_time": 340.47528290748596, "prnt": false}
{"event": "training_step", "timestamp": 1782390677.4457521, "step": 344, "max_steps": 938, "loss": 5.984991073608398, "lr": 0.0003984965318440567, "elapsed_time": 341.4968750476837, "prnt": false}
{"event": "training_step", "timestamp": 1782390678.270655, "step": 345, "max_steps": 938, "loss": 5.986536026000977, "lr": 0.00039774708375345144, "elapsed_time": 342.32177805900574, "prnt": false}
{"event": "training_step", "timestamp": 1782390679.1676211, "step": 346, "max_steps": 938, "loss": 5.998434543609619, "lr": 0.00039699558969845595, "elapsed_time": 343.2187440395355, "prnt": false}
{"event": "training_step", "timestamp": 1782390680.1346428, "step": 347, "max_steps": 938, "loss": 6.026498794555664, "lr": 0.0003962420600862749, "elapsed_time": 344.1857659816742, "prnt": false}
{"event": "training_step", "timestamp": 1782390681.023818, "step": 348, "max_steps": 938, "loss": 5.959565162658691, "lr": 0.00039548650535230304, "elapsed_time": 345.0749409198761, "prnt": false}
{"event": "training_step", "timestamp": 1782390681.908747, "step": 349, "max_steps": 938, "loss": 5.965176582336426, "lr": 0.00039472893595998, "elapsed_time": 345.95987010002136, "prnt": false}
{"event": "training_step", "timestamp": 1782390682.920021, "step": 350, "max_steps": 938, "loss": 5.907565116882324, "lr": 0.00039396936240064577, "elapsed_time": 346.97114396095276, "prnt": false}
{"event": "training_step", "timestamp": 1782390683.784093, "step": 351, "max_steps": 938, "loss": 5.9936933517456055, "lr": 0.0003932077951933959, "elapsed_time": 347.83521604537964, "prnt": false}
{"event": "training_step", "timestamp": 1782390684.747257, "step": 352, "max_steps": 938, "loss": 5.93980598449707, "lr": 0.00039244424488493485, "elapsed_time": 348.79838013648987, "prnt": false}
{"event": "validation_step", "timestamp": 1782390688.946839, "step": 352, "max_steps": 938, "loss": 1.3010317742061737, "elapsed_time": 348.79838013648987}
{"event": "training_step", "timestamp": 1782390689.883712, "step": 353, "max_steps": 938, "loss": 5.964362144470215, "lr": 0.0003916787220494307, "elapsed_time": 353.9348349571228, "prnt": false}
{"event": "training_step", "timestamp": 1782390690.786734, "step": 354, "max_steps": 938, "loss": 5.984785079956055, "lr": 0.0003909112372883682, "elapsed_time": 354.83785700798035, "prnt": false}
{"event": "training_step", "timestamp": 1782390691.642284, "step": 355, "max_steps": 938, "loss": 5.96105432510376, "lr": 0.00039014180123040244, "elapsed_time": 355.6934070587158, "prnt": false}
{"event": "training_step", "timestamp": 1782390692.638211, "step": 356, "max_steps": 938, "loss": 5.912797927856445, "lr": 0.00038937042453121134, "elapsed_time": 356.6893310546875, "prnt": false}
{"event": "training_step", "timestamp": 1782390693.576662, "step": 357, "max_steps": 938, "loss": 5.892433166503906, "lr": 0.00038859711787334804, "elapsed_time": 357.62778401374817, "prnt": false}
{"event": "training_step", "timestamp": 1782390694.458768, "step": 358, "max_steps": 938, "loss": 6.007595062255859, "lr": 0.00038782189196609305, "elapsed_time": 358.5098910331726, "prnt": false}
{"event": "training_step", "timestamp": 1782390695.342399, "step": 359, "max_steps": 938, "loss": 5.922939777374268, "lr": 0.00038704475754530623, "elapsed_time": 359.39352202415466, "prnt": false}
{"event": "training_step", "timestamp": 1782390696.375018, "step": 360, "max_steps": 938, "loss": 5.914638519287109, "lr": 0.0003862657253732775, "elapsed_time": 360.42614102363586, "prnt": false}
{"event": "training_step", "timestamp": 1782390697.2486558, "step": 361, "max_steps": 938, "loss": 5.912116050720215, "lr": 0.00038548480623857846, "elapsed_time": 361.29977917671204, "prnt": false}
{"event": "training_step", "timestamp": 1782390698.200672, "step": 362, "max_steps": 938, "loss": 5.951208114624023, "lr": 0.0003847020109559124, "elapsed_time": 362.25179386138916, "prnt": false}
{"event": "training_step", "timestamp": 1782390699.1047199, "step": 363, "max_steps": 938, "loss": 5.882927417755127, "lr": 0.00038391735036596487, "elapsed_time": 363.15584206581116, "prnt": false}
{"event": "training_step", "timestamp": 1782390699.9799738, "step": 364, "max_steps": 938, "loss": 6.052005290985107, "lr": 0.0003831308353352536, "elapsed_time": 364.0310971736908, "prnt": false}
{"event": "training_step", "timestamp": 1782390700.820703, "step": 365, "max_steps": 938, "loss": 5.962655067443848, "lr": 0.0003823424767559778, "elapsed_time": 364.8718259334564, "prnt": false}
{"event": "training_step", "timestamp": 1782390701.742313, "step": 366, "max_steps": 938, "loss": 5.91385555267334, "lr": 0.00038155228554586723, "elapsed_time": 365.79343605041504, "prnt": false}
{"event": "training_step", "timestamp": 1782390702.676715, "step": 367, "max_steps": 938, "loss": 5.990184783935547, "lr": 0.0003807602726480315, "elapsed_time": 366.7278389930725, "prnt": false}
{"event": "training_step", "timestamp": 1782390703.581972, "step": 368, "max_steps": 938, "loss": 5.942659378051758, "lr": 0.00037996644903080795, "elapsed_time": 367.63309502601624, "prnt": false}
{"event": "training_step", "timestamp": 1782390704.570546, "step": 369, "max_steps": 938, "loss": 5.949412822723389, "lr": 0.0003791708256876101, "elapsed_time": 368.62166810035706, "prnt": false}
{"event": "training_step", "timestamp": 1782390705.428292, "step": 370, "max_steps": 938, "loss": 5.909421920776367, "lr": 0.0003783734136367754, "elapsed_time": 369.47941517829895, "prnt": false}
{"event": "training_step", "timestamp": 1782390706.3003142, "step": 371, "max_steps": 938, "loss": 5.982714653015137, "lr": 0.00037757422392141227, "elapsed_time": 370.3514370918274, "prnt": false}
{"event": "training_step", "timestamp": 1782390707.348664, "step": 372, "max_steps": 938, "loss": 5.898467540740967, "lr": 0.00037677326760924786, "elapsed_time": 371.3997869491577, "prnt": false}
{"event": "training_step", "timestamp": 1782390708.214425, "step": 373, "max_steps": 938, "loss": 5.910450458526611, "lr": 0.000375970555792474, "elapsed_time": 372.26554799079895, "prnt": false}
{"event": "training_step", "timestamp": 1782390709.0682821, "step": 374, "max_steps": 938, "loss": 5.923160076141357, "lr": 0.000375166099587594, "elapsed_time": 373.1194050312042, "prnt": false}
{"event": "training_step", "timestamp": 1782390710.0509171, "step": 375, "max_steps": 938, "loss": 5.957137107849121, "lr": 0.0003743599101352689, "elapsed_time": 374.10204005241394, "prnt": false}
{"event": "training_step", "timestamp": 1782390710.9297988, "step": 376, "max_steps": 938, "loss": 5.897970199584961, "lr": 0.0003735519986001627, "elapsed_time": 374.9809229373932, "prnt": false}
{"event": "training_step", "timestamp": 1782390711.8147461, "step": 377, "max_steps": 938, "loss": 5.957550048828125, "lr": 0.000372742376170788, "elapsed_time": 375.86586904525757, "prnt": false}
{"event": "training_step", "timestamp": 1782390712.853017, "step": 378, "max_steps": 938, "loss": 5.912308692932129, "lr": 0.0003719310540593512, "elapsed_time": 376.90413999557495, "prnt": false}
{"event": "training_step", "timestamp": 1782390713.810335, "step": 379, "max_steps": 938, "loss": 5.899985313415527, "lr": 0.0003711180435015969, "elapsed_time": 377.8614580631256, "prnt": false}
{"event": "training_step", "timestamp": 1782390714.7421598, "step": 380, "max_steps": 938, "loss": 5.905800819396973, "lr": 0.0003703033557566525, "elapsed_time": 378.79328322410583, "prnt": false}
{"event": "training_step", "timestamp": 1782390715.6890838, "step": 381, "max_steps": 938, "loss": 5.805169105529785, "lr": 0.00036948700210687223, "elapsed_time": 379.740207195282, "prnt": false}
{"event": "training_step", "timestamp": 1782390716.603015, "step": 382, "max_steps": 938, "loss": 5.9684648513793945, "lr": 0.00036866899385768105, "elapsed_time": 380.6541380882263, "prnt": false}
{"event": "training_step", "timestamp": 1782390717.463697, "step": 383, "max_steps": 938, "loss": 5.943966865539551, "lr": 0.0003678493423374177, "elapsed_time": 381.51482009887695, "prnt": false}
{"event": "training_step", "timestamp": 1782390718.2722392, "step": 384, "max_steps": 938, "loss": 5.870707035064697, "lr": 0.0003670280588971782, "elapsed_time": 382.3233621120453, "prnt": false}
{"event": "training_step", "timestamp": 1782390719.09532, "step": 385, "max_steps": 938, "loss": 5.902654647827148, "lr": 0.00036620515491065866, "elapsed_time": 383.1464431285858, "prnt": false}
{"event": "training_step", "timestamp": 1782390719.915253, "step": 386, "max_steps": 938, "loss": 5.920246124267578, "lr": 0.00036538064177399745, "elapsed_time": 383.9663760662079, "prnt": false}
{"event": "training_step", "timestamp": 1782390720.7310898, "step": 387, "max_steps": 938, "loss": 5.8706374168396, "lr": 0.0003645545309056174, "elapsed_time": 384.782212972641, "prnt": false}
{"event": "training_step", "timestamp": 1782390721.549831, "step": 388, "max_steps": 938, "loss": 5.916019439697266, "lr": 0.0003637268337460681, "elapsed_time": 385.60095405578613, "prnt": false}
{"event": "training_step", "timestamp": 1782390722.3710709, "step": 389, "max_steps": 938, "loss": 5.892749786376953, "lr": 0.00036289756175786716, "elapsed_time": 386.42219495773315, "prnt": false}
{"event": "training_step", "timestamp": 1782390723.214781, "step": 390, "max_steps": 938, "loss": 5.86674690246582, "lr": 0.0003620667264253414, "elapsed_time": 387.26590394973755, "prnt": false}
{"event": "training_step", "timestamp": 1782390724.106451, "step": 391, "max_steps": 938, "loss": 5.823994159698486, "lr": 0.00036123433925446793, "elapsed_time": 388.15757393836975, "prnt": false}
{"event": "training_step", "timestamp": 1782390724.920726, "step": 392, "max_steps": 938, "loss": 5.912334442138672, "lr": 0.0003604004117727147, "elapsed_time": 388.97184896469116, "prnt": false}
{"event": "training_step", "timestamp": 1782390725.737581, "step": 393, "max_steps": 938, "loss": 5.881258010864258, "lr": 0.0003595649555288812, "elapsed_time": 389.7887041568756, "prnt": false}
{"event": "training_step", "timestamp": 1782390726.575068, "step": 394, "max_steps": 938, "loss": 5.866272926330566, "lr": 0.00035872798209293793, "elapsed_time": 390.62619185447693, "prnt": false}
{"event": "training_step", "timestamp": 1782390727.3769631, "step": 395, "max_steps": 938, "loss": 5.933481216430664, "lr": 0.0003578895030558667, "elapsed_time": 391.4280860424042, "prnt": false}
{"event": "training_step", "timestamp": 1782390728.18306, "step": 396, "max_steps": 938, "loss": 5.890458106994629, "lr": 0.0003570495300294999, "elapsed_time": 392.23418402671814, "prnt": false}
{"event": "validation_step", "timestamp": 1782390731.9102101, "step": 396, "max_steps": 938, "loss": 1.2879920064856965, "elapsed_time": 392.23418402671814}
{"event": "training_step", "timestamp": 1782390732.805075, "step": 397, "max_steps": 938, "loss": 5.910919189453125, "lr": 0.0003562080746463598, "elapsed_time": 396.8561978340149, "prnt": false}
{"event": "training_step", "timestamp": 1782390733.61752, "step": 398, "max_steps": 938, "loss": 5.954473495483398, "lr": 0.00035536514855949707, "elapsed_time": 397.6686432361603, "prnt": false}
{"event": "training_step", "timestamp": 1782390734.4596622, "step": 399, "max_steps": 938, "loss": 5.8454060554504395, "lr": 0.00035452076344233, "elapsed_time": 398.51078510284424, "prnt": false}
{"event": "training_step", "timestamp": 1782390735.359424, "step": 400, "max_steps": 938, "loss": 5.899161338806152, "lr": 0.0003536749309884823, "elapsed_time": 399.41054797172546, "prnt": false}
{"event": "training_step", "timestamp": 1782390736.2110422, "step": 401, "max_steps": 938, "loss": 5.8496809005737305, "lr": 0.00035282766291162165, "elapsed_time": 400.2621650695801, "prnt": false}
{"event": "training_step", "timestamp": 1782390737.091414, "step": 402, "max_steps": 938, "loss": 5.882784843444824, "lr": 0.0003519789709452969, "elapsed_time": 401.1425371170044, "prnt": false}
{"event": "training_step", "timestamp": 1782390737.931492, "step": 403, "max_steps": 938, "loss": 5.910628318786621, "lr": 0.00035112886684277625, "elapsed_time": 401.9826149940491, "prnt": false}
{"event": "training_step", "timestamp": 1782390738.749917, "step": 404, "max_steps": 938, "loss": 5.835040092468262, "lr": 0.00035027736237688373, "elapsed_time": 402.8010399341583, "prnt": false}
{"event": "training_step", "timestamp": 1782390739.574673, "step": 405, "max_steps": 938, "loss": 5.811374187469482, "lr": 0.00034942446933983694, "elapsed_time": 403.6257951259613, "prnt": false}
{"event": "training_step", "timestamp": 1782390740.385804, "step": 406, "max_steps": 938, "loss": 5.892419338226318, "lr": 0.0003485701995430831, "elapsed_time": 404.4369270801544, "prnt": false}
{"event": "training_step", "timestamp": 1782390741.2166872, "step": 407, "max_steps": 938, "loss": 5.843760967254639, "lr": 0.000347714564817136, "elapsed_time": 405.26781010627747, "prnt": false}
{"event": "training_step", "timestamp": 1782390742.045934, "step": 408, "max_steps": 938, "loss": 5.861854553222656, "lr": 0.00034685757701141164, "elapsed_time": 406.0970561504364, "prnt": false}
{"event": "training_step", "timestamp": 1782390742.906129, "step": 409, "max_steps": 938, "loss": 5.828522682189941, "lr": 0.00034599924799406446, "elapsed_time": 406.9572522640228, "prnt": false}
{"event": "training_step", "timestamp": 1782390743.757927, "step": 410, "max_steps": 938, "loss": 5.920011520385742, "lr": 0.00034513958965182303, "elapsed_time": 407.8090500831604, "prnt": false}
{"event": "training_step", "timestamp": 1782390744.567103, "step": 411, "max_steps": 938, "loss": 5.85927677154541, "lr": 0.0003442786138898253, "elapsed_time": 408.61822605133057, "prnt": false}
{"event": "training_step", "timestamp": 1782390745.421854, "step": 412, "max_steps": 938, "loss": 5.847588062286377, "lr": 0.00034341633263145366, "elapsed_time": 409.4729769229889, "prnt": false}
{"event": "training_step", "timestamp": 1782390746.217696, "step": 413, "max_steps": 938, "loss": 5.8068695068359375, "lr": 0.00034255275781816985, "elapsed_time": 410.2688179016113, "prnt": false}
{"event": "training_step", "timestamp": 1782390747.0491982, "step": 414, "max_steps": 938, "loss": 5.842200756072998, "lr": 0.00034168790140934996, "elapsed_time": 411.1003210544586, "prnt": false}
{"event": "training_step", "timestamp": 1782390747.867899, "step": 415, "max_steps": 938, "loss": 5.796764373779297, "lr": 0.0003408217753821182, "elapsed_time": 411.91902208328247, "prnt": false}
{"event": "training_step", "timestamp": 1782390748.654618, "step": 416, "max_steps": 938, "loss": 5.83245849609375, "lr": 0.0003399543917311813, "elapsed_time": 412.7057421207428, "prnt": false}
{"event": "training_step", "timestamp": 1782390749.4624581, "step": 417, "max_steps": 938, "loss": 5.80994987487793, "lr": 0.0003390857624686626, "elapsed_time": 413.51358103752136, "prnt": false}
{"event": "training_step", "timestamp": 1782390750.271981, "step": 418, "max_steps": 938, "loss": 5.854836940765381, "lr": 0.0003382158996239356, "elapsed_time": 414.3231029510498, "prnt": false}
{"event": "training_step", "timestamp": 1782390751.112472, "step": 419, "max_steps": 938, "loss": 5.82611083984375, "lr": 0.000337344815243457, "elapsed_time": 415.1635949611664, "prnt": false}
{"event": "training_step", "timestamp": 1782390751.9676611, "step": 420, "max_steps": 938, "loss": 5.834988594055176, "lr": 0.0003364725213906003, "elapsed_time": 416.0187840461731, "prnt": false}
{"event": "training_step", "timestamp": 1782390752.8262668, "step": 421, "max_steps": 938, "loss": 5.852021217346191, "lr": 0.0003355990301454887, "elapsed_time": 416.8773910999298, "prnt": false}
{"event": "training_step", "timestamp": 1782390753.634753, "step": 422, "max_steps": 938, "loss": 5.8653364181518555, "lr": 0.00033472435360482766, "elapsed_time": 417.68587613105774, "prnt": false}
{"event": "training_step", "timestamp": 1782390754.4764822, "step": 423, "max_steps": 938, "loss": 5.770956039428711, "lr": 0.00033384850388173726, "elapsed_time": 418.5276050567627, "prnt": false}
{"event": "training_step", "timestamp": 1782390755.295085, "step": 424, "max_steps": 938, "loss": 5.831198215484619, "lr": 0.00033297149310558484, "elapsed_time": 419.34620809555054, "prnt": false}
{"event": "training_step", "timestamp": 1782390756.115006, "step": 425, "max_steps": 938, "loss": 5.832449913024902, "lr": 0.00033209333342181657, "elapsed_time": 420.1661288738251, "prnt": false}
{"event": "training_step", "timestamp": 1782390756.953946, "step": 426, "max_steps": 938, "loss": 5.819718360900879, "lr": 0.0003312140369917898, "elapsed_time": 421.00506806373596, "prnt": false}
{"event": "training_step", "timestamp": 1782390757.781247, "step": 427, "max_steps": 938, "loss": 5.772572994232178, "lr": 0.0003303336159926041, "elapsed_time": 421.8323700428009, "prnt": false}
{"event": "training_step", "timestamp": 1782390758.598173, "step": 428, "max_steps": 938, "loss": 5.819911003112793, "lr": 0.0003294520826169328, "elapsed_time": 422.64929604530334, "prnt": false}
{"event": "training_step", "timestamp": 1782390759.4198809, "step": 429, "max_steps": 938, "loss": 5.740177154541016, "lr": 0.00032856944907285433, "elapsed_time": 423.4710040092468, "prnt": false}
{"event": "training_step", "timestamp": 1782390760.256969, "step": 430, "max_steps": 938, "loss": 5.812095642089844, "lr": 0.00032768572758368284, "elapsed_time": 424.3080930709839, "prnt": false}
{"event": "training_step", "timestamp": 1782390761.08196, "step": 431, "max_steps": 938, "loss": 5.758685111999512, "lr": 0.0003268009303877993, "elapsed_time": 425.1330828666687, "prnt": false}
{"event": "training_step", "timestamp": 1782390761.9180071, "step": 432, "max_steps": 938, "loss": 5.824814796447754, "lr": 0.0003259150697384816, "elapsed_time": 425.9691309928894, "prnt": false}
{"event": "training_step", "timestamp": 1782390762.830724, "step": 433, "max_steps": 938, "loss": 5.807433128356934, "lr": 0.0003250281579037352, "elapsed_time": 426.8818471431732, "prnt": false}
{"event": "training_step", "timestamp": 1782390763.694155, "step": 434, "max_steps": 938, "loss": 5.835154056549072, "lr": 0.00032414020716612307, "elapsed_time": 427.7452781200409, "prnt": false}
{"event": "training_step", "timestamp": 1782390764.584666, "step": 435, "max_steps": 938, "loss": 5.801384925842285, "lr": 0.00032325122982259556, "elapsed_time": 428.6357891559601, "prnt": false}
{"event": "training_step", "timestamp": 1782390765.462671, "step": 436, "max_steps": 938, "loss": 5.742284297943115, "lr": 0.00032236123818432026, "elapsed_time": 429.5137941837311, "prnt": false}
{"event": "training_step", "timestamp": 1782390766.3579462, "step": 437, "max_steps": 938, "loss": 5.741386890411377, "lr": 0.00032147024457651125, "elapsed_time": 430.4090690612793, "prnt": false}
{"event": "training_step", "timestamp": 1782390767.226518, "step": 438, "max_steps": 938, "loss": 5.851471424102783, "lr": 0.00032057826133825867, "elapsed_time": 431.27764201164246, "prnt": false}
{"event": "training_step", "timestamp": 1782390768.070432, "step": 439, "max_steps": 938, "loss": 5.803164958953857, "lr": 0.00031968530082235785, "elapsed_time": 432.12155508995056, "prnt": false}
{"event": "training_step", "timestamp": 1782390768.8994958, "step": 440, "max_steps": 938, "loss": 5.832265377044678, "lr": 0.000318791375395138, "elapsed_time": 432.95061898231506, "prnt": false}
{"event": "validation_step", "timestamp": 1782390772.607957, "step": 440, "max_steps": 938, "loss": 1.276586801734175, "elapsed_time": 432.95061898231506}
{"event": "training_step", "timestamp": 1782390773.472929, "step": 441, "max_steps": 938, "loss": 5.816812038421631, "lr": 0.000317896497436291, "elapsed_time": 437.5240521430969, "prnt": false}
{"event": "training_step", "timestamp": 1782390774.3520188, "step": 442, "max_steps": 938, "loss": 5.764222145080566, "lr": 0.00031700067933870026, "elapsed_time": 438.40314292907715, "prnt": false}
{"event": "training_step", "timestamp": 1782390775.208859, "step": 443, "max_steps": 938, "loss": 5.856917381286621, "lr": 0.00031610393350826877, "elapsed_time": 439.2599821090698, "prnt": false}
{"event": "training_step", "timestamp": 1782390776.0597131, "step": 444, "max_steps": 938, "loss": 5.7293171882629395, "lr": 0.0003152062723637473, "elapsed_time": 440.11083602905273, "prnt": false}
{"event": "training_step", "timestamp": 1782390776.92215, "step": 445, "max_steps": 938, "loss": 5.79633903503418, "lr": 0.00031430770833656263, "elapsed_time": 440.97327303886414, "prnt": false}
{"event": "training_step", "timestamp": 1782390777.71507, "step": 446, "max_steps": 938, "loss": 5.740230083465576, "lr": 0.0003134082538706452, "elapsed_time": 441.7661929130554, "prnt": false}
{"event": "training_step", "timestamp": 1782390778.5124962, "step": 447, "max_steps": 938, "loss": 5.771229267120361, "lr": 0.000312507921422257, "elapsed_time": 442.5636191368103, "prnt": false}
{"event": "training_step", "timestamp": 1782390779.289236, "step": 448, "max_steps": 938, "loss": 5.718223571777344, "lr": 0.00031160672345981893, "elapsed_time": 443.34035897254944, "prnt": false}
{"event": "training_step", "timestamp": 1782390780.103939, "step": 449, "max_steps": 938, "loss": 5.788907051086426, "lr": 0.0003107046724637379, "elapsed_time": 444.15506196022034, "prnt": false}
{"event": "training_step", "timestamp": 1782390780.9014459, "step": 450, "max_steps": 938, "loss": 5.797690391540527, "lr": 0.0003098017809262343, "elapsed_time": 444.9525680541992, "prnt": false}
{"event": "training_step", "timestamp": 1782390781.6953971, "step": 451, "max_steps": 938, "loss": 5.736632347106934, "lr": 0.000308898061351169, "elapsed_time": 445.74652004241943, "prnt": false}
{"event": "training_step", "timestamp": 1782390782.5075681, "step": 452, "max_steps": 938, "loss": 5.844510078430176, "lr": 0.0003079935262538701, "elapsed_time": 446.5586910247803, "prnt": false}
{"event": "training_step", "timestamp": 1782390783.282191, "step": 453, "max_steps": 938, "loss": 5.831975936889648, "lr": 0.00030708818816095954, "elapsed_time": 447.33331418037415, "prnt": false}
{"event": "training_step", "timestamp": 1782390784.137933, "step": 454, "max_steps": 938, "loss": 5.745281219482422, "lr": 0.0003061820596101797, "elapsed_time": 448.1890561580658, "prnt": false}
{"event": "training_step", "timestamp": 1782390785.05152, "step": 455, "max_steps": 938, "loss": 5.75732421875, "lr": 0.00030527515315021975, "elapsed_time": 449.1026430130005, "prnt": false}
{"event": "training_step", "timestamp": 1782390785.913814, "step": 456, "max_steps": 938, "loss": 5.7545976638793945, "lr": 0.00030436748134054207, "elapsed_time": 449.9649360179901, "prnt": false}
{"event": "training_step", "timestamp": 1782390786.7476969, "step": 457, "max_steps": 938, "loss": 5.7612762451171875, "lr": 0.0003034590567512079, "elapsed_time": 450.798819065094, "prnt": false}
{"event": "training_step", "timestamp": 1782390787.571158, "step": 458, "max_steps": 938, "loss": 5.758131980895996, "lr": 0.0003025498919627034, "elapsed_time": 451.6222810745239, "prnt": false}
{"event": "training_step", "timestamp": 1782390788.392542, "step": 459, "max_steps": 938, "loss": 5.76547384262085, "lr": 0.0003016399995657658, "elapsed_time": 452.4436659812927, "prnt": false}
{"event": "training_step", "timestamp": 1782390789.2507331, "step": 460, "max_steps": 938, "loss": 5.720491409301758, "lr": 0.0003007293921612087, "elapsed_time": 453.3018550872803, "prnt": false}
{"event": "training_step", "timestamp": 1782390790.0815082, "step": 461, "max_steps": 938, "loss": 5.726333141326904, "lr": 0.0002998180823597474, "elapsed_time": 454.1326310634613, "prnt": false}
{"event": "training_step", "timestamp": 1782390790.923797, "step": 462, "max_steps": 938, "loss": 5.820401191711426, "lr": 0.00029890608278182473, "elapsed_time": 454.97492003440857, "prnt": false}
{"event": "training_step", "timestamp": 1782390791.724616, "step": 463, "max_steps": 938, "loss": 5.8325371742248535, "lr": 0.0002979934060574358, "elapsed_time": 455.77573895454407, "prnt": false}
{"event": "training_step", "timestamp": 1782390792.512054, "step": 464, "max_steps": 938, "loss": 5.859298229217529, "lr": 0.0002970800648259535, "elapsed_time": 456.56317710876465, "prnt": false}
{"event": "training_step", "timestamp": 1782390793.3426769, "step": 465, "max_steps": 938, "loss": 5.828989028930664, "lr": 0.0002961660717359531, "elapsed_time": 457.3938000202179, "prnt": false}
{"event": "training_step", "timestamp": 1782390794.1828249, "step": 466, "max_steps": 938, "loss": 5.739112854003906, "lr": 0.00029525143944503744, "elapsed_time": 458.23394799232483, "prnt": false}
{"event": "training_step", "timestamp": 1782390795.030825, "step": 467, "max_steps": 938, "loss": 5.752821445465088, "lr": 0.0002943361806196612, "elapsed_time": 459.0819480419159, "prnt": false}
{"event": "training_step", "timestamp": 1782390795.847408, "step": 468, "max_steps": 938, "loss": 5.702909469604492, "lr": 0.000293420307934956, "elapsed_time": 459.8985300064087, "prnt": false}
{"event": "training_step", "timestamp": 1782390796.649725, "step": 469, "max_steps": 938, "loss": 5.74469518661499, "lr": 0.0002925038340745544, "elapsed_time": 460.700847864151, "prnt": false}
{"event": "training_step", "timestamp": 1782390797.4718049, "step": 470, "max_steps": 938, "loss": 5.684991359710693, "lr": 0.00029158677173041464, "elapsed_time": 461.52292799949646, "prnt": false}
{"event": "training_step", "timestamp": 1782390798.285076, "step": 471, "max_steps": 938, "loss": 5.774571418762207, "lr": 0.00029066913360264454, "elapsed_time": 462.3361990451813, "prnt": false}
{"event": "training_step", "timestamp": 1782390799.0865128, "step": 472, "max_steps": 938, "loss": 5.739175319671631, "lr": 0.00028975093239932574, "elapsed_time": 463.1376371383667, "prnt": false}
{"event": "training_step", "timestamp": 1782390799.8908632, "step": 473, "max_steps": 938, "loss": 5.766872882843018, "lr": 0.0002888321808363379, "elapsed_time": 463.9419870376587, "prnt": false}
{"event": "training_step", "timestamp": 1782390800.683816, "step": 474, "max_steps": 938, "loss": 5.739530563354492, "lr": 0.0002879128916371823, "elapsed_time": 464.7349388599396, "prnt": false}
{"event": "training_step", "timestamp": 1782390801.478248, "step": 475, "max_steps": 938, "loss": 5.655362129211426, "lr": 0.0002869930775328059, "elapsed_time": 465.5293710231781, "prnt": false}
{"event": "training_step", "timestamp": 1782390802.2985332, "step": 476, "max_steps": 938, "loss": 5.724328517913818, "lr": 0.00028607275126142477, "elapsed_time": 466.3496561050415, "prnt": false}
{"event": "training_step", "timestamp": 1782390803.163584, "step": 477, "max_steps": 938, "loss": 5.807120323181152, "lr": 0.0002851519255683479, "elapsed_time": 467.2147068977356, "prnt": false}
{"event": "training_step", "timestamp": 1782390804.049182, "step": 478, "max_steps": 938, "loss": 5.72971248626709, "lr": 0.0002842306132058006, "elapsed_time": 468.10030484199524, "prnt": false}
{"event": "training_step", "timestamp": 1782390804.943808, "step": 479, "max_steps": 938, "loss": 5.738162040710449, "lr": 0.0002833088269327479, "elapsed_time": 468.9949309825897, "prnt": false}
{"event": "training_step", "timestamp": 1782390805.793658, "step": 480, "max_steps": 938, "loss": 5.7494940757751465, "lr": 0.00028238657951471776, "elapsed_time": 469.8447802066803, "prnt": false}
{"event": "training_step", "timestamp": 1782390806.6778738, "step": 481, "max_steps": 938, "loss": 5.778380393981934, "lr": 0.0002814638837236246, "elapsed_time": 470.7289972305298, "prnt": false}
{"event": "training_step", "timestamp": 1782390807.537419, "step": 482, "max_steps": 938, "loss": 5.707153797149658, "lr": 0.0002805407523375922, "elapsed_time": 471.5885419845581, "prnt": false}
{"event": "training_step", "timestamp": 1782390808.359586, "step": 483, "max_steps": 938, "loss": 5.721405029296875, "lr": 0.00027961719814077664, "elapsed_time": 472.41070914268494, "prnt": false}
{"event": "training_step", "timestamp": 1782390809.1891022, "step": 484, "max_steps": 938, "loss": 5.658474922180176, "lr": 0.00027869323392318925, "elapsed_time": 473.2402250766754, "prnt": false}
{"event": "validation_step", "timestamp": 1782390812.817756, "step": 484, "max_steps": 938, "loss": 1.2680632442122295, "elapsed_time": 473.2402250766754}
{"event": "training_step", "timestamp": 1782390813.618627, "step": 485, "max_steps": 938, "loss": 5.7352495193481445, "lr": 0.00027776887248052003, "elapsed_time": 477.66975116729736, "prnt": false}
{"event": "training_step", "timestamp": 1782390814.445277, "step": 486, "max_steps": 938, "loss": 5.691442489624023, "lr": 0.00027684412661395955, "elapsed_time": 478.49640107154846, "prnt": false}
{"event": "training_step", "timestamp": 1782390815.292578, "step": 487, "max_steps": 938, "loss": 5.723283767700195, "lr": 0.0002759190091300225, "elapsed_time": 479.3436999320984, "prnt": false}
{"event": "training_step", "timestamp": 1782390816.095911, "step": 488, "max_steps": 938, "loss": 5.740160942077637, "lr": 0.0002749935328403697, "elapsed_time": 480.1470341682434, "prnt": false}
{"event": "training_step", "timestamp": 1782390816.942583, "step": 489, "max_steps": 938, "loss": 5.719770431518555, "lr": 0.00027406771056163125, "elapsed_time": 480.9937059879303, "prnt": false}
{"event": "training_step", "timestamp": 1782390817.7674391, "step": 490, "max_steps": 938, "loss": 5.666922092437744, "lr": 0.0002731415551152286, "elapsed_time": 481.81856203079224, "prnt": false}
{"event": "training_step", "timestamp": 1782390818.588255, "step": 491, "max_steps": 938, "loss": 5.651206016540527, "lr": 0.00027221507932719696, "elapsed_time": 482.6393790245056, "prnt": false}
{"event": "training_step", "timestamp": 1782390819.400537, "step": 492, "max_steps": 938, "loss": 5.755868434906006, "lr": 0.0002712882960280082, "elapsed_time": 483.45166015625, "prnt": false}
{"event": "training_step", "timestamp": 1782390820.2343838, "step": 493, "max_steps": 938, "loss": 5.672602653503418, "lr": 0.00027036121805239254, "elapsed_time": 484.28550720214844, "prnt": false}
{"event": "training_step", "timestamp": 1782390821.034184, "step": 494, "max_steps": 938, "loss": 5.669668197631836, "lr": 0.00026943385823916124, "elapsed_time": 485.0853068828583, "prnt": false}
{"event": "training_step", "timestamp": 1782390821.823631, "step": 495, "max_steps": 938, "loss": 5.6648478507995605, "lr": 0.0002685062294310285, "elapsed_time": 485.87475419044495, "prnt": false}
{"event": "training_step", "timestamp": 1782390822.6188521, "step": 496, "max_steps": 938, "loss": 5.68886661529541, "lr": 0.0002675783444744339, "elapsed_time": 486.66997504234314, "prnt": false}
{"event": "training_step", "timestamp": 1782390823.4875898, "step": 497, "max_steps": 938, "loss": 5.640671730041504, "lr": 0.00026665021621936414, "elapsed_time": 487.5387132167816, "prnt": false}
{"event": "training_step", "timestamp": 1782390824.432621, "step": 498, "max_steps": 938, "loss": 5.800327301025391, "lr": 0.0002657218575191755, "elapsed_time": 488.4837441444397, "prnt": false}
{"event": "training_step", "timestamp": 1782390825.3671649, "step": 499, "max_steps": 938, "loss": 5.7224907875061035, "lr": 0.00026479328123041557, "elapsed_time": 489.4182879924774, "prnt": false}
{"event": "training_step", "timestamp": 1782390826.264853, "step": 500, "max_steps": 938, "loss": 5.67888069152832, "lr": 0.00026386450021264517, "elapsed_time": 490.3159759044647, "prnt": false}
{"event": "training_step", "timestamp": 1782390827.1723762, "step": 501, "max_steps": 938, "loss": 5.741949081420898, "lr": 0.0002629355273282603, "elapsed_time": 491.2234990596771, "prnt": false}
{"event": "training_step", "timestamp": 1782390828.022838, "step": 502, "max_steps": 938, "loss": 5.697365760803223, "lr": 0.00026200637544231435, "elapsed_time": 492.073961019516, "prnt": false}
{"event": "training_step", "timestamp": 1782390828.8439438, "step": 503, "max_steps": 938, "loss": 5.7064971923828125, "lr": 0.00026107705742233926, "elapsed_time": 492.89506697654724, "prnt": false}
{"event": "training_step", "timestamp": 1782390829.629241, "step": 504, "max_steps": 938, "loss": 5.66912317276001, "lr": 0.00026014758613816796, "elapsed_time": 493.6803641319275, "prnt": false}
{"event": "training_step", "timestamp": 1782390830.4391701, "step": 505, "max_steps": 938, "loss": 5.743183135986328, "lr": 0.0002592179744617559, "elapsed_time": 494.49029302597046, "prnt": false}
{"event": "training_step", "timestamp": 1782390831.2442958, "step": 506, "max_steps": 938, "loss": 5.662433624267578, "lr": 0.00025828823526700257, "elapsed_time": 495.2954189777374, "prnt": false}
{"event": "training_step", "timestamp": 1782390832.04674, "step": 507, "max_steps": 938, "loss": 5.670129776000977, "lr": 0.00025735838142957365, "elapsed_time": 496.0978629589081, "prnt": false}
{"event": "training_step", "timestamp": 1782390832.902787, "step": 508, "max_steps": 938, "loss": 5.687602996826172, "lr": 0.00025642842582672236, "elapsed_time": 496.953910112381, "prnt": false}
{"event": "training_step", "timestamp": 1782390833.747312, "step": 509, "max_steps": 938, "loss": 5.720598220825195, "lr": 0.00025549838133711114, "elapsed_time": 497.79843521118164, "prnt": false}
{"event": "training_step", "timestamp": 1782390834.614961, "step": 510, "max_steps": 938, "loss": 5.64849328994751, "lr": 0.00025456826084063364, "elapsed_time": 498.6660830974579, "prnt": false}
{"event": "training_step", "timestamp": 1782390835.470706, "step": 511, "max_steps": 938, "loss": 5.71429443359375, "lr": 0.000253638077218236, "elapsed_time": 499.5218291282654, "prnt": false}
{"event": "training_step", "timestamp": 1782390836.303615, "step": 512, "max_steps": 938, "loss": 5.677801132202148, "lr": 0.00025270784335173845, "elapsed_time": 500.35473799705505, "prnt": false}
{"event": "training_step", "timestamp": 1782390837.1069791, "step": 513, "max_steps": 938, "loss": 5.66923713684082, "lr": 0.0002517775721236571, "elapsed_time": 501.15810203552246, "prnt": false}
{"event": "training_step", "timestamp": 1782390837.9099479, "step": 514, "max_steps": 938, "loss": 5.6698384284973145, "lr": 0.00025084727641702556, "elapsed_time": 501.9610712528229, "prnt": false}
{"event": "training_step", "timestamp": 1782390838.695189, "step": 515, "max_steps": 938, "loss": 5.581171989440918, "lr": 0.0002499169691152164, "elapsed_time": 502.7463130950928, "prnt": false}
{"event": "training_step", "timestamp": 1782390839.474303, "step": 516, "max_steps": 938, "loss": 5.724457740783691, "lr": 0.0002489866631017626, "elapsed_time": 503.5254259109497, "prnt": false}
{"event": "training_step", "timestamp": 1782390840.268426, "step": 517, "max_steps": 938, "loss": 5.713454246520996, "lr": 0.00024805637126017963, "elapsed_time": 504.31955003738403, "prnt": false}
{"event": "training_step", "timestamp": 1782390841.06547, "step": 518, "max_steps": 938, "loss": 5.6422247886657715, "lr": 0.0002471261064737863, "elapsed_time": 505.1165928840637, "prnt": false}
{"event": "training_step", "timestamp": 1782390841.8526561, "step": 519, "max_steps": 938, "loss": 5.675421237945557, "lr": 0.0002461958816255272, "elapsed_time": 505.9037780761719, "prnt": false}
{"event": "training_step", "timestamp": 1782390842.6485991, "step": 520, "max_steps": 938, "loss": 5.695167064666748, "lr": 0.00024526570959779333, "elapsed_time": 506.6997220516205, "prnt": false}
{"event": "training_step", "timestamp": 1782390843.4654038, "step": 521, "max_steps": 938, "loss": 5.641679763793945, "lr": 0.0002443356032722445, "elapsed_time": 507.5165271759033, "prnt": false}
{"event": "training_step", "timestamp": 1782390844.2654452, "step": 522, "max_steps": 938, "loss": 5.68589448928833, "lr": 0.0002434055755296307, "elapsed_time": 508.3165681362152, "prnt": false}
{"event": "training_step", "timestamp": 1782390845.113655, "step": 523, "max_steps": 938, "loss": 5.6548991203308105, "lr": 0.00024247563924961337, "elapsed_time": 509.1647779941559, "prnt": false}
{"event": "training_step", "timestamp": 1782390845.9841049, "step": 524, "max_steps": 938, "loss": 5.619350910186768, "lr": 0.00024154580731058749, "elapsed_time": 510.0352280139923, "prnt": false}
{"event": "training_step", "timestamp": 1782390846.881873, "step": 525, "max_steps": 938, "loss": 5.591014385223389, "lr": 0.00024061609258950315, "elapsed_time": 510.9329950809479, "prnt": false}
{"event": "training_step", "timestamp": 1782390847.765698, "step": 526, "max_steps": 938, "loss": 5.67262077331543, "lr": 0.00023968650796168687, "elapsed_time": 511.81682109832764, "prnt": false}
{"event": "training_step", "timestamp": 1782390848.55859, "step": 527, "max_steps": 938, "loss": 5.657422065734863, "lr": 0.0002387570663006638, "elapsed_time": 512.6097128391266, "prnt": false}
{"event": "training_step", "timestamp": 1782390849.342771, "step": 528, "max_steps": 938, "loss": 5.6332807540893555, "lr": 0.00023782778047797898, "elapsed_time": 513.3938939571381, "prnt": false}
{"event": "validation_step", "timestamp": 1782390852.944535, "step": 528, "max_steps": 938, "loss": 1.2598740607411234, "elapsed_time": 513.3938939571381}
{"event": "training_step", "timestamp": 1782390853.757067, "step": 529, "max_steps": 938, "loss": 5.689383506774902, "lr": 0.00023689866336301936, "elapsed_time": 517.8081901073456, "prnt": false}
{"event": "training_step", "timestamp": 1782390854.641199, "step": 530, "max_steps": 938, "loss": 5.655450820922852, "lr": 0.00023596972782283568, "elapsed_time": 518.692321062088, "prnt": false}
{"event": "training_step", "timestamp": 1782390855.558583, "step": 531, "max_steps": 938, "loss": 5.675451278686523, "lr": 0.00023504098672196377, "elapsed_time": 519.609701871872, "prnt": false}
{"event": "training_step", "timestamp": 1782390856.438281, "step": 532, "max_steps": 938, "loss": 5.734182357788086, "lr": 0.00023411245292224704, "elapsed_time": 520.489403963089, "prnt": false}
{"event": "training_step", "timestamp": 1782390857.283236, "step": 533, "max_steps": 938, "loss": 5.63401985168457, "lr": 0.00023318413928265802, "elapsed_time": 521.3343601226807, "prnt": false}
{"event": "training_step", "timestamp": 1782390858.1226869, "step": 534, "max_steps": 938, "loss": 5.674553394317627, "lr": 0.00023225605865912012, "elapsed_time": 522.173810005188, "prnt": false}
{"event": "training_step", "timestamp": 1782390858.951762, "step": 535, "max_steps": 938, "loss": 5.631885528564453, "lr": 0.0002313282239043299, "elapsed_time": 523.0028848648071, "prnt": false}
{"event": "training_step", "timestamp": 1782390859.761342, "step": 536, "max_steps": 938, "loss": 5.652459621429443, "lr": 0.00023040064786757888, "elapsed_time": 523.8124649524689, "prnt": false}
{"event": "training_step", "timestamp": 1782390860.5764742, "step": 537, "max_steps": 938, "loss": 5.666536331176758, "lr": 0.00022947334339457585, "elapsed_time": 524.6275970935822, "prnt": false}
{"event": "training_step", "timestamp": 1782390861.353306, "step": 538, "max_steps": 938, "loss": 5.608752250671387, "lr": 0.00022854632332726876, "elapsed_time": 525.4044291973114, "prnt": false}
{"event": "training_step", "timestamp": 1782390862.1687832, "step": 539, "max_steps": 938, "loss": 5.5884690284729, "lr": 0.00022761960050366665, "elapsed_time": 526.2199060916901, "prnt": false}
{"event": "training_step", "timestamp": 1782390862.9954329, "step": 540, "max_steps": 938, "loss": 5.665804862976074, "lr": 0.0002266931877576626, "elapsed_time": 527.0465559959412, "prnt": false}
{"event": "training_step", "timestamp": 1782390863.8473191, "step": 541, "max_steps": 938, "loss": 5.619717121124268, "lr": 0.00022576709791885497, "elapsed_time": 527.898442029953, "prnt": false}
{"event": "training_step", "timestamp": 1782390864.704274, "step": 542, "max_steps": 938, "loss": 5.641740798950195, "lr": 0.00022484134381237067, "elapsed_time": 528.7553968429565, "prnt": false}
{"event": "training_step", "timestamp": 1782390865.518872, "step": 543, "max_steps": 938, "loss": 5.612856864929199, "lr": 0.0002239159382586872, "elapsed_time": 529.5699951648712, "prnt": false}
{"event": "training_step", "timestamp": 1782390866.335814, "step": 544, "max_steps": 938, "loss": 5.69191837310791, "lr": 0.00022299089407345463, "elapsed_time": 530.3869371414185, "prnt": false}
{"event": "training_step", "timestamp": 1782390867.152281, "step": 545, "max_steps": 938, "loss": 5.627223491668701, "lr": 0.00022206622406731902, "elapsed_time": 531.2034041881561, "prnt": false}
{"event": "training_step", "timestamp": 1782390867.971374, "step": 546, "max_steps": 938, "loss": 5.619487285614014, "lr": 0.0002211419410457444, "elapsed_time": 532.022497177124, "prnt": false}
{"event": "training_step", "timestamp": 1782390868.768267, "step": 547, "max_steps": 938, "loss": 5.59005069732666, "lr": 0.00022021805780883533, "elapsed_time": 532.8193888664246, "prnt": false}
{"event": "training_step", "timestamp": 1782390869.5583382, "step": 548, "max_steps": 938, "loss": 5.618936061859131, "lr": 0.00021929458715116032, "elapsed_time": 533.6094620227814, "prnt": false}
{"event": "training_step", "timestamp": 1782390870.336784, "step": 549, "max_steps": 938, "loss": 5.575167179107666, "lr": 0.00021837154186157376, "elapsed_time": 534.3879070281982, "prnt": false}
{"event": "training_step", "timestamp": 1782390871.15856, "step": 550, "max_steps": 938, "loss": 5.603675842285156, "lr": 0.0002174489347230395, "elapsed_time": 535.2096829414368, "prnt": false}
{"event": "training_step", "timestamp": 1782390871.990185, "step": 551, "max_steps": 938, "loss": 5.580440044403076, "lr": 0.00021652677851245357, "elapsed_time": 536.041307926178, "prnt": false}
{"event": "training_step", "timestamp": 1782390872.750713, "step": 552, "max_steps": 938, "loss": 5.625670433044434, "lr": 0.0002156050860004671, "elapsed_time": 536.801836013794, "prnt": false}
{"event": "training_step", "timestamp": 1782390873.604784, "step": 553, "max_steps": 938, "loss": 5.5933074951171875, "lr": 0.00021468386995130974, "elapsed_time": 537.6559071540833, "prnt": false}
{"event": "training_step", "timestamp": 1782390874.464038, "step": 554, "max_steps": 938, "loss": 5.619599342346191, "lr": 0.0002137631431226128, "elapsed_time": 538.5151610374451, "prnt": false}
{"event": "training_step", "timestamp": 1782390875.351454, "step": 555, "max_steps": 938, "loss": 5.620418548583984, "lr": 0.00021284291826523236, "elapsed_time": 539.4025769233704, "prnt": false}
{"event": "training_step", "timestamp": 1782390876.2072918, "step": 556, "max_steps": 938, "loss": 5.635166168212891, "lr": 0.00021192320812307293, "elapsed_time": 540.258415222168, "prnt": false}
{"event": "training_step", "timestamp": 1782390877.035934, "step": 557, "max_steps": 938, "loss": 5.543063163757324, "lr": 0.00021100402543291086, "elapsed_time": 541.0870568752289, "prnt": false}
{"event": "training_step", "timestamp": 1782390877.8694642, "step": 558, "max_steps": 938, "loss": 5.614047050476074, "lr": 0.00021008538292421807, "elapsed_time": 541.92058801651, "prnt": false}
{"event": "training_step", "timestamp": 1782390878.659083, "step": 559, "max_steps": 938, "loss": 5.6137590408325195, "lr": 0.0002091672933189857, "elapsed_time": 542.7102060317993, "prnt": false}
{"event": "training_step", "timestamp": 1782390879.474373, "step": 560, "max_steps": 938, "loss": 5.601628303527832, "lr": 0.00020824976933154772, "elapsed_time": 543.525496006012, "prnt": false}
{"event": "training_step", "timestamp": 1782390880.274436, "step": 561, "max_steps": 938, "loss": 5.55403995513916, "lr": 0.00020733282366840522, "elapsed_time": 544.3255591392517, "prnt": false}
{"event": "training_step", "timestamp": 1782390881.104706, "step": 562, "max_steps": 938, "loss": 5.593930721282959, "lr": 0.0002064164690280501, "elapsed_time": 545.1558289527893, "prnt": false}
{"event": "training_step", "timestamp": 1782390881.9166222, "step": 563, "max_steps": 938, "loss": 5.527128219604492, "lr": 0.0002055007181007896, "elapsed_time": 545.9677450656891, "prnt": false}
{"event": "training_step", "timestamp": 1782390882.7040582, "step": 564, "max_steps": 938, "loss": 5.59207820892334, "lr": 0.00020458558356857014, "elapsed_time": 546.7551810741425, "prnt": false}
{"event": "training_step", "timestamp": 1782390883.5425549, "step": 565, "max_steps": 938, "loss": 5.545411586761475, "lr": 0.0002036710781048018, "elapsed_time": 547.5936782360077, "prnt": false}
{"event": "training_step", "timestamp": 1782390884.330069, "step": 566, "max_steps": 938, "loss": 5.608720779418945, "lr": 0.00020275721437418312, "elapsed_time": 548.3811919689178, "prnt": false}
{"event": "training_step", "timestamp": 1782390885.126667, "step": 567, "max_steps": 938, "loss": 5.592686176300049, "lr": 0.0002018440050325255, "elapsed_time": 549.1777899265289, "prnt": false}
{"event": "training_step", "timestamp": 1782390885.953401, "step": 568, "max_steps": 938, "loss": 5.625572681427002, "lr": 0.00020093146272657752, "elapsed_time": 550.0045239925385, "prnt": false}
{"event": "training_step", "timestamp": 1782390886.759232, "step": 569, "max_steps": 938, "loss": 5.574397087097168, "lr": 0.00020001960009385068, "elapsed_time": 550.8103549480438, "prnt": false}
{"event": "training_step", "timestamp": 1782390887.582444, "step": 570, "max_steps": 938, "loss": 5.526310920715332, "lr": 0.00019910842976244357, "elapsed_time": 551.6335670948029, "prnt": false}
{"event": "training_step", "timestamp": 1782390888.39051, "step": 571, "max_steps": 938, "loss": 5.53204345703125, "lr": 0.00019819796435086742, "elapsed_time": 552.4416320323944, "prnt": false}
{"event": "training_step", "timestamp": 1782390889.2078662, "step": 572, "max_steps": 938, "loss": 5.638399600982666, "lr": 0.0001972882164678714, "elapsed_time": 553.2589900493622, "prnt": false}
{"event": "validation_step", "timestamp": 1782390892.815028, "step": 572, "max_steps": 938, "loss": 1.2531431351196927, "elapsed_time": 553.2589900493622}
{"event": "training_step", "timestamp": 1782390893.5672781, "step": 573, "max_steps": 938, "loss": 5.582740783691406, "lr": 0.0001963791987122675, "elapsed_time": 557.6184010505676, "prnt": false}
{"event": "training_step", "timestamp": 1782390894.350806, "step": 574, "max_steps": 938, "loss": 5.622714042663574, "lr": 0.00019547092367275669, "elapsed_time": 558.4019300937653, "prnt": false}
{"event": "training_step", "timestamp": 1782390895.142299, "step": 575, "max_steps": 938, "loss": 5.618321895599365, "lr": 0.00019456340392775434, "elapsed_time": 559.1934232711792, "prnt": false}
{"event": "training_step", "timestamp": 1782390895.954904, "step": 576, "max_steps": 938, "loss": 5.55100679397583, "lr": 0.00019365665204521573, "elapsed_time": 560.0060269832611, "prnt": false}
{"event": "training_step", "timestamp": 1782390896.8456361, "step": 577, "max_steps": 938, "loss": 5.631628036499023, "lr": 0.00019275068058246243, "elapsed_time": 560.8967590332031, "prnt": false}
{"event": "training_step", "timestamp": 1782390897.6648011, "step": 578, "max_steps": 938, "loss": 5.520033836364746, "lr": 0.00019184550208600816, "elapsed_time": 561.7159240245819, "prnt": false}
{"event": "training_step", "timestamp": 1782390898.4812522, "step": 579, "max_steps": 938, "loss": 5.572628498077393, "lr": 0.00019094112909138507, "elapsed_time": 562.5323750972748, "prnt": false}
{"event": "training_step", "timestamp": 1782390899.298263, "step": 580, "max_steps": 938, "loss": 5.536126613616943, "lr": 0.00019003757412297043, "elapsed_time": 563.3493871688843, "prnt": false}
{"event": "training_step", "timestamp": 1782390900.1101341, "step": 581, "max_steps": 938, "loss": 5.55596399307251, "lr": 0.00018913484969381242, "elapsed_time": 564.1612560749054, "prnt": false}
{"event": "training_step", "timestamp": 1782390900.903003, "step": 582, "max_steps": 938, "loss": 5.504230499267578, "lr": 0.0001882329683054579, "elapsed_time": 564.9541261196136, "prnt": false}
{"event": "training_step", "timestamp": 1782390901.710148, "step": 583, "max_steps": 938, "loss": 5.569064140319824, "lr": 0.00018733194244777824, "elapsed_time": 565.7612709999084, "prnt": false}
{"event": "training_step", "timestamp": 1782390902.541704, "step": 584, "max_steps": 938, "loss": 5.593573093414307, "lr": 0.00018643178459879718, "elapsed_time": 566.592826128006, "prnt": false}
{"event": "training_step", "timestamp": 1782390903.342958, "step": 585, "max_steps": 938, "loss": 5.532966613769531, "lr": 0.00018553250722451757, "elapsed_time": 567.3940811157227, "prnt": false}
{"event": "training_step", "timestamp": 1782390904.135467, "step": 586, "max_steps": 938, "loss": 5.644908905029297, "lr": 0.0001846341227787487, "elapsed_time": 568.1865911483765, "prnt": false}
{"event": "training_step", "timestamp": 1782390904.950912, "step": 587, "max_steps": 938, "loss": 5.626911640167236, "lr": 0.00018373664370293415, "elapsed_time": 569.0020349025726, "prnt": false}
{"event": "training_step", "timestamp": 1782390905.733716, "step": 588, "max_steps": 938, "loss": 5.540344715118408, "lr": 0.0001828400824259794, "elapsed_time": 569.7848389148712, "prnt": false}
{"event": "training_step", "timestamp": 1782390906.523504, "step": 589, "max_steps": 938, "loss": 5.5555500984191895, "lr": 0.00018194445136407927, "elapsed_time": 570.574627161026, "prnt": false}
{"event": "training_step", "timestamp": 1782390907.334806, "step": 590, "max_steps": 938, "loss": 5.545721054077148, "lr": 0.00018104976292054677, "elapsed_time": 571.385929107666, "prnt": false}
{"event": "training_step", "timestamp": 1782390908.1569018, "step": 591, "max_steps": 938, "loss": 5.545026779174805, "lr": 0.0001801560294856405, "elapsed_time": 572.2080252170563, "prnt": false}
{"event": "training_step", "timestamp": 1782390908.9787378, "step": 592, "max_steps": 938, "loss": 5.555230617523193, "lr": 0.00017926326343639358, "elapsed_time": 573.0298612117767, "prnt": false}
{"event": "training_step", "timestamp": 1782390909.802481, "step": 593, "max_steps": 938, "loss": 5.5564069747924805, "lr": 0.0001783714771364423, "elapsed_time": 573.8536040782928, "prnt": false}
{"event": "training_step", "timestamp": 1782390910.5929039, "step": 594, "max_steps": 938, "loss": 5.509213924407959, "lr": 0.00017748068293585434, "elapsed_time": 574.6440269947052, "prnt": false}
{"event": "training_step", "timestamp": 1782390911.407709, "step": 595, "max_steps": 938, "loss": 5.511910438537598, "lr": 0.00017659089317095843, "elapsed_time": 575.458832025528, "prnt": false}
{"event": "training_step", "timestamp": 1782390912.212291, "step": 596, "max_steps": 938, "loss": 5.610200881958008, "lr": 0.00017570212016417315, "elapsed_time": 576.263414144516, "prnt": false}
{"event": "training_step", "timestamp": 1782390913.0050628, "step": 597, "max_steps": 938, "loss": 5.615546226501465, "lr": 0.00017481437622383607, "elapsed_time": 577.0561861991882, "prnt": false}
{"event": "training_step", "timestamp": 1782390913.862418, "step": 598, "max_steps": 938, "loss": 5.646020889282227, "lr": 0.0001739276736440338, "elapsed_time": 577.9135408401489, "prnt": false}
{"event": "training_step", "timestamp": 1782390914.70563, "step": 599, "max_steps": 938, "loss": 5.628989219665527, "lr": 0.00017304202470443133, "elapsed_time": 578.7567520141602, "prnt": false}
{"event": "training_step", "timestamp": 1782390915.530565, "step": 600, "max_steps": 938, "loss": 5.529949188232422, "lr": 0.00017215744167010217, "elapsed_time": 579.581689119339, "prnt": false}
{"event": "training_step", "timestamp": 1782390916.3591838, "step": 601, "max_steps": 938, "loss": 5.552727699279785, "lr": 0.00017127393679135857, "elapsed_time": 580.4103071689606, "prnt": false}
{"event": "training_step", "timestamp": 1782390917.171028, "step": 602, "max_steps": 938, "loss": 5.4994964599609375, "lr": 0.00017039152230358142, "elapsed_time": 581.2221510410309, "prnt": false}
{"event": "training_step", "timestamp": 1782390917.977298, "step": 603, "max_steps": 938, "loss": 5.535201072692871, "lr": 0.00016951021042705148, "elapsed_time": 582.0284202098846, "prnt": false}
{"event": "training_step", "timestamp": 1782390918.791994, "step": 604, "max_steps": 938, "loss": 5.47343635559082, "lr": 0.00016863001336677965, "elapsed_time": 582.8431160449982, "prnt": false}
{"event": "training_step", "timestamp": 1782390919.573067, "step": 605, "max_steps": 938, "loss": 5.575621128082275, "lr": 0.00016775094331233795, "elapsed_time": 583.6241900920868, "prnt": false}
{"event": "training_step", "timestamp": 1782390920.3686242, "step": 606, "max_steps": 938, "loss": 5.53233528137207, "lr": 0.000166873012437691, "elapsed_time": 584.4197461605072, "prnt": false}
{"event": "training_step", "timestamp": 1782390921.1841888, "step": 607, "max_steps": 938, "loss": 5.565685749053955, "lr": 0.00016599623290102734, "elapsed_time": 585.2353112697601, "prnt": false}
{"event": "training_step", "timestamp": 1782390922.006974, "step": 608, "max_steps": 938, "loss": 5.539103031158447, "lr": 0.00016512061684459097, "elapsed_time": 586.058098077774, "prnt": false}
{"event": "training_step", "timestamp": 1782390922.81652, "step": 609, "max_steps": 938, "loss": 5.451345443725586, "lr": 0.00016424617639451304, "elapsed_time": 586.8676421642303, "prnt": false}
{"event": "training_step", "timestamp": 1782390923.631178, "step": 610, "max_steps": 938, "loss": 5.517347812652588, "lr": 0.00016337292366064423, "elapsed_time": 587.6823010444641, "prnt": false}
{"event": "training_step", "timestamp": 1782390924.55206, "step": 611, "max_steps": 938, "loss": 5.603023529052734, "lr": 0.00016250087073638688, "elapsed_time": 588.6031820774078, "prnt": false}
{"event": "training_step", "timestamp": 1782390925.424614, "step": 612, "max_steps": 938, "loss": 5.523747444152832, "lr": 0.0001616300296985276, "elapsed_time": 589.4757370948792, "prnt": false}
{"event": "training_step", "timestamp": 1782390926.2716439, "step": 613, "max_steps": 938, "loss": 5.5245161056518555, "lr": 0.00016076041260707004, "elapsed_time": 590.3227672576904, "prnt": false}
{"event": "training_step", "timestamp": 1782390927.174365, "step": 614, "max_steps": 938, "loss": 5.553234577178955, "lr": 0.00015989203150506746, "elapsed_time": 591.2254872322083, "prnt": false}
{"event": "training_step", "timestamp": 1782390928.0538409, "step": 615, "max_steps": 938, "loss": 5.573035717010498, "lr": 0.00015902489841845664, "elapsed_time": 592.1049630641937, "prnt": false}
{"event": "training_step", "timestamp": 1782390928.884219, "step": 616, "max_steps": 938, "loss": 5.513757705688477, "lr": 0.00015815902535589092, "elapsed_time": 592.9353420734406, "prnt": false}
{"event": "validation_step", "timestamp": 1782390932.469044, "step": 616, "max_steps": 938, "loss": 1.2480385405495475, "elapsed_time": 592.9353420734406}
{"event": "training_step", "timestamp": 1782390933.2093482, "step": 617, "max_steps": 938, "loss": 5.522463798522949, "lr": 0.00015729442430857386, "elapsed_time": 597.2604711055756, "prnt": false}
{"event": "training_step", "timestamp": 1782390934.0492449, "step": 618, "max_steps": 938, "loss": 5.459662437438965, "lr": 0.00015643110725009342, "elapsed_time": 598.1003680229187, "prnt": false}
{"event": "training_step", "timestamp": 1782390934.9249249, "step": 619, "max_steps": 938, "loss": 5.539943695068359, "lr": 0.00015556908613625567, "elapsed_time": 598.9760479927063, "prnt": false}
{"event": "training_step", "timestamp": 1782390935.763038, "step": 620, "max_steps": 938, "loss": 5.496028900146484, "lr": 0.00015470837290492, "elapsed_time": 599.8141610622406, "prnt": false}
{"event": "training_step", "timestamp": 1782390936.591821, "step": 621, "max_steps": 938, "loss": 5.5353498458862305, "lr": 0.0001538489794758332, "elapsed_time": 600.6429440975189, "prnt": false}
{"event": "training_step", "timestamp": 1782390937.399986, "step": 622, "max_steps": 938, "loss": 5.549363136291504, "lr": 0.00015299091775046426, "elapsed_time": 601.4511091709137, "prnt": false}
{"event": "training_step", "timestamp": 1782390938.2120068, "step": 623, "max_steps": 938, "loss": 5.518120765686035, "lr": 0.00015213419961184024, "elapsed_time": 602.263130903244, "prnt": false}
{"event": "training_step", "timestamp": 1782390939.033195, "step": 624, "max_steps": 938, "loss": 5.476653099060059, "lr": 0.00015127883692438106, "elapsed_time": 603.0843179225922, "prnt": false}
{"event": "training_step", "timestamp": 1782390939.842179, "step": 625, "max_steps": 938, "loss": 5.467309474945068, "lr": 0.0001504248415337353, "elapsed_time": 603.8933019638062, "prnt": false}
{"event": "training_step", "timestamp": 1782390940.6483772, "step": 626, "max_steps": 938, "loss": 5.549466133117676, "lr": 0.00014957222526661664, "elapsed_time": 604.6995000839233, "prnt": false}
{"event": "training_step", "timestamp": 1782390941.441215, "step": 627, "max_steps": 938, "loss": 5.4723429679870605, "lr": 0.0001487209999306393, "elapsed_time": 605.4923379421234, "prnt": false}
{"event": "training_step", "timestamp": 1782390942.22979, "step": 628, "max_steps": 938, "loss": 5.473985195159912, "lr": 0.00014787117731415527, "elapsed_time": 606.2809128761292, "prnt": false}
{"event": "training_step", "timestamp": 1782390943.044415, "step": 629, "max_steps": 938, "loss": 5.478399276733398, "lr": 0.00014702276918609062, "elapsed_time": 607.0955379009247, "prnt": false}
{"event": "training_step", "timestamp": 1782390943.90765, "step": 630, "max_steps": 938, "loss": 5.49195671081543, "lr": 0.00014617578729578246, "elapsed_time": 607.9587731361389, "prnt": false}
{"event": "training_step", "timestamp": 1782390944.793525, "step": 631, "max_steps": 938, "loss": 5.453925609588623, "lr": 0.0001453302433728166, "elapsed_time": 608.8446478843689, "prnt": false}
{"event": "training_step", "timestamp": 1782390945.649719, "step": 632, "max_steps": 938, "loss": 5.610982894897461, "lr": 0.00014448614912686468, "elapsed_time": 609.7008421421051, "prnt": false}
{"event": "training_step", "timestamp": 1782390946.556434, "step": 633, "max_steps": 938, "loss": 5.521039962768555, "lr": 0.00014364351624752237, "elapsed_time": 610.6075568199158, "prnt": false}
{"event": "training_step", "timestamp": 1782390947.4542038, "step": 634, "max_steps": 938, "loss": 5.482570648193359, "lr": 0.0001428023564041475, "elapsed_time": 611.5053272247314, "prnt": false}
{"event": "training_step", "timestamp": 1782390948.297385, "step": 635, "max_steps": 938, "loss": 5.549137115478516, "lr": 0.00014196268124569788, "elapsed_time": 612.3485078811646, "prnt": false}
{"event": "training_step", "timestamp": 1782390949.1300118, "step": 636, "max_steps": 938, "loss": 5.503224849700928, "lr": 0.00014112450240057054, "elapsed_time": 613.1811351776123, "prnt": false}
{"event": "training_step", "timestamp": 1782390949.928135, "step": 637, "max_steps": 938, "loss": 5.5181779861450195, "lr": 0.00014028783147644077, "elapsed_time": 613.9792580604553, "prnt": false}
{"event": "training_step", "timestamp": 1782390950.708601, "step": 638, "max_steps": 938, "loss": 5.487354278564453, "lr": 0.00013945268006010077, "elapsed_time": 614.7597241401672, "prnt": false}
{"event": "training_step", "timestamp": 1782390951.529969, "step": 639, "max_steps": 938, "loss": 5.566530227661133, "lr": 0.00013861905971729996, "elapsed_time": 615.5810921192169, "prnt": false}
{"event": "training_step", "timestamp": 1782390952.3993962, "step": 640, "max_steps": 938, "loss": 5.481357574462891, "lr": 0.00013778698199258389, "elapsed_time": 616.4505200386047, "prnt": false}
{"event": "training_step", "timestamp": 1782390953.2019122, "step": 641, "max_steps": 938, "loss": 5.495316505432129, "lr": 0.0001369564584091354, "elapsed_time": 617.2530341148376, "prnt": false}
{"event": "training_step", "timestamp": 1782390954.0578911, "step": 642, "max_steps": 938, "loss": 5.506369113922119, "lr": 0.00013612750046861432, "elapsed_time": 618.1090149879456, "prnt": false}
{"event": "training_step", "timestamp": 1782390954.953063, "step": 643, "max_steps": 938, "loss": 5.5336151123046875, "lr": 0.00013530011965099816, "elapsed_time": 619.0041861534119, "prnt": false}
{"event": "training_step", "timestamp": 1782390955.819735, "step": 644, "max_steps": 938, "loss": 5.463155746459961, "lr": 0.00013447432741442366, "elapsed_time": 619.8708579540253, "prnt": false}
{"event": "training_step", "timestamp": 1782390956.837644, "step": 645, "max_steps": 938, "loss": 5.53060245513916, "lr": 0.00013365013519502775, "elapsed_time": 620.8887660503387, "prnt": false}
{"event": "training_step", "timestamp": 1782390957.8077052, "step": 646, "max_steps": 938, "loss": 5.488896369934082, "lr": 0.00013282755440678897, "elapsed_time": 621.8588280677795, "prnt": false}
{"event": "training_step", "timestamp": 1782390958.709357, "step": 647, "max_steps": 938, "loss": 5.485444068908691, "lr": 0.00013200659644137006, "elapsed_time": 622.7604801654816, "prnt": false}
{"event": "training_step", "timestamp": 1782390959.5030022, "step": 648, "max_steps": 938, "loss": 5.491997718811035, "lr": 0.0001311872726679594, "elapsed_time": 623.5541241168976, "prnt": false}
{"event": "training_step", "timestamp": 1782390960.424879, "step": 649, "max_steps": 938, "loss": 5.401453971862793, "lr": 0.00013036959443311433, "elapsed_time": 624.4760022163391, "prnt": false}
{"event": "training_step", "timestamp": 1782390961.1297212, "step": 650, "max_steps": 938, "loss": 5.544804573059082, "lr": 0.00012955357306060334, "elapsed_time": 625.1808440685272, "prnt": false}
{"event": "training_step", "timestamp": 1782390961.842771, "step": 651, "max_steps": 938, "loss": 5.531387805938721, "lr": 0.00012873921985124957, "elapsed_time": 625.8938939571381, "prnt": false}
{"event": "training_step", "timestamp": 1782390962.542777, "step": 652, "max_steps": 938, "loss": 5.458715915679932, "lr": 0.0001279265460827746, "elapsed_time": 626.5939002037048, "prnt": false}
{"event": "training_step", "timestamp": 1782390963.377868, "step": 653, "max_steps": 938, "loss": 5.495408058166504, "lr": 0.00012711556300964158, "elapsed_time": 627.4289910793304, "prnt": false}
{"event": "training_step", "timestamp": 1782390964.177193, "step": 654, "max_steps": 938, "loss": 5.508345603942871, "lr": 0.0001263062818629, "elapsed_time": 628.2283148765564, "prnt": false}
{"event": "training_step", "timestamp": 1782390964.901081, "step": 655, "max_steps": 938, "loss": 5.461963653564453, "lr": 0.00012549871385003, "elapsed_time": 628.9522039890289, "prnt": false}
{"event": "training_step", "timestamp": 1782390965.599958, "step": 656, "max_steps": 938, "loss": 5.507486343383789, "lr": 0.0001246928701547866, "elapsed_time": 629.6510810852051, "prnt": false}
{"event": "training_step", "timestamp": 1782390966.46936, "step": 657, "max_steps": 938, "loss": 5.477346420288086, "lr": 0.00012388876193704577, "elapsed_time": 630.5204820632935, "prnt": false}
{"event": "training_step", "timestamp": 1782390967.3556218, "step": 658, "max_steps": 938, "loss": 5.445593357086182, "lr": 0.0001230864003326493, "elapsed_time": 631.4067451953888, "prnt": false}
{"event": "training_step", "timestamp": 1782390968.299384, "step": 659, "max_steps": 938, "loss": 5.416457653045654, "lr": 0.0001222857964532504, "elapsed_time": 632.3505070209503, "prnt": false}
{"event": "training_step", "timestamp": 1782390969.162185, "step": 660, "max_steps": 938, "loss": 5.485893249511719, "lr": 0.00012148696138616051, "elapsed_time": 633.2133078575134, "prnt": false}
{"event": "validation_step", "timestamp": 1782390972.588775, "step": 660, "max_steps": 938, "loss": 1.2431289047413034, "elapsed_time": 633.2133078575134}
{"event": "training_step", "timestamp": 1782390973.2532978, "step": 661, "max_steps": 938, "loss": 5.474534511566162, "lr": 0.00012068990619419493, "elapsed_time": 637.3044211864471, "prnt": false}
{"event": "training_step", "timestamp": 1782390973.96688, "step": 662, "max_steps": 938, "loss": 5.452902793884277, "lr": 0.0001198946419155204, "elapsed_time": 638.018002986908, "prnt": false}
{"event": "training_step", "timestamp": 1782390974.664889, "step": 663, "max_steps": 938, "loss": 5.5189595222473145, "lr": 0.00011910117956350154, "elapsed_time": 638.7160120010376, "prnt": false}
{"event": "training_step", "timestamp": 1782390975.361862, "step": 664, "max_steps": 938, "loss": 5.4627156257629395, "lr": 0.00011830953012654898, "elapsed_time": 639.412985086441, "prnt": false}
{"event": "training_step", "timestamp": 1782390976.073283, "step": 665, "max_steps": 938, "loss": 5.487702369689941, "lr": 0.00011751970456796656, "elapsed_time": 640.1244039535522, "prnt": false}
{"event": "training_step", "timestamp": 1782390976.782209, "step": 666, "max_steps": 938, "loss": 5.549061298370361, "lr": 0.00011673171382580007, "elapsed_time": 640.8333320617676, "prnt": false}
{"event": "training_step", "timestamp": 1782390977.479819, "step": 667, "max_steps": 938, "loss": 5.462368965148926, "lr": 0.00011594556881268521, "elapsed_time": 641.5309419631958, "prnt": false}
{"event": "training_step", "timestamp": 1782390978.180895, "step": 668, "max_steps": 938, "loss": 5.503823280334473, "lr": 0.0001151612804156971, "elapsed_time": 642.2320189476013, "prnt": false}
{"event": "training_step", "timestamp": 1782390978.8958368, "step": 669, "max_steps": 938, "loss": 5.443639755249023, "lr": 0.0001143788594961988, "elapsed_time": 642.9469599723816, "prnt": false}
{"event": "training_step", "timestamp": 1782390979.594439, "step": 670, "max_steps": 938, "loss": 5.47519063949585, "lr": 0.00011359831688969159, "elapsed_time": 643.645562171936, "prnt": false}
{"event": "training_step", "timestamp": 1782390980.2928672, "step": 671, "max_steps": 938, "loss": 5.477289199829102, "lr": 0.00011281966340566445, "elapsed_time": 644.3439910411835, "prnt": false}
{"event": "training_step", "timestamp": 1782390981.006621, "step": 672, "max_steps": 938, "loss": 5.4212327003479, "lr": 0.00011204290982744436, "elapsed_time": 645.0577449798584, "prnt": false}
{"event": "training_step", "timestamp": 1782390981.7085319, "step": 673, "max_steps": 938, "loss": 5.412940502166748, "lr": 0.00011126806691204743, "elapsed_time": 645.7596549987793, "prnt": false}
{"event": "training_step", "timestamp": 1782390982.405237, "step": 674, "max_steps": 938, "loss": 5.484896659851074, "lr": 0.00011049514539002918, "elapsed_time": 646.4563601016998, "prnt": false}
{"event": "training_step", "timestamp": 1782390983.109174, "step": 675, "max_steps": 938, "loss": 5.441697120666504, "lr": 0.0001097241559653367, "elapsed_time": 647.1602969169617, "prnt": false}
{"event": "training_step", "timestamp": 1782390983.819946, "step": 676, "max_steps": 938, "loss": 5.461463928222656, "lr": 0.00010895510931516005, "elapsed_time": 647.8710680007935, "prnt": false}
{"event": "training_step", "timestamp": 1782390984.578885, "step": 677, "max_steps": 938, "loss": 5.437539100646973, "lr": 0.00010818801608978422, "elapsed_time": 648.6300082206726, "prnt": false}
{"event": "training_step", "timestamp": 1782390985.44284, "step": 678, "max_steps": 938, "loss": 5.511358261108398, "lr": 0.00010742288691244185, "elapsed_time": 649.4939630031586, "prnt": false}
{"event": "training_step", "timestamp": 1782390986.145507, "step": 679, "max_steps": 938, "loss": 5.450845718383789, "lr": 0.00010665973237916637, "elapsed_time": 650.196631193161, "prnt": false}
{"event": "training_step", "timestamp": 1782390986.859563, "step": 680, "max_steps": 938, "loss": 5.438201904296875, "lr": 0.00010589856305864461, "elapsed_time": 650.9106860160828, "prnt": false}
{"event": "training_step", "timestamp": 1782390987.800643, "step": 681, "max_steps": 938, "loss": 5.424278736114502, "lr": 0.00010513938949207116, "elapsed_time": 651.8517651557922, "prnt": false}
{"event": "training_step", "timestamp": 1782390988.625538, "step": 682, "max_steps": 938, "loss": 5.454567909240723, "lr": 0.00010438222219300177, "elapsed_time": 652.6766610145569, "prnt": false}
{"event": "training_step", "timestamp": 1782390989.325192, "step": 683, "max_steps": 938, "loss": 5.398898124694824, "lr": 0.00010362707164720817, "elapsed_time": 653.3763148784637, "prnt": false}
{"event": "training_step", "timestamp": 1782390990.0358489, "step": 684, "max_steps": 938, "loss": 5.434585094451904, "lr": 0.00010287394831253279, "elapsed_time": 654.086972951889, "prnt": false}
{"event": "training_step", "timestamp": 1782390990.742759, "step": 685, "max_steps": 938, "loss": 5.4131059646606445, "lr": 0.00010212286261874353, "elapsed_time": 654.7938828468323, "prnt": false}
{"event": "training_step", "timestamp": 1782390991.444427, "step": 686, "max_steps": 938, "loss": 5.460797309875488, "lr": 0.00010137382496738997, "elapsed_time": 655.4955499172211, "prnt": false}
{"event": "training_step", "timestamp": 1782390992.145448, "step": 687, "max_steps": 938, "loss": 5.418158531188965, "lr": 0.00010062684573165894, "elapsed_time": 656.1965708732605, "prnt": false}
{"event": "training_step", "timestamp": 1782390992.857814, "step": 688, "max_steps": 938, "loss": 5.445006370544434, "lr": 9.988193525623068e-05, "elapsed_time": 656.9089369773865, "prnt": false}
{"event": "training_step", "timestamp": 1782390993.555458, "step": 689, "max_steps": 938, "loss": 5.448058605194092, "lr": 9.913910385713618e-05, "elapsed_time": 657.6065809726715, "prnt": false}
{"event": "training_step", "timestamp": 1782390994.2553012, "step": 690, "max_steps": 938, "loss": 5.460165977478027, "lr": 9.839836182161358e-05, "elapsed_time": 658.3064241409302, "prnt": false}
{"event": "training_step", "timestamp": 1782390995.033414, "step": 691, "max_steps": 938, "loss": 5.358330726623535, "lr": 9.765971940796642e-05, "elapsed_time": 659.0845370292664, "prnt": false}
{"event": "training_step", "timestamp": 1782390995.88066, "step": 692, "max_steps": 938, "loss": 5.43869161605835, "lr": 9.692318684542106e-05, "elapsed_time": 659.9317820072174, "prnt": false}
{"event": "training_step", "timestamp": 1782390996.581186, "step": 693, "max_steps": 938, "loss": 5.447450637817383, "lr": 9.618877433398508e-05, "elapsed_time": 660.6323089599609, "prnt": false}
{"event": "training_step", "timestamp": 1782390997.2830021, "step": 694, "max_steps": 938, "loss": 5.43284273147583, "lr": 9.545649204430649e-05, "elapsed_time": 661.3341250419617, "prnt": false}
{"event": "training_step", "timestamp": 1782390998.090517, "step": 695, "max_steps": 938, "loss": 5.393319129943848, "lr": 9.472635011753214e-05, "elapsed_time": 662.1416389942169, "prnt": false}
{"event": "training_step", "timestamp": 1782390998.965846, "step": 696, "max_steps": 938, "loss": 5.424528121948242, "lr": 9.399835866516794e-05, "elapsed_time": 663.0169701576233, "prnt": false}
{"event": "training_step", "timestamp": 1782390999.665008, "step": 697, "max_steps": 938, "loss": 5.351138114929199, "lr": 9.327252776893853e-05, "elapsed_time": 663.7161312103271, "prnt": false}
{"event": "training_step", "timestamp": 1782391000.4672089, "step": 698, "max_steps": 938, "loss": 5.4231462478637695, "lr": 9.254886748064744e-05, "elapsed_time": 664.5183310508728, "prnt": false}
{"event": "training_step", "timestamp": 1782391001.275649, "step": 699, "max_steps": 938, "loss": 5.370555877685547, "lr": 9.182738782203845e-05, "elapsed_time": 665.3267719745636, "prnt": false}
{"event": "training_step", "timestamp": 1782391001.9992168, "step": 700, "max_steps": 938, "loss": 5.436478614807129, "lr": 9.110809878465642e-05, "elapsed_time": 666.0503401756287, "prnt": false}
{"event": "training_step", "timestamp": 1782391002.7004921, "step": 701, "max_steps": 938, "loss": 5.417354583740234, "lr": 9.039101032970871e-05, "elapsed_time": 666.7516150474548, "prnt": false}
{"event": "training_step", "timestamp": 1782391003.52069, "step": 702, "max_steps": 938, "loss": 5.4515228271484375, "lr": 8.967613238792793e-05, "elapsed_time": 667.5718131065369, "prnt": false}
{"event": "training_step", "timestamp": 1782391004.306787, "step": 703, "max_steps": 938, "loss": 5.408954620361328, "lr": 8.89634748594336e-05, "elapsed_time": 668.35791015625, "prnt": false}
{"event": "training_step", "timestamp": 1782391005.017517, "step": 704, "max_steps": 938, "loss": 5.355212211608887, "lr": 8.825304761359575e-05, "elapsed_time": 669.0686399936676, "prnt": false}
{"event": "validation_step", "timestamp": 1782391008.109339, "step": 704, "max_steps": 938, "loss": 1.239619149010717, "elapsed_time": 669.0686399936676}
{"event": "training_step", "timestamp": 1782391008.7881432, "step": 705, "max_steps": 938, "loss": 5.367741584777832, "lr": 8.754486048889763e-05, "elapsed_time": 672.8392660617828, "prnt": false}
{"event": "training_step", "timestamp": 1782391009.48718, "step": 706, "max_steps": 938, "loss": 5.466211795806885, "lr": 8.683892329280008e-05, "elapsed_time": 673.5383031368256, "prnt": false}
{"event": "training_step", "timestamp": 1782391010.187895, "step": 707, "max_steps": 938, "loss": 5.4213762283325195, "lr": 8.613524580160506e-05, "elapsed_time": 674.2390179634094, "prnt": false}
{"event": "training_step", "timestamp": 1782391010.9007459, "step": 708, "max_steps": 938, "loss": 5.458296775817871, "lr": 8.543383776032091e-05, "elapsed_time": 674.9518690109253, "prnt": false}
{"event": "training_step", "timestamp": 1782391011.613579, "step": 709, "max_steps": 938, "loss": 5.444633483886719, "lr": 8.473470888252673e-05, "elapsed_time": 675.6647019386292, "prnt": false}
{"event": "training_step", "timestamp": 1782391012.312332, "step": 710, "max_steps": 938, "loss": 5.389559745788574, "lr": 8.403786885023855e-05, "elapsed_time": 676.3634560108185, "prnt": false}
{"event": "training_step", "timestamp": 1782391013.036959, "step": 711, "max_steps": 938, "loss": 5.468183994293213, "lr": 8.334332731377456e-05, "elapsed_time": 677.088082075119, "prnt": false}
{"event": "training_step", "timestamp": 1782391013.741313, "step": 712, "max_steps": 938, "loss": 5.369413375854492, "lr": 8.265109389162208e-05, "elapsed_time": 677.7924361228943, "prnt": false}
{"event": "training_step", "timestamp": 1782391014.438171, "step": 713, "max_steps": 938, "loss": 5.413414001464844, "lr": 8.196117817030403e-05, "elapsed_time": 678.489294052124, "prnt": false}
{"event": "training_step", "timestamp": 1782391015.138634, "step": 714, "max_steps": 938, "loss": 5.380318641662598, "lr": 8.127358970424603e-05, "elapsed_time": 679.1897568702698, "prnt": false}
{"event": "training_step", "timestamp": 1782391015.851388, "step": 715, "max_steps": 938, "loss": 5.403781414031982, "lr": 8.058833801564456e-05, "elapsed_time": 679.9025111198425, "prnt": false}
{"event": "training_step", "timestamp": 1782391016.551061, "step": 716, "max_steps": 938, "loss": 5.347628116607666, "lr": 7.990543259433447e-05, "elapsed_time": 680.6021840572357, "prnt": false}
{"event": "training_step", "timestamp": 1782391017.3762088, "step": 717, "max_steps": 938, "loss": 5.400906085968018, "lr": 7.92248828976582e-05, "elapsed_time": 681.4273312091827, "prnt": false}
{"event": "training_step", "timestamp": 1782391018.173364, "step": 718, "max_steps": 938, "loss": 5.434679985046387, "lr": 7.854669835033443e-05, "elapsed_time": 682.2244870662689, "prnt": false}
{"event": "training_step", "timestamp": 1782391018.885555, "step": 719, "max_steps": 938, "loss": 5.370691299438477, "lr": 7.787088834432747e-05, "elapsed_time": 682.9366779327393, "prnt": false}
{"event": "training_step", "timestamp": 1782391019.583915, "step": 720, "max_steps": 938, "loss": 5.484323978424072, "lr": 7.719746223871744e-05, "elapsed_time": 683.6350378990173, "prnt": false}
{"event": "training_step", "timestamp": 1782391020.43682, "step": 721, "max_steps": 938, "loss": 5.461735725402832, "lr": 7.652642935957074e-05, "elapsed_time": 684.4879429340363, "prnt": false}
{"event": "training_step", "timestamp": 1782391021.231099, "step": 722, "max_steps": 938, "loss": 5.371500015258789, "lr": 7.585779899981038e-05, "elapsed_time": 685.282222032547, "prnt": false}
{"event": "training_step", "timestamp": 1782391021.944504, "step": 723, "max_steps": 938, "loss": 5.395289897918701, "lr": 7.519158041908806e-05, "elapsed_time": 685.9956271648407, "prnt": false}
{"event": "training_step", "timestamp": 1782391022.668902, "step": 724, "max_steps": 938, "loss": 5.382291316986084, "lr": 7.452778284365511e-05, "elapsed_time": 686.7200241088867, "prnt": false}
{"event": "training_step", "timestamp": 1782391023.55836, "step": 725, "max_steps": 938, "loss": 5.390205383300781, "lr": 7.386641546623536e-05, "elapsed_time": 687.6094830036163, "prnt": false}
{"event": "training_step", "timestamp": 1782391024.256852, "step": 726, "max_steps": 938, "loss": 5.398642539978027, "lr": 7.320748744589763e-05, "elapsed_time": 688.3079750537872, "prnt": false}
{"event": "training_step", "timestamp": 1782391024.969911, "step": 727, "max_steps": 938, "loss": 5.394281387329102, "lr": 7.25510079079286e-05, "elapsed_time": 689.0210349559784, "prnt": false}
{"event": "training_step", "timestamp": 1782391025.7063649, "step": 728, "max_steps": 938, "loss": 5.356922149658203, "lr": 7.189698594370693e-05, "elapsed_time": 689.7574870586395, "prnt": false}
{"event": "training_step", "timestamp": 1782391026.588067, "step": 729, "max_steps": 938, "loss": 5.35715389251709, "lr": 7.124543061057708e-05, "elapsed_time": 690.6391899585724, "prnt": false}
{"event": "training_step", "timestamp": 1782391027.290617, "step": 730, "max_steps": 938, "loss": 5.455436706542969, "lr": 7.059635093172372e-05, "elapsed_time": 691.3417401313782, "prnt": false}
{"event": "training_step", "timestamp": 1782391028.002082, "step": 731, "max_steps": 938, "loss": 5.466388702392578, "lr": 6.994975589604723e-05, "elapsed_time": 692.0532050132751, "prnt": false}
{"event": "training_step", "timestamp": 1782391028.702015, "step": 732, "max_steps": 938, "loss": 5.487648963928223, "lr": 6.930565445803873e-05, "elapsed_time": 692.7531380653381, "prnt": false}
{"event": "training_step", "timestamp": 1782391029.398837, "step": 733, "max_steps": 938, "loss": 5.470954895019531, "lr": 6.866405553765644e-05, "elapsed_time": 693.4499599933624, "prnt": false}
{"event": "training_step", "timestamp": 1782391030.105979, "step": 734, "max_steps": 938, "loss": 5.37999963760376, "lr": 6.802496802020195e-05, "elapsed_time": 694.1571021080017, "prnt": false}
{"event": "training_step", "timestamp": 1782391030.951348, "step": 735, "max_steps": 938, "loss": 5.40139102935791, "lr": 6.738840075619708e-05, "elapsed_time": 695.0024700164795, "prnt": false}
{"event": "training_step", "timestamp": 1782391031.914161, "step": 736, "max_steps": 938, "loss": 5.350884437561035, "lr": 6.675436256126181e-05, "elapsed_time": 695.9652831554413, "prnt": false}
{"event": "training_step", "timestamp": 1782391032.906404, "step": 737, "max_steps": 938, "loss": 5.383496284484863, "lr": 6.612286221599135e-05, "elapsed_time": 696.9575259685516, "prnt": false}
{"event": "training_step", "timestamp": 1782391033.892389, "step": 738, "max_steps": 938, "loss": 5.314553260803223, "lr": 6.549390846583545e-05, "elapsed_time": 697.9435110092163, "prnt": false}
{"event": "training_step", "timestamp": 1782391034.75381, "step": 739, "max_steps": 938, "loss": 5.426621437072754, "lr": 6.486751002097677e-05, "elapsed_time": 698.8049328327179, "prnt": false}
{"event": "training_step", "timestamp": 1782391035.680584, "step": 740, "max_steps": 938, "loss": 5.38739538192749, "lr": 6.424367555621012e-05, "elapsed_time": 699.7317068576813, "prnt": false}
{"event": "training_step", "timestamp": 1782391036.528179, "step": 741, "max_steps": 938, "loss": 5.4167656898498535, "lr": 6.362241371082281e-05, "elapsed_time": 700.5793018341064, "prnt": false}
{"event": "training_step", "timestamp": 1782391037.319179, "step": 742, "max_steps": 938, "loss": 5.389747619628906, "lr": 6.300373308847475e-05, "elapsed_time": 701.3703019618988, "prnt": false}
{"event": "training_step", "timestamp": 1782391038.19213, "step": 743, "max_steps": 938, "loss": 5.30615234375, "lr": 6.238764225707906e-05, "elapsed_time": 702.2432520389557, "prnt": false}
{"event": "training_step", "timestamp": 1782391039.07435, "step": 744, "max_steps": 938, "loss": 5.376992225646973, "lr": 6.1774149748684e-05, "elapsed_time": 703.1254730224609, "prnt": false}
{"event": "training_step", "timestamp": 1782391039.884424, "step": 745, "max_steps": 938, "loss": 5.452062606811523, "lr": 6.116326405935408e-05, "elapsed_time": 703.9355480670929, "prnt": false}
{"event": "training_step", "timestamp": 1782391040.6884422, "step": 746, "max_steps": 938, "loss": 5.376046657562256, "lr": 6.055499364905323e-05, "elapsed_time": 704.7395641803741, "prnt": false}
{"event": "training_step", "timestamp": 1782391041.535313, "step": 747, "max_steps": 938, "loss": 5.375494003295898, "lr": 5.994934694152682e-05, "elapsed_time": 705.5864362716675, "prnt": false}
{"event": "training_step", "timestamp": 1782391042.423168, "step": 748, "max_steps": 938, "loss": 5.407541275024414, "lr": 5.934633232418565e-05, "elapsed_time": 706.4742910861969, "prnt": false}
{"event": "validation_step", "timestamp": 1782391046.105244, "step": 748, "max_steps": 938, "loss": 1.2374497457538538, "elapsed_time": 706.4742910861969}
{"event": "training_step", "timestamp": 1782391046.861821, "step": 749, "max_steps": 938, "loss": 5.421604156494141, "lr": 5.874595814798932e-05, "elapsed_time": 710.9129438400269, "prnt": false}
{"event": "training_step", "timestamp": 1782391047.687992, "step": 750, "max_steps": 938, "loss": 5.357839584350586, "lr": 5.814823272733102e-05, "elapsed_time": 711.7391149997711, "prnt": false}
{"event": "training_step", "timestamp": 1782391048.612406, "step": 751, "max_steps": 938, "loss": 5.384953498840332, "lr": 5.755316433992192e-05, "elapsed_time": 712.66352891922, "prnt": false}
{"event": "training_step", "timestamp": 1782391049.40367, "step": 752, "max_steps": 938, "loss": 5.319327354431152, "lr": 5.696076122667701e-05, "elapsed_time": 713.4547939300537, "prnt": false}
{"event": "training_step", "timestamp": 1782391050.189031, "step": 753, "max_steps": 938, "loss": 5.400589466094971, "lr": 5.637103159160053e-05, "elapsed_time": 714.2401542663574, "prnt": false}
{"event": "training_step", "timestamp": 1782391051.157086, "step": 754, "max_steps": 938, "loss": 5.358165740966797, "lr": 5.5783983601672636e-05, "elapsed_time": 715.2082090377808, "prnt": false}
{"event": "training_step", "timestamp": 1782391051.9982479, "step": 755, "max_steps": 938, "loss": 5.391440391540527, "lr": 5.519962538673636e-05, "elapsed_time": 716.0493710041046, "prnt": false}
{"event": "training_step", "timestamp": 1782391052.806109, "step": 756, "max_steps": 938, "loss": 5.399233818054199, "lr": 5.46179650393846e-05, "elapsed_time": 716.8572318553925, "prnt": false}
{"event": "training_step", "timestamp": 1782391053.680779, "step": 757, "max_steps": 938, "loss": 5.382129192352295, "lr": 5.4039010614848575e-05, "elapsed_time": 717.7319009304047, "prnt": false}
{"event": "training_step", "timestamp": 1782391054.562659, "step": 758, "max_steps": 938, "loss": 5.330453395843506, "lr": 5.346277013088605e-05, "elapsed_time": 718.6137821674347, "prnt": false}
{"event": "training_step", "timestamp": 1782391055.348789, "step": 759, "max_steps": 938, "loss": 5.330593109130859, "lr": 5.288925156767001e-05, "elapsed_time": 719.3999118804932, "prnt": false}
{"event": "training_step", "timestamp": 1782391056.178232, "step": 760, "max_steps": 938, "loss": 5.399384498596191, "lr": 5.2318462867678725e-05, "elapsed_time": 720.229355096817, "prnt": false}
{"event": "training_step", "timestamp": 1782391057.1318212, "step": 761, "max_steps": 938, "loss": 5.3312788009643555, "lr": 5.175041193558526e-05, "elapsed_time": 721.182944059372, "prnt": false}
{"event": "training_step", "timestamp": 1782391057.9482932, "step": 762, "max_steps": 938, "loss": 5.342844009399414, "lr": 5.1185106638148214e-05, "elapsed_time": 721.9994161128998, "prnt": false}
{"event": "training_step", "timestamp": 1782391058.7945468, "step": 763, "max_steps": 938, "loss": 5.339286804199219, "lr": 5.062255480410285e-05, "elapsed_time": 722.8456699848175, "prnt": false}
{"event": "training_step", "timestamp": 1782391059.739518, "step": 764, "max_steps": 938, "loss": 5.347331523895264, "lr": 5.006276422405243e-05, "elapsed_time": 723.7906410694122, "prnt": false}
{"event": "training_step", "timestamp": 1782391060.654861, "step": 765, "max_steps": 938, "loss": 5.313394546508789, "lr": 4.950574265036071e-05, "elapsed_time": 724.7059841156006, "prnt": false}
{"event": "training_step", "timestamp": 1782391061.580163, "step": 766, "max_steps": 938, "loss": 5.4686760902404785, "lr": 4.8951497797044064e-05, "elapsed_time": 725.6312849521637, "prnt": false}
{"event": "training_step", "timestamp": 1782391062.467838, "step": 767, "max_steps": 938, "loss": 5.379148006439209, "lr": 4.840003733966515e-05, "elapsed_time": 726.5189609527588, "prnt": false}
{"event": "training_step", "timestamp": 1782391063.339613, "step": 768, "max_steps": 938, "loss": 5.353450298309326, "lr": 4.785136891522637e-05, "elapsed_time": 727.3907358646393, "prnt": false}
{"event": "training_step", "timestamp": 1782391064.166312, "step": 769, "max_steps": 938, "loss": 5.419623374938965, "lr": 4.730550012206404e-05, "elapsed_time": 728.2174348831177, "prnt": false}
{"event": "training_step", "timestamp": 1782391065.014372, "step": 770, "max_steps": 938, "loss": 5.371227264404297, "lr": 4.6762438519743335e-05, "elapsed_time": 729.0654950141907, "prnt": false}
{"event": "training_step", "timestamp": 1782391065.938848, "step": 771, "max_steps": 938, "loss": 5.37681770324707, "lr": 4.6222191628953623e-05, "elapsed_time": 729.989972114563, "prnt": false}
{"event": "training_step", "timestamp": 1782391066.730992, "step": 772, "max_steps": 938, "loss": 5.355189323425293, "lr": 4.568476693140397e-05, "elapsed_time": 730.7821152210236, "prnt": false}
{"event": "training_step", "timestamp": 1782391067.5232482, "step": 773, "max_steps": 938, "loss": 5.429745674133301, "lr": 4.515017186972007e-05, "elapsed_time": 731.574371099472, "prnt": false}
{"event": "training_step", "timestamp": 1782391068.4523578, "step": 774, "max_steps": 938, "loss": 5.345254898071289, "lr": 4.461841384734056e-05, "elapsed_time": 732.5034811496735, "prnt": false}
{"event": "training_step", "timestamp": 1782391069.3050308, "step": 775, "max_steps": 938, "loss": 5.357318878173828, "lr": 4.4089500228415145e-05, "elapsed_time": 733.3561542034149, "prnt": false}
{"event": "training_step", "timestamp": 1782391070.156123, "step": 776, "max_steps": 938, "loss": 5.368579387664795, "lr": 4.356343833770206e-05, "elapsed_time": 734.2072460651398, "prnt": false}
{"event": "training_step", "timestamp": 1782391071.049988, "step": 777, "max_steps": 938, "loss": 5.403031349182129, "lr": 4.304023546046684e-05, "elapsed_time": 735.1011111736298, "prnt": false}
{"event": "training_step", "timestamp": 1782391071.934853, "step": 778, "max_steps": 938, "loss": 5.329572677612305, "lr": 4.251989884238159e-05, "elapsed_time": 735.9859750270844, "prnt": false}
{"event": "training_step", "timestamp": 1782391072.770112, "step": 779, "max_steps": 938, "loss": 5.394453048706055, "lr": 4.200243568942445e-05, "elapsed_time": 736.8212361335754, "prnt": false}
{"event": "training_step", "timestamp": 1782391073.585608, "step": 780, "max_steps": 938, "loss": 5.351871013641357, "lr": 4.148785316777973e-05, "elapsed_time": 737.6367309093475, "prnt": false}
{"event": "training_step", "timestamp": 1782391074.583095, "step": 781, "max_steps": 938, "loss": 5.356410026550293, "lr": 4.0976158403739e-05, "elapsed_time": 738.6342179775238, "prnt": false}
{"event": "training_step", "timestamp": 1782391075.3497758, "step": 782, "max_steps": 938, "loss": 5.349847793579102, "lr": 4.046735848360187e-05, "elapsed_time": 739.4008991718292, "prnt": false}
{"event": "training_step", "timestamp": 1782391076.142456, "step": 783, "max_steps": 938, "loss": 5.268831253051758, "lr": 3.9961460453578456e-05, "elapsed_time": 740.1935789585114, "prnt": false}
{"event": "training_step", "timestamp": 1782391077.043475, "step": 784, "max_steps": 938, "loss": 5.406382083892822, "lr": 3.945847131969149e-05, "elapsed_time": 741.094596862793, "prnt": false}
{"event": "training_step", "timestamp": 1782391077.873857, "step": 785, "max_steps": 938, "loss": 5.406693935394287, "lr": 3.895839804767902e-05, "elapsed_time": 741.9249811172485, "prnt": false}
{"event": "training_step", "timestamp": 1782391078.6548119, "step": 786, "max_steps": 938, "loss": 5.337721824645996, "lr": 3.846124756289867e-05, "elapsed_time": 742.7059352397919, "prnt": false}
{"event": "training_step", "timestamp": 1782391079.4706209, "step": 787, "max_steps": 938, "loss": 5.361968040466309, "lr": 3.796702675023091e-05, "elapsed_time": 743.5217440128326, "prnt": false}
{"event": "training_step", "timestamp": 1782391080.398923, "step": 788, "max_steps": 938, "loss": 5.3878560066223145, "lr": 3.747574245398435e-05, "elapsed_time": 744.4500460624695, "prnt": false}
{"event": "training_step", "timestamp": 1782391081.188679, "step": 789, "max_steps": 938, "loss": 5.333523750305176, "lr": 3.6987401477800695e-05, "elapsed_time": 745.2398028373718, "prnt": false}
{"event": "training_step", "timestamp": 1782391082.0294988, "step": 790, "max_steps": 938, "loss": 5.381416320800781, "lr": 3.650201058456039e-05, "elapsed_time": 746.0806221961975, "prnt": false}
{"event": "training_step", "timestamp": 1782391082.969205, "step": 791, "max_steps": 938, "loss": 5.33880615234375, "lr": 3.6019576496289205e-05, "elapsed_time": 747.0203280448914, "prnt": false}
{"event": "training_step", "timestamp": 1782391083.796696, "step": 792, "max_steps": 938, "loss": 5.312314033508301, "lr": 3.554010589406511e-05, "elapsed_time": 747.8478190898895, "prnt": false}
{"event": "validation_step", "timestamp": 1782391087.485631, "step": 792, "max_steps": 938, "loss": 1.2349083828576437, "elapsed_time": 747.8478190898895}
{"event": "training_step", "timestamp": 1782391088.386739, "step": 793, "max_steps": 938, "loss": 5.299008369445801, "lr": 3.506360541792549e-05, "elapsed_time": 752.4378612041473, "prnt": false}
{"event": "training_step", "timestamp": 1782391089.200594, "step": 794, "max_steps": 938, "loss": 5.359135150909424, "lr": 3.459008166677566e-05, "elapsed_time": 753.2517161369324, "prnt": false}
{"event": "training_step", "timestamp": 1782391090.021995, "step": 795, "max_steps": 938, "loss": 5.353700160980225, "lr": 3.411954119829694e-05, "elapsed_time": 754.0731179714203, "prnt": false}
{"event": "training_step", "timestamp": 1782391090.8826828, "step": 796, "max_steps": 938, "loss": 5.3396759033203125, "lr": 3.365199052885629e-05, "elapsed_time": 754.933806180954, "prnt": false}
{"event": "training_step", "timestamp": 1782391091.8060281, "step": 797, "max_steps": 938, "loss": 5.401775360107422, "lr": 3.31874361334159e-05, "elapsed_time": 755.8571510314941, "prnt": false}
{"event": "training_step", "timestamp": 1782391092.623845, "step": 798, "max_steps": 938, "loss": 5.344324588775635, "lr": 3.272588444544327e-05, "elapsed_time": 756.6749680042267, "prnt": false}
{"event": "training_step", "timestamp": 1782391093.4485419, "step": 799, "max_steps": 938, "loss": 5.368215560913086, "lr": 3.2267341856822616e-05, "elapsed_time": 757.4996650218964, "prnt": false}
{"event": "training_step", "timestamp": 1782391094.333237, "step": 800, "max_steps": 938, "loss": 5.41936731338501, "lr": 3.181181471776599e-05, "elapsed_time": 758.384360074997, "prnt": false}
{"event": "training_step", "timestamp": 1782391095.165424, "step": 801, "max_steps": 938, "loss": 5.336617946624756, "lr": 3.135930933672534e-05, "elapsed_time": 759.216548204422, "prnt": false}
{"event": "training_step", "timestamp": 1782391095.992358, "step": 802, "max_steps": 938, "loss": 5.378072261810303, "lr": 3.090983198030539e-05, "elapsed_time": 760.0434811115265, "prnt": false}
{"event": "training_step", "timestamp": 1782391096.872842, "step": 803, "max_steps": 938, "loss": 5.336545467376709, "lr": 3.046338887317654e-05, "elapsed_time": 760.9239649772644, "prnt": false}
{"event": "training_step", "timestamp": 1782391097.6921148, "step": 804, "max_steps": 938, "loss": 5.35633659362793, "lr": 3.001998619798906e-05, "elapsed_time": 761.7432379722595, "prnt": false}
{"event": "training_step", "timestamp": 1782391098.470149, "step": 805, "max_steps": 938, "loss": 5.364930152893066, "lr": 2.9579630095286974e-05, "elapsed_time": 762.5212721824646, "prnt": false}
{"event": "training_step", "timestamp": 1782391099.255254, "step": 806, "max_steps": 938, "loss": 5.3082356452941895, "lr": 2.9142326663423375e-05, "elapsed_time": 763.3063769340515, "prnt": false}
{"event": "training_step", "timestamp": 1782391100.064405, "step": 807, "max_steps": 938, "loss": 5.2994465827941895, "lr": 2.870808195847599e-05, "elapsed_time": 764.1155281066895, "prnt": false}
{"event": "training_step", "timestamp": 1782391100.863115, "step": 808, "max_steps": 938, "loss": 5.366456031799316, "lr": 2.8276901994163034e-05, "elapsed_time": 764.9142370223999, "prnt": false}
{"event": "training_step", "timestamp": 1782391101.665386, "step": 809, "max_steps": 938, "loss": 5.323477268218994, "lr": 2.784879274176023e-05, "elapsed_time": 765.716509103775, "prnt": false}
{"event": "training_step", "timestamp": 1782391102.494634, "step": 810, "max_steps": 938, "loss": 5.350974082946777, "lr": 2.7423760130017925e-05, "elapsed_time": 766.5457570552826, "prnt": false}
{"event": "training_step", "timestamp": 1782391103.306009, "step": 811, "max_steps": 938, "loss": 5.3212666511535645, "lr": 2.700181004507895e-05, "elapsed_time": 767.3571321964264, "prnt": false}
{"event": "training_step", "timestamp": 1782391104.1403441, "step": 812, "max_steps": 938, "loss": 5.399601936340332, "lr": 2.658294833039733e-05, "elapsed_time": 768.1914670467377, "prnt": false}
{"event": "training_step", "timestamp": 1782391104.9650052, "step": 813, "max_steps": 938, "loss": 5.33608341217041, "lr": 2.616718078665721e-05, "elapsed_time": 769.0161271095276, "prnt": false}
{"event": "training_step", "timestamp": 1782391105.73532, "step": 814, "max_steps": 938, "loss": 5.324891567230225, "lr": 2.5754513171692404e-05, "elapsed_time": 769.7864429950714, "prnt": false}
{"event": "training_step", "timestamp": 1782391106.528893, "step": 815, "max_steps": 938, "loss": 5.305401802062988, "lr": 2.5344951200406953e-05, "elapsed_time": 770.5800158977509, "prnt": false}
{"event": "training_step", "timestamp": 1782391107.30088, "step": 816, "max_steps": 938, "loss": 5.338250160217285, "lr": 2.4938500544695635e-05, "elapsed_time": 771.3520030975342, "prnt": false}
{"event": "training_step", "timestamp": 1782391108.092412, "step": 817, "max_steps": 938, "loss": 5.293968200683594, "lr": 2.453516683336581e-05, "elapsed_time": 772.1435351371765, "prnt": false}
{"event": "training_step", "timestamp": 1782391108.881957, "step": 818, "max_steps": 938, "loss": 5.314092636108398, "lr": 2.4134955652059026e-05, "elapsed_time": 772.9330801963806, "prnt": false}
{"event": "training_step", "timestamp": 1782391109.8189151, "step": 819, "max_steps": 938, "loss": 5.301521301269531, "lr": 2.3737872543174143e-05, "elapsed_time": 773.8700380325317, "prnt": false}
{"event": "training_step", "timestamp": 1782391110.642709, "step": 820, "max_steps": 938, "loss": 5.349926948547363, "lr": 2.3343923005790092e-05, "elapsed_time": 774.6938319206238, "prnt": false}
{"event": "training_step", "timestamp": 1782391111.4781, "step": 821, "max_steps": 938, "loss": 5.3150634765625, "lr": 2.2953112495590146e-05, "elapsed_time": 775.5292229652405, "prnt": false}
{"event": "training_step", "timestamp": 1782391112.344703, "step": 822, "max_steps": 938, "loss": 5.3430376052856445, "lr": 2.2565446424786035e-05, "elapsed_time": 776.3958249092102, "prnt": false}
{"event": "training_step", "timestamp": 1782391113.220288, "step": 823, "max_steps": 938, "loss": 5.339127063751221, "lr": 2.2180930162043286e-05, "elapsed_time": 777.2714121341705, "prnt": false}
{"event": "training_step", "timestamp": 1782391114.047606, "step": 824, "max_steps": 938, "loss": 5.346099853515625, "lr": 2.179956903240652e-05, "elapsed_time": 778.098729133606, "prnt": false}
{"event": "training_step", "timestamp": 1782391114.871222, "step": 825, "max_steps": 938, "loss": 5.256112098693848, "lr": 2.1421368317226128e-05, "elapsed_time": 778.9223449230194, "prnt": false}
{"event": "training_step", "timestamp": 1782391115.777917, "step": 826, "max_steps": 938, "loss": 5.333578586578369, "lr": 2.1046333254084828e-05, "elapsed_time": 779.829039812088, "prnt": false}
{"event": "training_step", "timestamp": 1782391116.5766761, "step": 827, "max_steps": 938, "loss": 5.339920520782471, "lr": 2.067446903672513e-05, "elapsed_time": 780.6277980804443, "prnt": false}
{"event": "training_step", "timestamp": 1782391117.37264, "step": 828, "max_steps": 938, "loss": 5.3363494873046875, "lr": 2.0305780814977656e-05, "elapsed_time": 781.4237599372864, "prnt": false}
{"event": "training_step", "timestamp": 1782391118.301227, "step": 829, "max_steps": 938, "loss": 5.286913871765137, "lr": 1.9940273694689547e-05, "elapsed_time": 782.3523499965668, "prnt": false}
{"event": "training_step", "timestamp": 1782391119.166802, "step": 830, "max_steps": 938, "loss": 5.315953254699707, "lr": 1.9577952737653902e-05, "elapsed_time": 783.2179248332977, "prnt": false}
{"event": "training_step", "timestamp": 1782391120.0976892, "step": 831, "max_steps": 938, "loss": 5.248232364654541, "lr": 1.921882296153973e-05, "elapsed_time": 784.1488120555878, "prnt": false}
{"event": "training_step", "timestamp": 1782391121.0281332, "step": 832, "max_steps": 938, "loss": 5.327000617980957, "lr": 1.8862889339822255e-05, "elapsed_time": 785.0792560577393, "prnt": false}
{"event": "training_step", "timestamp": 1782391121.9777951, "step": 833, "max_steps": 938, "loss": 5.269197463989258, "lr": 1.8510156801714205e-05, "elapsed_time": 786.0289180278778, "prnt": false}
{"event": "training_step", "timestamp": 1782391122.916248, "step": 834, "max_steps": 938, "loss": 5.332687854766846, "lr": 1.8160630232097553e-05, "elapsed_time": 786.9673709869385, "prnt": false}
{"event": "training_step", "timestamp": 1782391123.848803, "step": 835, "max_steps": 938, "loss": 5.3074493408203125, "lr": 1.781431447145572e-05, "elapsed_time": 787.899924993515, "prnt": false}
{"event": "training_step", "timestamp": 1782391124.648885, "step": 836, "max_steps": 938, "loss": 5.355099678039551, "lr": 1.7471214315806817e-05, "elapsed_time": 788.7000069618225, "prnt": false}
{"event": "validation_step", "timestamp": 1782391128.348256, "step": 836, "max_steps": 938, "loss": 1.2343067058431734, "elapsed_time": 788.7000069618225}
{"event": "training_step", "timestamp": 1782391129.2485812, "step": 837, "max_steps": 938, "loss": 5.305132865905762, "lr": 1.7131334516636832e-05, "elapsed_time": 793.2997040748596, "prnt": false}
{"event": "training_step", "timestamp": 1782391130.071223, "step": 838, "max_steps": 938, "loss": 5.245670318603516, "lr": 1.6794679780834262e-05, "elapsed_time": 794.1223459243774, "prnt": false}
{"event": "training_step", "timestamp": 1782391130.960008, "step": 839, "max_steps": 938, "loss": 5.2601318359375, "lr": 1.6461254770624624e-05, "elapsed_time": 795.0111300945282, "prnt": false}
{"event": "training_step", "timestamp": 1782391131.846168, "step": 840, "max_steps": 938, "loss": 5.36378288269043, "lr": 1.613106410350589e-05, "elapsed_time": 795.8972899913788, "prnt": false}
{"event": "training_step", "timestamp": 1782391132.681469, "step": 841, "max_steps": 938, "loss": 5.3171467781066895, "lr": 1.58041123521848e-05, "elapsed_time": 796.7325930595398, "prnt": false}
{"event": "training_step", "timestamp": 1782391133.543648, "step": 842, "max_steps": 938, "loss": 5.3605852127075195, "lr": 1.5480404044513285e-05, "elapsed_time": 797.5947699546814, "prnt": false}
{"event": "training_step", "timestamp": 1782391134.475135, "step": 843, "max_steps": 938, "loss": 5.357568264007568, "lr": 1.5159943663425794e-05, "elapsed_time": 798.5262579917908, "prnt": false}
{"event": "training_step", "timestamp": 1782391135.261462, "step": 844, "max_steps": 938, "loss": 5.29910945892334, "lr": 1.4842735646877383e-05, "elapsed_time": 799.312586069107, "prnt": false}
{"event": "training_step", "timestamp": 1782391136.103957, "step": 845, "max_steps": 938, "loss": 5.363399505615234, "lr": 1.4528784387782e-05, "elapsed_time": 800.1550800800323, "prnt": false}
{"event": "training_step", "timestamp": 1782391137.025339, "step": 846, "max_steps": 938, "loss": 5.258877754211426, "lr": 1.4218094233951947e-05, "elapsed_time": 801.0764601230621, "prnt": false}
{"event": "training_step", "timestamp": 1782391137.837749, "step": 847, "max_steps": 938, "loss": 5.316566467285156, "lr": 1.3910669488037347e-05, "elapsed_time": 801.8888719081879, "prnt": false}
{"event": "training_step", "timestamp": 1782391138.645994, "step": 848, "max_steps": 938, "loss": 5.2857770919799805, "lr": 1.3606514407466754e-05, "elapsed_time": 802.6971170902252, "prnt": false}
{"event": "training_step", "timestamp": 1782391139.500629, "step": 849, "max_steps": 938, "loss": 5.304709434509277, "lr": 1.3305633204388253e-05, "elapsed_time": 803.5517520904541, "prnt": false}
{"event": "training_step", "timestamp": 1782391140.4342022, "step": 850, "max_steps": 938, "loss": 5.250275611877441, "lr": 1.3008030045610874e-05, "elapsed_time": 804.4853241443634, "prnt": false}
{"event": "training_step", "timestamp": 1782391141.349428, "step": 851, "max_steps": 938, "loss": 5.30399227142334, "lr": 1.2713709052547196e-05, "elapsed_time": 805.4005498886108, "prnt": false}
{"event": "training_step", "timestamp": 1782391142.2926002, "step": 852, "max_steps": 938, "loss": 5.343905925750732, "lr": 1.2422674301156057e-05, "elapsed_time": 806.3437230587006, "prnt": false}
{"event": "training_step", "timestamp": 1782391143.2195652, "step": 853, "max_steps": 938, "loss": 5.289022445678711, "lr": 1.2134929821886107e-05, "elapsed_time": 807.2706871032715, "prnt": false}
{"event": "training_step", "timestamp": 1782391144.141275, "step": 854, "max_steps": 938, "loss": 5.3915019035339355, "lr": 1.1850479599620157e-05, "elapsed_time": 808.1923980712891, "prnt": false}
{"event": "training_step", "timestamp": 1782391144.9679942, "step": 855, "max_steps": 938, "loss": 5.372077941894531, "lr": 1.1569327573619809e-05, "elapsed_time": 809.0191171169281, "prnt": false}
{"event": "training_step", "timestamp": 1782391145.7823622, "step": 856, "max_steps": 938, "loss": 5.283634185791016, "lr": 1.1291477637471007e-05, "elapsed_time": 809.8334851264954, "prnt": false}
{"event": "training_step", "timestamp": 1782391146.636405, "step": 857, "max_steps": 938, "loss": 5.303988933563232, "lr": 1.1016933639030124e-05, "elapsed_time": 810.6875278949738, "prnt": false}
{"event": "training_step", "timestamp": 1782391147.4952571, "step": 858, "max_steps": 938, "loss": 5.305473327636719, "lr": 1.0745699380370582e-05, "elapsed_time": 811.5463790893555, "prnt": false}
{"event": "training_step", "timestamp": 1782391148.2582872, "step": 859, "max_steps": 938, "loss": 5.302148818969727, "lr": 1.0477778617730327e-05, "elapsed_time": 812.3094110488892, "prnt": false}
{"event": "training_step", "timestamp": 1782391149.1141372, "step": 860, "max_steps": 938, "loss": 5.30683708190918, "lr": 1.0213175061459676e-05, "elapsed_time": 813.1652600765228, "prnt": false}
{"event": "training_step", "timestamp": 1782391150.0360441, "step": 861, "max_steps": 938, "loss": 5.3133745193481445, "lr": 9.951892375970041e-06, "elapsed_time": 814.0871670246124, "prnt": false}
{"event": "training_step", "timestamp": 1782391150.96192, "step": 862, "max_steps": 938, "loss": 5.269198417663574, "lr": 9.693934179683097e-06, "elapsed_time": 815.0130429267883, "prnt": false}
{"event": "training_step", "timestamp": 1782391151.8470101, "step": 863, "max_steps": 938, "loss": 5.274019241333008, "lr": 9.439304044980801e-06, "elapsed_time": 815.8981330394745, "prnt": false}
{"event": "training_step", "timestamp": 1782391152.689926, "step": 864, "max_steps": 938, "loss": 5.373004913330078, "lr": 9.188005498155687e-06, "elapsed_time": 816.7410490512848, "prnt": false}
{"event": "training_step", "timestamp": 1782391153.62512, "step": 865, "max_steps": 938, "loss": 5.375529766082764, "lr": 8.940042019362373e-06, "elapsed_time": 817.6762430667877, "prnt": false}
{"event": "training_step", "timestamp": 1782391154.505294, "step": 866, "max_steps": 938, "loss": 5.399514198303223, "lr": 8.69541704256894e-06, "elapsed_time": 818.5564169883728, "prnt": false}
{"event": "training_step", "timestamp": 1782391155.425587, "step": 867, "max_steps": 938, "loss": 5.388592720031738, "lr": 8.454133955509829e-06, "elapsed_time": 819.4767098426819, "prnt": false}
{"event": "training_step", "timestamp": 1782391156.236871, "step": 868, "max_steps": 938, "loss": 5.303790092468262, "lr": 8.21619609963855e-06, "elapsed_time": 820.287994146347, "prnt": false}
{"event": "training_step", "timestamp": 1782391157.033113, "step": 869, "max_steps": 938, "loss": 5.318739891052246, "lr": 7.981606770081584e-06, "elapsed_time": 821.0842361450195, "prnt": false}
{"event": "training_step", "timestamp": 1782391157.842497, "step": 870, "max_steps": 938, "loss": 5.270687580108643, "lr": 7.75036921559283e-06, "elapsed_time": 821.8936200141907, "prnt": false}
{"event": "training_step", "timestamp": 1782391158.749567, "step": 871, "max_steps": 938, "loss": 5.3050618171691895, "lr": 7.522486638508314e-06, "elapsed_time": 822.8006899356842, "prnt": false}
{"event": "training_step", "timestamp": 1782391159.535061, "step": 872, "max_steps": 938, "loss": 5.233139991760254, "lr": 7.297962194702206e-06, "elapsed_time": 823.5861840248108, "prnt": false}
{"event": "training_step", "timestamp": 1782391160.348434, "step": 873, "max_steps": 938, "loss": 5.342724800109863, "lr": 7.076798993542926e-06, "elapsed_time": 824.3995561599731, "prnt": false}
{"event": "training_step", "timestamp": 1782391161.291001, "step": 874, "max_steps": 938, "loss": 5.3018341064453125, "lr": 6.859000097849996e-06, "elapsed_time": 825.3421251773834, "prnt": false}
{"event": "training_step", "timestamp": 1782391162.1779, "step": 875, "max_steps": 938, "loss": 5.341259002685547, "lr": 6.64456852385182e-06, "elapsed_time": 826.229022026062, "prnt": false}
{"event": "training_step", "timestamp": 1782391163.094771, "step": 876, "max_steps": 938, "loss": 5.3124542236328125, "lr": 6.433507241143808e-06, "elapsed_time": 827.1458940505981, "prnt": false}
{"event": "training_step", "timestamp": 1782391164.033451, "step": 877, "max_steps": 938, "loss": 5.233602046966553, "lr": 6.2258191726472105e-06, "elapsed_time": 828.0845739841461, "prnt": false}
{"event": "training_step", "timestamp": 1782391164.920705, "step": 878, "max_steps": 938, "loss": 5.302402019500732, "lr": 6.021507194568822e-06, "elapsed_time": 828.9718279838562, "prnt": false}
{"event": "training_step", "timestamp": 1782391165.7055202, "step": 879, "max_steps": 938, "loss": 5.381174087524414, "lr": 5.820574136360875e-06, "elapsed_time": 829.7566421031952, "prnt": false}
{"event": "training_step", "timestamp": 1782391166.549829, "step": 880, "max_steps": 938, "loss": 5.304741382598877, "lr": 5.6230227806821015e-06, "elapsed_time": 830.6009521484375, "prnt": false}
{"event": "validation_step", "timestamp": 1782391170.307863, "step": 880, "max_steps": 938, "loss": 1.2336912088743939, "elapsed_time": 830.6009521484375}
{"event": "training_step", "timestamp": 1782391171.121435, "step": 881, "max_steps": 938, "loss": 5.293784141540527, "lr": 5.4288558633590966e-06, "elapsed_time": 835.1725580692291, "prnt": false}
{"event": "training_step", "timestamp": 1782391172.0221949, "step": 882, "max_steps": 938, "loss": 5.335197448730469, "lr": 5.238076073348352e-06, "elapsed_time": 836.0733172893524, "prnt": false}
{"event": "training_step", "timestamp": 1782391172.9662652, "step": 883, "max_steps": 938, "loss": 5.345370292663574, "lr": 5.050686052699178e-06, "elapsed_time": 837.0173881053925, "prnt": false}
{"event": "training_step", "timestamp": 1782391173.851052, "step": 884, "max_steps": 938, "loss": 5.290848255157471, "lr": 4.866688396517062e-06, "elapsed_time": 837.902174949646, "prnt": false}
{"event": "training_step", "timestamp": 1782391174.755393, "step": 885, "max_steps": 938, "loss": 5.320003509521484, "lr": 4.686085652927565e-06, "elapsed_time": 838.8065159320831, "prnt": false}
{"event": "training_step", "timestamp": 1782391175.7135518, "step": 886, "max_steps": 938, "loss": 5.243380069732666, "lr": 4.508880323041324e-06, "elapsed_time": 839.7646760940552, "prnt": false}
{"event": "training_step", "timestamp": 1782391176.511602, "step": 887, "max_steps": 938, "loss": 5.332016468048096, "lr": 4.335074860919157e-06, "elapsed_time": 840.5627250671387, "prnt": false}
{"event": "training_step", "timestamp": 1782391177.280406, "step": 888, "max_steps": 938, "loss": 5.286679267883301, "lr": 4.16467167353824e-06, "elapsed_time": 841.3315300941467, "prnt": false}
{"event": "training_step", "timestamp": 1782391178.189409, "step": 889, "max_steps": 938, "loss": 5.321471214294434, "lr": 3.997673120758739e-06, "elapsed_time": 842.2405319213867, "prnt": false}
{"event": "training_step", "timestamp": 1782391179.046587, "step": 890, "max_steps": 938, "loss": 5.3351311683654785, "lr": 3.8340815152910086e-06, "elapsed_time": 843.0977101325989, "prnt": false}
{"event": "training_step", "timestamp": 1782391179.838198, "step": 891, "max_steps": 938, "loss": 5.314048767089844, "lr": 3.6738991226637258e-06, "elapsed_time": 843.8893210887909, "prnt": false}
{"event": "training_step", "timestamp": 1782391180.6151402, "step": 892, "max_steps": 938, "loss": 5.267352104187012, "lr": 3.517128161192505e-06, "elapsed_time": 844.6662631034851, "prnt": false}
{"event": "training_step", "timestamp": 1782391181.5961442, "step": 893, "max_steps": 938, "loss": 5.257407188415527, "lr": 3.36377080194903e-06, "elapsed_time": 845.6472680568695, "prnt": false}
{"event": "training_step", "timestamp": 1782391182.392653, "step": 894, "max_steps": 938, "loss": 5.320981502532959, "lr": 3.2138291687311097e-06, "elapsed_time": 846.4437761306763, "prnt": false}
{"event": "training_step", "timestamp": 1782391183.2094421, "step": 895, "max_steps": 938, "loss": 5.267817974090576, "lr": 3.067305338033258e-06, "elapsed_time": 847.2605650424957, "prnt": false}
{"event": "training_step", "timestamp": 1782391184.1176782, "step": 896, "max_steps": 938, "loss": 5.271778106689453, "lr": 2.9242013390178828e-06, "elapsed_time": 848.1688010692596, "prnt": false}
{"event": "training_step", "timestamp": 1782391185.0052779, "step": 897, "max_steps": 938, "loss": 5.273701190948486, "lr": 2.7845191534872855e-06, "elapsed_time": 849.056401014328, "prnt": false}
{"event": "training_step", "timestamp": 1782391185.831059, "step": 898, "max_steps": 938, "loss": 5.284283638000488, "lr": 2.648260715856069e-06, "elapsed_time": 849.8821818828583, "prnt": false}
{"event": "training_step", "timestamp": 1782391186.648017, "step": 899, "max_steps": 938, "loss": 5.2514543533325195, "lr": 2.5154279131244685e-06, "elapsed_time": 850.6991410255432, "prnt": false}
{"event": "training_step", "timestamp": 1782391187.571081, "step": 900, "max_steps": 938, "loss": 5.4051713943481445, "lr": 2.3860225848522052e-06, "elapsed_time": 851.6222050189972, "prnt": false}
{"event": "training_step", "timestamp": 1782391188.36926, "step": 901, "max_steps": 938, "loss": 5.308610916137695, "lr": 2.260046523132925e-06, "elapsed_time": 852.420382976532, "prnt": false}
{"event": "training_step", "timestamp": 1782391189.1918871, "step": 902, "max_steps": 938, "loss": 5.283647537231445, "lr": 2.137501472569471e-06, "elapsed_time": 853.2430100440979, "prnt": false}
{"event": "training_step", "timestamp": 1782391190.120607, "step": 903, "max_steps": 938, "loss": 5.354063034057617, "lr": 2.0183891302497047e-06, "elapsed_time": 854.1717300415039, "prnt": false}
{"event": "training_step", "timestamp": 1782391191.08016, "step": 904, "max_steps": 938, "loss": 5.317129135131836, "lr": 1.9027111457229753e-06, "elapsed_time": 855.1312830448151, "prnt": false}
{"event": "training_step", "timestamp": 1782391191.9691148, "step": 905, "max_steps": 938, "loss": 5.31840181350708, "lr": 1.7904691209773029e-06, "elapsed_time": 856.020238161087, "prnt": false}
{"event": "training_step", "timestamp": 1782391192.915294, "step": 906, "max_steps": 938, "loss": 5.288790225982666, "lr": 1.681664610417147e-06, "elapsed_time": 856.9664168357849, "prnt": false}
{"event": "training_step", "timestamp": 1782391193.8380458, "step": 907, "max_steps": 938, "loss": 5.370896339416504, "lr": 1.5762991208419823e-06, "elapsed_time": 857.8891680240631, "prnt": false}
{"event": "training_step", "timestamp": 1782391194.686819, "step": 908, "max_steps": 938, "loss": 5.291621685028076, "lr": 1.474374111425285e-06, "elapsed_time": 858.7379419803619, "prnt": false}
{"event": "training_step", "timestamp": 1782391195.607589, "step": 909, "max_steps": 938, "loss": 5.304199695587158, "lr": 1.3758909936944424e-06, "elapsed_time": 859.6587121486664, "prnt": false}
{"event": "training_step", "timestamp": 1782391196.3911412, "step": 910, "max_steps": 938, "loss": 5.315647125244141, "lr": 1.2808511315112104e-06, "elapsed_time": 860.4422640800476, "prnt": false}
{"event": "training_step", "timestamp": 1782391197.179359, "step": 911, "max_steps": 938, "loss": 5.351756572723389, "lr": 1.1892558410526763e-06, "elapsed_time": 861.2304818630219, "prnt": false}
{"event": "training_step", "timestamp": 1782391198.024888, "step": 912, "max_steps": 938, "loss": 5.279496669769287, "lr": 1.1011063907932455e-06, "elapsed_time": 862.0760099887848, "prnt": false}
{"event": "training_step", "timestamp": 1782391198.9561448, "step": 913, "max_steps": 938, "loss": 5.343508720397949, "lr": 1.0164040014869054e-06, "elapsed_time": 863.0072681903839, "prnt": false}
{"event": "training_step", "timestamp": 1782391199.777674, "step": 914, "max_steps": 938, "loss": 5.296653747558594, "lr": 9.351498461503798e-07, "elapsed_time": 863.8287971019745, "prnt": false}
{"event": "training_step", "timestamp": 1782391200.701961, "step": 915, "max_steps": 938, "loss": 5.305110454559326, "lr": 8.573450500469198e-07, "elapsed_time": 864.7530839443207, "prnt": false}
{"event": "training_step", "timestamp": 1782391201.574642, "step": 916, "max_steps": 938, "loss": 5.30448055267334, "lr": 7.829906906706775e-07, "elapsed_time": 865.625764131546, "prnt": false}
{"event": "training_step", "timestamp": 1782391202.555373, "step": 917, "max_steps": 938, "loss": 5.216024398803711, "lr": 7.120877977317471e-07, "elapsed_time": 866.6064960956573, "prnt": false}
{"event": "training_step", "timestamp": 1782391203.452876, "step": 918, "max_steps": 938, "loss": 5.3540520668029785, "lr": 6.446373531420101e-07, "elapsed_time": 867.503998041153, "prnt": false}
{"event": "training_step", "timestamp": 1782391204.368994, "step": 919, "max_steps": 938, "loss": 5.349128723144531, "lr": 5.806402910014238e-07, "elapsed_time": 868.4201171398163, "prnt": false}
{"event": "training_step", "timestamp": 1782391205.2487528, "step": 920, "max_steps": 938, "loss": 5.28774356842041, "lr": 5.200974975852275e-07, "elapsed_time": 869.2998762130737, "prnt": false}
{"event": "training_step", "timestamp": 1782391206.061858, "step": 921, "max_steps": 938, "loss": 5.302298069000244, "lr": 4.63009811331452e-07, "elapsed_time": 870.1129810810089, "prnt": false}
{"event": "training_step", "timestamp": 1782391206.898682, "step": 922, "max_steps": 938, "loss": 5.337735176086426, "lr": 4.0937802282951355e-07, "elapsed_time": 870.949805021286, "prnt": false}
{"event": "training_step", "timestamp": 1782391207.8004649, "step": 923, "max_steps": 938, "loss": 5.280162811279297, "lr": 3.5920287480922223e-07, "elapsed_time": 871.8515882492065, "prnt": false}
{"event": "training_step", "timestamp": 1782391208.628093, "step": 924, "max_steps": 938, "loss": 5.326077938079834, "lr": 3.124850621303745e-07, "elapsed_time": 872.6792159080505, "prnt": false}
{"event": "validation_step", "timestamp": 1782391212.517021, "step": 924, "max_steps": 938, "loss": 1.2336166089514518, "elapsed_time": 872.6792159080505}
{"event": "training_step", "timestamp": 1782391213.3356428, "step": 925, "max_steps": 938, "loss": 5.297130584716797, "lr": 2.6922523177328867e-07, "elapsed_time": 877.3867661952972, "prnt": false}
{"event": "training_step", "timestamp": 1782391214.163934, "step": 926, "max_steps": 938, "loss": 5.267969608306885, "lr": 2.2942398282970164e-07, "elapsed_time": 878.2150568962097, "prnt": false}
{"event": "training_step", "timestamp": 1782391215.01106, "step": 927, "max_steps": 938, "loss": 5.244935989379883, "lr": 1.9308186649463672e-07, "elapsed_time": 879.0621840953827, "prnt": false}
{"event": "training_step", "timestamp": 1782391215.976853, "step": 928, "max_steps": 938, "loss": 5.315683364868164, "lr": 1.6019938605860464e-07, "elapsed_time": 880.0279760360718, "prnt": false}
{"event": "training_step", "timestamp": 1782391216.7810051, "step": 929, "max_steps": 938, "loss": 5.306496620178223, "lr": 1.3077699690072043e-07, "elapsed_time": 880.8321290016174, "prnt": false}
{"event": "training_step", "timestamp": 1782391217.555727, "step": 930, "max_steps": 938, "loss": 5.286264419555664, "lr": 1.0481510648240328e-07, "elapsed_time": 881.606849193573, "prnt": false}
{"event": "training_step", "timestamp": 1782391218.429013, "step": 931, "max_steps": 938, "loss": 5.344760894775391, "lr": 8.231407434171441e-08, "elapsed_time": 882.4801349639893, "prnt": false}
{"event": "training_step", "timestamp": 1782391219.2844422, "step": 932, "max_steps": 938, "loss": 5.299308776855469, "lr": 6.327421208833372e-08, "elapsed_time": 883.3355641365051, "prnt": false}
{"event": "training_step", "timestamp": 1782391220.091439, "step": 933, "max_steps": 938, "loss": 5.322928428649902, "lr": 4.769578339936873e-08, "elapsed_time": 884.1425611972809, "prnt": false}
{"event": "training_step", "timestamp": 1782391220.93485, "step": 934, "max_steps": 938, "loss": 5.366592884063721, "lr": 3.557900401558005e-08, "elapsed_time": 884.9859731197357, "prnt": false}
{"event": "training_step", "timestamp": 1782391221.9103072, "step": 935, "max_steps": 938, "loss": 5.294240951538086, "lr": 2.692404173838386e-08, "elapsed_time": 885.9614300727844, "prnt": false}
{"event": "training_step", "timestamp": 1782391222.71489, "step": 936, "max_steps": 938, "loss": 5.332724571228027, "lr": 2.1731016427659308e-08, "elapsed_time": 886.7660129070282, "prnt": false}
{"event": "training_step", "timestamp": 1782391223.532692, "step": 937, "max_steps": 938, "loss": 5.2871599197387695, "lr": 2e-08, "elapsed_time": 887.5838148593903, "prnt": false}
{"event": "training_step", "timestamp": 1782391224.4862819, "step": 938, "max_steps": 938, "loss": 5.31483793258667, "lr": 2.1731016427659308e-08, "elapsed_time": 888.5374050140381, "prnt": false}
{"event": "validation_step", "timestamp": 1782391228.237949, "step": 938, "max_steps": 938, "loss": 1.2336133645212668, "elapsed_time": 888.5374050140381}
